날짜,코스피수익률표준편차(1~5),코스피수익률표준편차(6~10),코스피수익률표준편차(11~15),코스피수익률표준편차(16~20)
2014-12-30,,,,
2015-01-02,0.010973693938778374,,,
2015-01-05,0.010973693938778374,,,
2015-01-06,0.010973693938778374,,,
2015-01-07,0.010973693938778374,,,
2015-01-08,0.010973693938778374,,,
2015-01-09,,0.005404653157878119,,
2015-01-12,,0.005404653157878119,,
2015-01-13,,0.005404653157878119,,
2015-01-14,,0.005404653157878119,,
2015-01-15,,0.005404653157878119,,
2015-01-16,,,0.008821188736148447,
2015-01-19,,,0.008821188736148447,
2015-01-20,,,0.008821188736148447,
2015-01-21,,,0.008821188736148447,
2015-01-22,,,0.008821188736148447,
2015-01-23,,,,0.005909350742516859
2015-01-26,,,,0.005909350742516859
2015-01-27,,,,0.005909350742516859
2015-01-28,,,,0.005909350742516859
2015-01-29,,,,0.005909350742516859
2015-01-30,,,,
2015-02-02,0.0038562650086279232,,,
2015-02-03,0.0038562650086279232,,,
2015-02-04,0.0038562650086279232,,,
2015-02-05,0.0038562650086279232,,,
2015-02-06,0.0038562650086279232,,,
2015-02-09,,0.006093090004134041,,
2015-02-10,,0.006093090004134041,,
2015-02-11,,0.006093090004134041,,
2015-02-12,,0.006093090004134041,,
2015-02-13,,0.006093090004134041,,
2015-02-16,,,0.0026192603663849133,
2015-02-17,,,0.0026192603663849133,
2015-02-23,,,0.0026192603663849133,
2015-02-24,,,0.0026192603663849133,
2015-02-25,,,0.0026192603663849133,
2015-02-26,,,,0.0035099976108107227
2015-02-27,,,,0.0035099976108107227
2015-03-02,0.0036860220815105984,,,
2015-03-03,0.0036860220815105984,,,
2015-03-04,0.0036860220815105984,,,
2015-03-05,0.0036860220815105984,,,
2015-03-06,0.0036860220815105984,,,
2015-03-09,,0.006520451847056977,,
2015-03-10,,0.006520451847056977,,
2015-03-11,,0.006520451847056977,,
2015-03-12,,0.006520451847056977,,
2015-03-13,,0.006520451847056977,,
2015-03-16,,,0.009335931297578827,
2015-03-17,,,0.009335931297578827,
2015-03-18,,,0.009335931297578827,
2015-03-19,,,0.009335931297578827,
2015-03-20,,,0.009335931297578827,
2015-03-23,,,,0.004786286075534308
2015-03-24,,,,0.004786286075534308
2015-03-25,,,,0.004786286075534308
2015-03-26,,,,0.004786286075534308
2015-03-27,,,,0.004786286075534308
2015-03-30,,,,
2015-03-31,,,,
2015-04-01,0.005038790661198776,,,
2015-04-02,0.005038790661198776,,,
2015-04-03,0.005038790661198776,,,
2015-04-06,0.005038790661198776,,,
2015-04-07,0.005038790661198776,,,
2015-04-08,,0.005073013192476366,,
2015-04-09,,0.005073013192476366,,
2015-04-10,,0.005073013192476366,,
2015-04-13,,0.005073013192476366,,
2015-04-14,,0.005073013192476366,,
2015-04-15,,,0.003903137402935889,
2015-04-16,,,0.003903137402935889,
2015-04-17,,,0.003903137402935889,
2015-04-20,,,0.003903137402935889,
2015-04-21,,,0.003903137402935889,
2015-04-22,,,,0.007914810406476515
2015-04-23,,,,0.007914810406476515
2015-04-24,,,,0.007914810406476515
2015-04-27,,,,0.007914810406476515
2015-04-28,,,,0.007914810406476515
2015-04-29,,,,
2015-04-30,,,,
2015-05-04,0.007341664738626501,,,
2015-05-06,0.007341664738626501,,,
2015-05-07,0.007341664738626501,,,
2015-05-08,0.007341664738626501,,,
2015-05-11,0.007341664738626501,,,
2015-05-12,,0.0054641796290494675,,
2015-05-13,,0.0054641796290494675,,
2015-05-14,,0.0054641796290494675,,
2015-05-15,,0.0054641796290494675,,
2015-05-18,,0.0054641796290494675,,
2015-05-19,,,0.00761758551637887,
2015-05-20,,,0.00761758551637887,
2015-05-21,,,0.00761758551637887,
2015-05-22,,,0.00761758551637887,
2015-05-26,,,0.00761758551637887,
2015-05-27,,,,0.010696328455901306
2015-05-28,,,,0.010696328455901306
2015-05-29,,,,0.010696328455901306
2015-06-01,0.00604478313606535,,,
2015-06-02,0.00604478313606535,,,
2015-06-03,0.00604478313606535,,,
2015-06-04,0.00604478313606535,,,
2015-06-05,0.00604478313606535,,,
2015-06-08,,0.003148297400393013,,
2015-06-09,,0.003148297400393013,,
2015-06-10,,0.003148297400393013,,
2015-06-11,,0.003148297400393013,,
2015-06-12,,0.003148297400393013,,
2015-06-15,,,0.004831878278219633,
2015-06-16,,,0.004831878278219633,
2015-06-17,,,0.004831878278219633,
2015-06-18,,,0.004831878278219633,
2015-06-19,,,0.004831878278219633,
2015-06-22,,,,0.004969263806257442
2015-06-23,,,,0.004969263806257442
2015-06-24,,,,0.004969263806257442
2015-06-25,,,,0.004969263806257442
2015-06-26,,,,0.004969263806257442
2015-06-29,,,,
2015-06-30,,,,
2015-07-01,0.01341945737613906,,,
2015-07-02,0.01341945737613906,,,
2015-07-03,0.01341945737613906,,,
2015-07-06,0.01341945737613906,,,
2015-07-07,0.01341945737613906,,,
2015-07-08,,0.00977011321141376,,
2015-07-09,,0.00977011321141376,,
2015-07-10,,0.00977011321141376,,
2015-07-13,,0.00977011321141376,,
2015-07-14,,0.00977011321141376,,
2015-07-15,,,0.005569307963139539,
2015-07-16,,,0.005569307963139539,
2015-07-17,,,0.005569307963139539,
2015-07-20,,,0.005569307963139539,
2015-07-21,,,0.005569307963139539,
2015-07-22,,,,0.0046789675317586155
2015-07-23,,,,0.0046789675317586155
2015-07-24,,,,0.0046789675317586155
2015-07-27,,,,0.0046789675317586155
2015-07-28,,,,0.0046789675317586155
2015-07-29,,,,
2015-07-30,,,,
2015-07-31,,,,
2015-08-03,0.008034102076139723,,,
2015-08-04,0.008034102076139723,,,
2015-08-05,0.008034102076139723,,,
2015-08-06,0.008034102076139723,,,
2015-08-07,0.008034102076139723,,,
2015-08-10,,0.004948823520937624,,
2015-08-11,,0.004948823520937624,,
2015-08-12,,0.004948823520937624,,
2015-08-13,,0.004948823520937624,,
2015-08-17,,0.004948823520937624,,
2015-08-18,,,0.007750885557068921,
2015-08-19,,,0.007750885557068921,
2015-08-20,,,0.007750885557068921,
2015-08-21,,,0.007750885557068921,
2015-08-24,,,0.007750885557068921,
2015-08-25,,,,0.009089031371179656
2015-08-26,,,,0.009089031371179656
2015-08-27,,,,0.009089031371179656
2015-08-28,,,,0.009089031371179656
2015-08-31,,,,0.009089031371179656
2015-09-01,0.007963144257733007,,,
2015-09-02,0.007963144257733007,,,
2015-09-03,0.007963144257733007,,,
2015-09-04,0.007963144257733007,,,
2015-09-07,0.007963144257733007,,,
2015-09-08,,0.01651551167236993,,
2015-09-09,,0.01651551167236993,,
2015-09-10,,0.01651551167236993,,
2015-09-11,,0.01651551167236993,,
2015-09-14,,0.01651551167236993,,
2015-09-15,,,0.01298430768910485,
2015-09-16,,,0.01298430768910485,
2015-09-17,,,0.01298430768910485,
2015-09-18,,,0.01298430768910485,
2015-09-21,,,0.01298430768910485,
2015-09-22,,,,0.011688717723038356
2015-09-23,,,,0.011688717723038356
2015-09-24,,,,0.011688717723038356
2015-09-25,,,,0.011688717723038356
2015-09-30,,,,0.011688717723038356
2015-10-01,0.005384048878691183,,,
2015-10-02,0.005384048878691183,,,
2015-10-05,0.005384048878691183,,,
2015-10-06,0.005384048878691183,,,
2015-10-07,0.005384048878691183,,,
2015-10-08,,0.006581952960566527,,
2015-10-12,,0.006581952960566527,,
2015-10-13,,0.006581952960566527,,
2015-10-14,,0.006581952960566527,,
2015-10-15,,0.006581952960566527,,
2015-10-16,,,0.005385795969118177,
2015-10-19,,,0.005385795969118177,
2015-10-20,,,0.005385795969118177,
2015-10-21,,,0.005385795969118177,
2015-10-22,,,0.005385795969118177,
2015-10-23,,,,0.005064239647363773
2015-10-26,,,,0.005064239647363773
2015-10-27,,,,0.005064239647363773
2015-10-28,,,,0.005064239647363773
2015-10-29,,,,0.005064239647363773
2015-10-30,,,,
2015-11-02,0.004095830207704833,,,
2015-11-03,0.004095830207704833,,,
2015-11-04,0.004095830207704833,,,
2015-11-05,0.004095830207704833,,,
2015-11-06,0.004095830207704833,,,
2015-11-09,,0.005977622878832398,,
2015-11-10,,0.005977622878832398,,
2015-11-11,,0.005977622878832398,,
2015-11-12,,0.005977622878832398,,
2015-11-13,,0.005977622878832398,,
2015-11-16,,,0.01127627239648711,
2015-11-17,,,0.01127627239648711,
2015-11-18,,,0.01127627239648711,
2015-11-19,,,0.01127627239648711,
2015-11-20,,,0.01127627239648711,
2015-11-23,,,,0.005818685383189436
2015-11-24,,,,0.005818685383189436
2015-11-25,,,,0.005818685383189436
2015-11-26,,,,0.005818685383189436
2015-11-27,,,,0.005818685383189436
2015-11-30,,,,
2015-12-01,0.010658449483703893,,,
2015-12-02,0.010658449483703893,,,
2015-12-03,0.010658449483703893,,,
2015-12-04,0.010658449483703893,,,
2015-12-07,0.010658449483703893,,,
2015-12-08,,0.005228713642662447,,
2015-12-09,,0.005228713642662447,,
2015-12-10,,0.005228713642662447,,
2015-12-11,,0.005228713642662447,,
2015-12-14,,0.005228713642662447,,
2015-12-15,,,0.007755161259823676,
2015-12-16,,,0.007755161259823676,
2015-12-17,,,0.007755161259823676,
2015-12-18,,,0.007755161259823676,
2015-12-21,,,0.007755161259823676,
2015-12-22,,,,0.007602865329753915
2015-12-23,,,,0.007602865329753915
2015-12-24,,,,0.007602865329753915
2015-12-28,,,,0.007602865329753915
2015-12-29,,,,0.007602865329753915
2015-12-30,,,,
2016-01-04,0.012100129542464371,,,
2016-01-05,0.012100129542464371,,,
2016-01-06,0.012100129542464371,,,
2016-01-07,0.012100129542464371,,,
2016-01-08,0.012100129542464371,,,
2016-01-11,,0.010498979574455457,,
2016-01-12,,0.010498979574455457,,
2016-01-13,,0.010498979574455457,,
2016-01-14,,0.010498979574455457,,
2016-01-15,,0.010498979574455457,,
2016-01-18,,,0.01609413680494571,
2016-01-19,,,0.01609413680494571,
2016-01-20,,,0.01609413680494571,
2016-01-21,,,0.01609413680494571,
2016-01-22,,,0.01609413680494571,
2016-01-25,,,,0.009385272591893125
2016-01-26,,,,0.009385272591893125
2016-01-27,,,,0.009385272591893125
2016-01-28,,,,0.009385272591893125
2016-01-29,,,,0.009385272591893125
2016-02-01,0.009830057194048619,,,
2016-02-02,0.009830057194048619,,,
2016-02-03,0.009830057194048619,,,
2016-02-04,0.009830057194048619,,,
2016-02-05,0.009830057194048619,,,
2016-02-11,,0.01882803444274606,,
2016-02-12,,0.01882803444274606,,
2016-02-15,,0.01882803444274606,,
2016-02-16,,0.01882803444274606,,
2016-02-17,,0.01882803444274606,,
2016-02-18,,,0.006037434400289454,
2016-02-19,,,0.006037434400289454,
2016-02-22,,,0.006037434400289454,
2016-02-23,,,0.006037434400289454,
2016-02-24,,,0.006037434400289454,
2016-02-25,,,,0.002492178064845781
2016-02-26,,,,0.002492178064845781
2016-02-29,,,,0.002492178064845781
2016-03-02,0.008359377301028231,,,
2016-03-03,0.008359377301028231,,,
2016-03-04,0.008359377301028231,,,
2016-03-07,0.008359377301028231,,,
2016-03-08,0.008359377301028231,,,
2016-03-09,,0.0037231966883646286,,
2016-03-10,,0.0037231966883646286,,
2016-03-11,,0.0037231966883646286,,
2016-03-14,,0.0037231966883646286,,
2016-03-15,,0.0037231966883646286,,
2016-03-16,,,0.0028132623098899284,
2016-03-17,,,0.0028132623098899284,
2016-03-18,,,0.0028132623098899284,
2016-03-21,,,0.0028132623098899284,
2016-03-22,,,0.0028132623098899284,
2016-03-23,,,,0.003940292183319
2016-03-24,,,,0.003940292183319
2016-03-25,,,,0.003940292183319
2016-03-28,,,,0.003940292183319
2016-03-29,,,,0.003940292183319
2016-03-30,,,,
2016-03-31,,,,
2016-04-01,0.007003178833585942,,,
2016-04-04,0.007003178833585942,,,
2016-04-05,0.007003178833585942,,,
2016-04-06,0.007003178833585942,,,
2016-04-07,0.007003178833585942,,,
2016-04-08,,0.007950006600900759,,
2016-04-11,,0.007950006600900759,,
2016-04-12,,0.007950006600900759,,
2016-04-14,,0.007950006600900759,,
2016-04-15,,0.007950006600900759,,
2016-04-18,,,0.004822346380793806,
2016-04-19,,,0.004822346380793806,
2016-04-20,,,0.004822346380793806,
2016-04-21,,,0.004822346380793806,
2016-04-22,,,0.004822346380793806,
2016-04-25,,,,0.0035878149594598748
2016-04-26,,,,0.0035878149594598748
2016-04-27,,,,0.0035878149594598748
2016-04-28,,,,0.0035878149594598748
2016-04-29,,,,0.0035878149594598748
2016-05-02,0.00661443477673127,,,
2016-05-03,0.00661443477673127,,,
2016-05-04,0.00661443477673127,,,
2016-05-09,0.00661443477673127,,,
2016-05-10,0.00661443477673127,,,
2016-05-11,,0.002290146079163576,,
2016-05-12,,0.002290146079163576,,
2016-05-13,,0.002290146079163576,,
2016-05-16,,0.002290146079163576,,
2016-05-17,,0.002290146079163576,,
2016-05-18,,,0.005176494018915186,
2016-05-19,,,0.005176494018915186,
2016-05-20,,,0.005176494018915186,
2016-05-23,,,0.005176494018915186,
2016-05-24,,,0.005176494018915186,
2016-05-25,,,,0.005910814591566789
2016-05-26,,,,0.005910814591566789
2016-05-27,,,,0.005910814591566789
2016-05-30,,,,0.005910814591566789
2016-05-31,,,,0.005910814591566789
2016-06-01,0.005776099288477617,,,
2016-06-02,0.005776099288477617,,,
2016-06-03,0.005776099288477617,,,
2016-06-07,0.005776099288477617,,,
2016-06-08,0.005776099288477617,,,
2016-06-09,,0.0075079848955238735,,
2016-06-10,,0.0075079848955238735,,
2016-06-13,,0.0075079848955238735,,
2016-06-14,,0.0075079848955238735,,
2016-06-15,,0.0075079848955238735,,
2016-06-16,,,0.008231722719402321,
2016-06-17,,,0.008231722719402321,
2016-06-20,,,0.008231722719402321,
2016-06-21,,,0.008231722719402321,
2016-06-22,,,0.008231722719402321,
2016-06-23,,,,0.01608784733016948
2016-06-24,,,,0.01608784733016948
2016-06-27,,,,0.01608784733016948
2016-06-28,,,,0.01608784733016948
2016-06-29,,,,0.01608784733016948
2016-06-30,,,,
2016-07-01,0.011754896127309756,,,
2016-07-04,0.011754896127309756,,,
2016-07-05,0.011754896127309756,,,
2016-07-06,0.011754896127309756,,,
2016-07-07,0.011754896127309756,,,
2016-07-08,,0.0069538207293576935,,
2016-07-11,,0.0069538207293576935,,
2016-07-12,,0.0069538207293576935,,
2016-07-13,,0.0069538207293576935,,
2016-07-14,,0.0069538207293576935,,
2016-07-15,,,0.002662385727576951,
2016-07-18,,,0.002662385727576951,
2016-07-19,,,0.002662385727576951,
2016-07-20,,,0.002662385727576951,
2016-07-21,,,0.002662385727576951,
2016-07-22,,,,0.0038308683904853744
2016-07-25,,,,0.0038308683904853744
2016-07-26,,,,0.0038308683904853744
2016-07-27,,,,0.0038308683904853744
2016-07-28,,,,0.0038308683904853744
2016-07-29,,,,
2016-08-01,0.008696234852282636,,,
2016-08-02,0.008696234852282636,,,
2016-08-03,0.008696234852282636,,,
2016-08-04,0.008696234852282636,,,
2016-08-05,0.008696234852282636,,,
2016-08-08,,0.002960875692509764,,
2016-08-09,,0.002960875692509764,,
2016-08-10,,0.002960875692509764,,
2016-08-11,,0.002960875692509764,,
2016-08-12,,0.002960875692509764,,
2016-08-16,,,0.004535012437321335,
2016-08-17,,,0.004535012437321335,
2016-08-18,,,0.004535012437321335,
2016-08-19,,,0.004535012437321335,
2016-08-22,,,0.004535012437321335,
2016-08-23,,,,0.0028517733848612437
2016-08-24,,,,0.0028517733848612437
2016-08-25,,,,0.0028517733848612437
2016-08-26,,,,0.0028517733848612437
2016-08-29,,,,0.0028517733848612437
2016-08-30,,,,
2016-08-31,,,,
2016-09-01,0.005042011014668452,,,
2016-09-02,0.005042011014668452,,,
2016-09-05,0.005042011014668452,,,
2016-09-06,0.005042011014668452,,,
2016-09-07,0.005042011014668452,,,
2016-09-08,,0.012848243063195142,,
2016-09-09,,0.012848243063195142,,
2016-09-12,,0.012848243063195142,,
2016-09-13,,0.012848243063195142,,
2016-09-19,,0.012848243063195142,,
2016-09-20,,,0.003983569241629398,
2016-09-21,,,0.003983569241629398,
2016-09-22,,,0.003983569241629398,
2016-09-23,,,0.003983569241629398,
2016-09-26,,,0.003983569241629398,
2016-09-27,,,,0.009763009703907394
2016-09-28,,,,0.009763009703907394
2016-09-29,,,,0.009763009703907394
2016-09-30,,,,0.009763009703907394
2016-10-04,0.004787239545404455,,,
2016-10-05,0.004787239545404455,,,
2016-10-06,0.004787239545404455,,,
2016-10-07,0.004787239545404455,,,
2016-10-10,0.004787239545404455,,,
2016-10-11,,0.00718882873229546,,
2016-10-12,,0.00718882873229546,,
2016-10-13,,0.00718882873229546,,
2016-10-14,,0.00718882873229546,,
2016-10-17,,0.00718882873229546,,
2016-10-18,,,0.0046577034670699,
2016-10-19,,,0.0046577034670699,
2016-10-20,,,0.0046577034670699,
2016-10-21,,,0.0046577034670699,
2016-10-24,,,0.0046577034670699,
2016-10-25,,,,0.006002900423447449
2016-10-26,,,,0.006002900423447449
2016-10-27,,,,0.006002900423447449
2016-10-28,,,,0.006002900423447449
2016-10-31,,,,0.006002900423447449
2016-11-01,0.008126518177177742,,,
2016-11-02,0.008126518177177742,,,
2016-11-03,0.008126518177177742,,,
2016-11-04,0.008126518177177742,,,
2016-11-07,0.008126518177177742,,,
2016-11-08,,0.016628476276001624,,
2016-11-09,,0.016628476276001624,,
2016-11-10,,0.016628476276001624,,
2016-11-11,,0.016628476276001624,,
2016-11-14,,0.016628476276001624,,
2016-11-15,,,0.004315110467788765,
2016-11-16,,,0.004315110467788765,
2016-11-17,,,0.004315110467788765,
2016-11-18,,,0.004315110467788765,
2016-11-21,,,0.004315110467788765,
2016-11-22,,,,0.006174190181835576
2016-11-23,,,,0.006174190181835576
2016-11-24,,,,0.006174190181835576
2016-11-25,,,,0.006174190181835576
2016-11-28,,,,0.006174190181835576
2016-11-29,,,,
2016-11-30,,,,
2016-12-01,0.007695134343832285,,,
2016-12-02,0.007695134343832285,,,
2016-12-05,0.007695134343832285,,,
2016-12-06,0.007695134343832285,,,
2016-12-07,0.007695134343832285,,,
2016-12-08,,0.00888190533713953,,
2016-12-09,,0.00888190533713953,,
2016-12-12,,0.00888190533713953,,
2016-12-13,,0.00888190533713953,,
2016-12-14,,0.00888190533713953,,
2016-12-15,,,0.002113762672860186,
2016-12-16,,,0.002113762672860186,
2016-12-19,,,0.002113762672860186,
2016-12-20,,,0.002113762672860186,
2016-12-21,,,0.002113762672860186,
2016-12-22,,,,0.004271991878833144
2016-12-23,,,,0.004271991878833144
2016-12-26,,,,0.004271991878833144
2016-12-27,,,,0.004271991878833144
2016-12-28,,,,0.004271991878833144
2016-12-29,,,,
2017-01-02,0.004141229572625053,,,
2017-01-03,0.004141229572625053,,,
2017-01-04,0.004141229572625053,,,
2017-01-05,0.004141229572625053,,,
2017-01-06,0.004141229572625053,,,
2017-01-09,,0.007750139660619683,,
2017-01-10,,0.007750139660619683,,
2017-01-11,,0.007750139660619683,,
2017-01-12,,0.007750139660619683,,
2017-01-13,,0.007750139660619683,,
2017-01-16,,,0.003829988237625863,
2017-01-17,,,0.003829988237625863,
2017-01-18,,,0.003829988237625863,
2017-01-19,,,0.003829988237625863,
2017-01-20,,,0.003829988237625863,
2017-01-23,,,,0.005571644666457325
2017-01-24,,,,0.005571644666457325
2017-01-25,,,,0.005571644666457325
2017-01-26,,,,0.005571644666457325
2017-01-31,,,,0.005571644666457325
2017-02-01,0.004003648331230725,,,
2017-02-02,0.004003648331230725,,,
2017-02-03,0.004003648331230725,,,
2017-02-06,0.004003648331230725,,,
2017-02-07,0.004003648331230725,,,
2017-02-08,,0.0035569246396678117,,
2017-02-09,,0.0035569246396678117,,
2017-02-10,,0.0035569246396678117,,
2017-02-13,,0.0035569246396678117,,
2017-02-14,,0.0035569246396678117,,
2017-02-15,,,0.004082760975911167,
2017-02-16,,,0.004082760975911167,
2017-02-17,,,0.004082760975911167,
2017-02-20,,,0.004082760975911167,
2017-02-21,,,0.004082760975911167,
2017-02-22,,,,0.004004421947557387
2017-02-23,,,,0.004004421947557387
2017-02-24,,,,0.004004421947557387
2017-02-27,,,,0.004004421947557387
2017-02-28,,,,0.004004421947557387
2017-03-02,0.006988516659662483,,,
2017-03-03,0.006988516659662483,,,
2017-03-06,0.006988516659662483,,,
2017-03-07,0.006988516659662483,,,
2017-03-08,0.006988516659662483,,,
2017-03-09,,0.005031414468400758,,
2017-03-10,,0.005031414468400758,,
2017-03-13,,0.005031414468400758,,
2017-03-14,,0.005031414468400758,,
2017-03-15,,0.005031414468400758,,
2017-03-16,,,0.006832287760527112,
2017-03-17,,,0.006832287760527112,
2017-03-20,,,0.006832287760527112,
2017-03-21,,,0.006832287760527112,
2017-03-22,,,0.006832287760527112,
2017-03-23,,,,0.0038767242250203073
2017-03-24,,,,0.0038767242250203073
2017-03-27,,,,0.0038767242250203073
2017-03-28,,,,0.0038767242250203073
2017-03-29,,,,0.0038767242250203073
2017-03-30,,,,
2017-03-31,,,,
2017-04-03,0.0027977829478878316,,,
2017-04-04,0.0027977829478878316,,,
2017-04-05,0.0027977829478878316,,,
2017-04-06,0.0027977829478878316,,,
2017-04-07,0.0027977829478878316,,,
2017-04-10,,0.0072979126719546214,,
2017-04-11,,0.0072979126719546214,,
2017-04-12,,0.0072979126719546214,,
2017-04-13,,0.0072979126719546214,,
2017-04-14,,0.0072979126719546214,,
2017-04-17,,,0.004737304350727384,
2017-04-18,,,0.004737304350727384,
2017-04-19,,,0.004737304350727384,
2017-04-20,,,0.004737304350727384,
2017-04-21,,,0.004737304350727384,
2017-04-24,,,,0.00471977784783389
2017-04-25,,,,0.00471977784783389
2017-04-26,,,,0.00471977784783389
2017-04-27,,,,0.00471977784783389
2017-04-28,,,,0.00471977784783389
2017-05-02,0.011853460304017668,,,
2017-05-04,0.011853460304017668,,,
2017-05-08,0.011853460304017668,,,
2017-05-10,0.011853460304017668,,,
2017-05-11,0.011853460304017668,,,
2017-05-12,,0.0028966032446838285,,
2017-05-15,,0.0028966032446838285,,
2017-05-16,,0.0028966032446838285,,
2017-05-17,,0.0028966032446838285,,
2017-05-18,,0.0028966032446838285,,
2017-05-19,,,0.004101674269028466,
2017-05-22,,,0.004101674269028466,
2017-05-23,,,0.004101674269028466,
2017-05-24,,,0.004101674269028466,
2017-05-25,,,0.004101674269028466,
2017-05-26,,,,0.003916295637337611
2017-05-29,,,,0.003916295637337611
2017-05-30,,,,0.003916295637337611
2017-05-31,,,,0.003916295637337611
2017-06-01,0.005959640246197927,,,
2017-06-02,0.005959640246197927,,,
2017-06-05,0.005959640246197927,,,
2017-06-07,0.005959640246197927,,,
2017-06-08,0.005959640246197927,,,
2017-06-09,,0.007613442706288943,,
2017-06-12,,0.007613442706288943,,
2017-06-13,,0.007613442706288943,,
2017-06-14,,0.007613442706288943,,
2017-06-15,,0.007613442706288943,,
2017-06-16,,,0.004078341655709288,
2017-06-19,,,0.004078341655709288,
2017-06-20,,,0.004078341655709288,
2017-06-21,,,0.004078341655709288,
2017-06-22,,,0.004078341655709288,
2017-06-23,,,,0.0037010607519670467
2017-06-26,,,,0.0037010607519670467
2017-06-27,,,,0.0037010607519670467
2017-06-28,,,,0.0037010607519670467
2017-06-29,,,,0.0037010607519670467
2017-06-30,,,,
2017-07-03,0.0036140866365780653,,,
2017-07-04,0.0036140866365780653,,,
2017-07-05,0.0036140866365780653,,,
2017-07-06,0.0036140866365780653,,,
2017-07-07,0.0036140866365780653,,,
2017-07-10,,0.00371319042439711,,
2017-07-11,,0.00371319042439711,,
2017-07-12,,0.00371319042439711,,
2017-07-13,,0.00371319042439711,,
2017-07-14,,0.00371319042439711,,
2017-07-17,,,0.0018874193364861371,
2017-07-18,,,0.0018874193364861371,
2017-07-19,,,0.0018874193364861371,
2017-07-20,,,0.0018874193364861371,
2017-07-21,,,0.0018874193364861371,
2017-07-24,,,,0.008049222189292243
2017-07-25,,,,0.008049222189292243
2017-07-26,,,,0.008049222189292243
2017-07-27,,,,0.008049222189292243
2017-07-28,,,,0.008049222189292243
2017-07-31,,,,
2017-08-01,0.009635613629409802,,,
2017-08-02,0.009635613629409802,,,
2017-08-03,0.009635613629409802,,,
2017-08-04,0.009635613629409802,,,
2017-08-07,0.009635613629409802,,,
2017-08-08,,0.008872154983824683,,
2017-08-09,,0.008872154983824683,,
2017-08-10,,0.008872154983824683,,
2017-08-11,,0.008872154983824683,,
2017-08-14,,0.008872154983824683,,
2017-08-16,,,0.003765737152742786,
2017-08-17,,,0.003765737152742786,
2017-08-18,,,0.003765737152742786,
2017-08-21,,,0.003765737152742786,
2017-08-22,,,0.003765737152742786,
2017-08-23,,,,0.0029490333646898233
2017-08-24,,,,0.0029490333646898233
2017-08-25,,,,0.0029490333646898233
2017-08-28,,,,0.0029490333646898233
2017-08-29,,,,0.0029490333646898233
2017-08-30,,,,
2017-08-31,,,,
2017-09-01,0.008311035633870397,,,
2017-09-04,0.008311035633870397,,,
2017-09-05,0.008311035633870397,,,
2017-09-06,0.008311035633870397,,,
2017-09-07,0.008311035633870397,,,
2017-09-08,,0.004343019320358698,,
2017-09-11,,0.004343019320358698,,
2017-09-12,,0.004343019320358698,,
2017-09-13,,0.004343019320358698,,
2017-09-14,,0.004343019320358698,,
2017-09-15,,,0.006582344940424737,
2017-09-18,,,0.006582344940424737,
2017-09-19,,,0.006582344940424737,
2017-09-20,,,0.006582344940424737,
2017-09-21,,,0.006582344940424737,
2017-09-22,,,,0.0029626752307393292
2017-09-25,,,,0.0029626752307393292
2017-09-26,,,,0.0029626752307393292
2017-09-27,,,,0.0029626752307393292
2017-09-28,,,,0.0029626752307393292
2017-09-29,,,,
2017-10-10,0.006576688287770697,,,
2017-10-11,0.006576688287770697,,,
2017-10-12,0.006576688287770697,,,
2017-10-13,0.006576688287770697,,,
2017-10-16,0.006576688287770697,,,
2017-10-17,,0.003881883334083058,,
2017-10-18,,0.003881883334083058,,
2017-10-19,,0.003881883334083058,,
2017-10-20,,0.003881883334083058,,
2017-10-23,,0.003881883334083058,,
2017-10-24,,,0.004027206471282272,
2017-10-25,,,0.004027206471282272,
2017-10-26,,,0.004027206471282272,
2017-10-27,,,0.004027206471282272,
2017-10-30,,,0.004027206471282272,
2017-10-31,,,,
2017-11-01,0.0071766490762988355,,,
2017-11-02,0.0071766490762988355,,,
2017-11-03,0.0071766490762988355,,,
2017-11-06,0.0071766490762988355,,,
2017-11-07,0.0071766490762988355,,,
2017-11-08,,0.002858768971270359,,
2017-11-09,,0.002858768971270359,,
2017-11-10,,0.002858768971270359,,
2017-11-13,,0.002858768971270359,,
2017-11-14,,0.002858768971270359,,
2017-11-15,,,0.003917501019908438,
2017-11-16,,,0.003917501019908438,
2017-11-17,,,0.003917501019908438,
2017-11-20,,,0.003917501019908438,
2017-11-21,,,0.003917501019908438,
2017-11-22,,,,0.0075667222827482195
2017-11-23,,,,0.0075667222827482195
2017-11-24,,,,0.0075667222827482195
2017-11-27,,,,0.0075667222827482195
2017-11-28,,,,0.0075667222827482195
2017-11-29,,,,
2017-11-30,,,,
2017-12-01,0.009295521754193256,,,
2017-12-04,0.009295521754193256,,,
2017-12-05,0.009295521754193256,,,
2017-12-06,0.009295521754193256,,,
2017-12-07,0.009295521754193256,,,
2017-12-08,,0.0052209154116768085,,
2017-12-11,,0.0052209154116768085,,
2017-12-12,,0.0052209154116768085,,
2017-12-13,,0.0052209154116768085,,
2017-12-14,,0.0052209154116768085,,
2017-12-15,,,0.008347503640885493,
2017-12-18,,,0.008347503640885493,
2017-12-19,,,0.008347503640885493,
2017-12-20,,,0.008347503640885493,
2017-12-21,,,0.008347503640885493,
2017-12-22,,,,0.007381133932715448
2017-12-26,,,,0.007381133932715448
2017-12-27,,,,0.007381133932715448
2017-12-28,,,,0.007381133932715448
2018-01-02,0.007504738752296615,,,
2018-01-03,0.007504738752296615,,,
2018-01-04,0.007504738752296615,,,
2018-01-05,0.007504738752296615,,,
2018-01-08,0.007504738752296615,,,
2018-01-09,,0.0038327304690987706,,
2018-01-10,,0.0038327304690987706,,
2018-01-11,,0.0038327304690987706,,
2018-01-12,,0.0038327304690987706,,
2018-01-15,,0.0038327304690987706,,
2018-01-16,,,0.005313888126926324,
2018-01-17,,,0.005313888126926324,
2018-01-18,,,0.005313888126926324,
2018-01-19,,,0.005313888126926324,
2018-01-22,,,0.005313888126926324,
2018-01-23,,,,0.005032425801651997
2018-01-24,,,,0.005032425801651997
2018-01-25,,,,0.005032425801651997
2018-01-26,,,,0.005032425801651997
2018-01-29,,,,0.005032425801651997
2018-01-30,,,,
2018-01-31,,,,
2018-02-01,0.008834152001985958,,,
2018-02-02,0.008834152001985958,,,
2018-02-05,0.008834152001985958,,,
2018-02-06,0.008834152001985958,,,
2018-02-07,0.008834152001985958,,,
2018-02-08,,0.01176830478467712,,
2018-02-09,,0.01176830478467712,,
2018-02-12,,0.01176830478467712,,
2018-02-13,,0.01176830478467712,,
2018-02-14,,0.01176830478467712,,
2018-02-19,,,0.011032614427570973,
2018-02-20,,,0.011032614427570973,
2018-02-21,,,0.011032614427570973,
2018-02-22,,,0.011032614427570973,
2018-02-23,,,0.011032614427570973,
2018-02-26,,,,0.00747368900952358
2018-02-27,,,,0.00747368900952358
2018-02-28,,,,0.00747368900952358
2018-03-02,0.012777554468546979,,,
2018-03-05,0.012777554468546979,,,
2018-03-06,0.012777554468546979,,,
2018-03-07,0.012777554468546979,,,
2018-03-08,0.012777554468546979,,,
2018-03-09,,0.0058332732536116455,,
2018-03-12,,0.0058332732536116455,,
2018-03-13,,0.0058332732536116455,,
2018-03-14,,0.0058332732536116455,,
2018-03-15,,0.0058332732536116455,,
2018-03-16,,,0.004883954397829654,
2018-03-19,,,0.004883954397829654,
2018-03-20,,,0.004883954397829654,
2018-03-21,,,0.004883954397829654,
2018-03-22,,,0.004883954397829654,
2018-03-23,,,,0.017569743489553778
2018-03-26,,,,0.017569743489553778
2018-03-27,,,,0.017569743489553778
2018-03-28,,,,0.017569743489553778
2018-03-29,,,,0.017569743489553778
2018-03-30,,,,
2018-04-02,0.009365430948053663,,,
2018-04-03,0.009365430948053663,,,
2018-04-04,0.009365430948053663,,,
2018-04-05,0.009365430948053663,,,
2018-04-06,0.009365430948053663,,,
2018-04-09,,0.003679741667069503,,
2018-04-10,,0.003679741667069503,,
2018-04-11,,0.003679741667069503,,
2018-04-12,,0.003679741667069503,,
2018-04-13,,0.003679741667069503,,
2018-04-16,,,0.005562899799226367,
2018-04-17,,,0.005562899799226367,
2018-04-18,,,0.005562899799226367,
2018-04-19,,,0.005562899799226367,
2018-04-20,,,0.005562899799226367,
2018-04-23,,,,0.007296640434470526
2018-04-24,,,,0.007296640434470526
2018-04-25,,,,0.007296640434470526
2018-04-26,,,,0.007296640434470526
2018-04-27,,,,0.007296640434470526
2018-04-30,,,,
2018-05-02,0.0031647054023382828,,,
2018-05-03,0.0031647054023382828,,,
2018-05-04,0.0031647054023382828,,,
2018-05-08,0.0031647054023382828,,,
2018-05-09,0.0031647054023382828,,,
2018-05-10,,0.005935340807090576,,
2018-05-11,,0.005935340807090576,,
2018-05-14,,0.005935340807090576,,
2018-05-15,,0.005935340807090576,,
2018-05-16,,0.005935340807090576,,
2018-05-17,,,0.003911691997950689,
2018-05-18,,,0.003911691997950689,
2018-05-21,,,0.003911691997950689,
2018-05-23,,,0.003911691997950689,
2018-05-24,,,0.003911691997950689,
2018-05-25,,,,0.011118084410668843
2018-05-28,,,,0.011118084410668843
2018-05-29,,,,0.011118084410668843
2018-05-30,,,,0.011118084410668843
2018-05-31,,,,0.011118084410668843
2018-06-01,0.005929020176718817,,,
2018-06-04,0.005929020176718817,,,
2018-06-05,0.005929020176718817,,,
2018-06-07,0.005929020176718817,,,
2018-06-08,0.005929020176718817,,,
2018-06-11,,0.010025149726532725,,
2018-06-12,,0.010025149726532725,,
2018-06-14,,0.010025149726532725,,
2018-06-15,,0.010025149726532725,,
2018-06-18,,0.010025149726532725,,
2018-06-19,,,0.011335555568589338,
2018-06-20,,,0.011335555568589338,
2018-06-21,,,0.011335555568589338,
2018-06-22,,,0.011335555568589338,
2018-06-25,,,0.011335555568589338,
2018-06-26,,,,0.006949921479122554
2018-06-27,,,,0.006949921479122554
2018-06-28,,,,0.006949921479122554
2018-06-29,,,,0.006949921479122554
2018-07-02,0.011348916141403566,,,
2018-07-03,0.011348916141403566,,,
2018-07-04,0.011348916141403566,,,
2018-07-05,0.011348916141403566,,,
2018-07-06,0.011348916141403566,,,
2018-07-09,,0.006254298069181818,,
2018-07-10,,0.006254298069181818,,
2018-07-11,,0.006254298069181818,,
2018-07-12,,0.006254298069181818,,
2018-07-13,,0.006254298069181818,,
2018-07-16,,,0.0028556777547096924,
2018-07-17,,,0.0028556777547096924,
2018-07-18,,,0.0028556777547096924,
2018-07-19,,,0.0028556777547096924,
2018-07-20,,,0.0028556777547096924,
2018-07-23,,,,0.00639166024332137
2018-07-24,,,,0.00639166024332137
2018-07-25,,,,0.00639166024332137
2018-07-26,,,,0.00639166024332137
2018-07-27,,,,0.00639166024332137
2018-07-30,,,,
2018-07-31,,,,
2018-08-01,0.009695902824569993,,,
2018-08-02,0.009695902824569993,,,
2018-08-03,0.009695902824569993,,,
2018-08-06,0.009695902824569993,,,
2018-08-07,0.009695902824569993,,,
2018-08-08,,0.008175982188673592,,
2018-08-09,,0.008175982188673592,,
2018-08-10,,0.008175982188673592,,
2018-08-13,,0.008175982188673592,,
2018-08-14,,0.008175982188673592,,
2018-08-16,,,0.006389578117105466,
2018-08-17,,,0.006389578117105466,
2018-08-20,,,0.006389578117105466,
2018-08-21,,,0.006389578117105466,
2018-08-22,,,0.006389578117105466,
2018-08-23,,,,0.0012147678476729213
2018-08-24,,,,0.0012147678476729213
2018-08-27,,,,0.0012147678476729213
2018-08-28,,,,0.0012147678476729213
2018-08-29,,,,0.0012147678476729213
2018-08-30,,,,
2018-08-31,,,,
2018-09-03,0.005343904843285759,,,
2018-09-04,0.005343904843285759,,,
2018-09-05,0.005343904843285759,,,
2018-09-06,0.005343904843285759,,,
2018-09-07,0.005343904843285759,,,
2018-09-10,,0.006365378781173671,,
2018-09-11,,0.006365378781173671,,
2018-09-12,,0.006365378781173671,,
2018-09-13,,0.006365378781173671,,
2018-09-14,,0.006365378781173671,,
2018-09-17,,,0.005512245030491773,
2018-09-18,,,0.005512245030491773,
2018-09-19,,,0.005512245030491773,
2018-09-20,,,0.005512245030491773,
2018-09-21,,,0.005512245030491773,
2018-09-27,,,,0.008625736150678041
2018-09-28,,,,0.008625736150678041
2018-10-01,0.005887029980633491,,,
2018-10-02,0.005887029980633491,,,
2018-10-04,0.005887029980633491,,,
2018-10-05,0.005887029980633491,,,
2018-10-08,0.005887029980633491,,,
2018-10-10,,0.021905830401312925,,
2018-10-11,,0.021905830401312925,,
2018-10-12,,0.021905830401312925,,
2018-10-15,,0.021905830401312925,,
2018-10-16,,0.021905830401312925,,
2018-10-17,,,0.014186811844587543,
2018-10-18,,,0.014186811844587543,
2018-10-19,,,0.014186811844587543,
2018-10-22,,,0.014186811844587543,
2018-10-23,,,0.014186811844587543,
2018-10-24,,,,0.011481946196474841
2018-10-25,,,,0.011481946196474841
2018-10-26,,,,0.011481946196474841
2018-10-29,,,,0.011481946196474841
2018-10-30,,,,0.011481946196474841
2018-10-31,,,,
2018-11-01,0.01790637376366878,,,
2018-11-02,0.01790637376366878,,,
2018-11-05,0.01790637376366878,,,
2018-11-06,0.01790637376366878,,,
2018-11-07,0.01790637376366878,,,
2018-11-08,,0.004439848378647361,,
2018-11-09,,0.004439848378647361,,
2018-11-12,,0.004439848378647361,,
2018-11-13,,0.004439848378647361,,
2018-11-14,,0.004439848378647361,,
2018-11-15,,,0.006915090153197593,
2018-11-16,,,0.006915090153197593,
2018-11-19,,,0.006915090153197593,
2018-11-20,,,0.006915090153197593,
2018-11-21,,,0.006915090153197593,
2018-11-22,,,,0.007638257008512487
2018-11-23,,,,0.007638257008512487
2018-11-26,,,,0.007638257008512487
2018-11-27,,,,0.007638257008512487
2018-11-28,,,,0.007638257008512487
2018-11-29,,,,
2018-11-30,,,,
2018-12-03,0.012442240361915678,,,
2018-12-04,0.012442240361915678,,,
2018-12-05,0.012442240361915678,,,
2018-12-06,0.012442240361915678,,,
2018-12-07,0.012442240361915678,,,
2018-12-10,,0.01132782968448275,,
2018-12-11,,0.01132782968448275,,
2018-12-12,,0.01132782968448275,,
2018-12-13,,0.01132782968448275,,
2018-12-14,,0.01132782968448275,,
2018-12-17,,,0.006403995253439699,
2018-12-18,,,0.006403995253439699,
2018-12-19,,,0.006403995253439699,
2018-12-20,,,0.006403995253439699,
2018-12-21,,,0.006403995253439699,
2018-12-24,,,,0.008100153794234125
2018-12-26,,,,0.008100153794234125
2018-12-27,,,,0.008100153794234125
2018-12-28,,,,0.008100153794234125
2019-01-02,0.01190508527941715,,,
2019-01-03,0.01190508527941715,,,
2019-01-04,0.01190508527941715,,,
2019-01-07,0.01190508527941715,,,
2019-01-08,0.01190508527941715,,,
2019-01-09,,0.010553631674451114,,
2019-01-10,,0.010553631674451114,,
2019-01-11,,0.010553631674451114,,
2019-01-14,,0.010553631674451114,,
2019-01-15,,0.010553631674451114,,
2019-01-16,,,0.004364643028938323,
2019-01-17,,,0.004364643028938323,
2019-01-18,,,0.004364643028938323,
2019-01-21,,,0.004364643028938323,
2019-01-22,,,0.004364643028938323,
2019-01-23,,,,0.005920096558377318
2019-01-24,,,,0.005920096558377318
2019-01-25,,,,0.005920096558377318
2019-01-28,,,,0.005920096558377318
2019-01-29,,,,0.005920096558377318
2019-01-30,,,,
2019-01-31,,,,
2019-02-01,0.006286608344204752,,,
2019-02-07,0.006286608344204752,,,
2019-02-08,0.006286608344204752,,,
2019-02-11,0.006286608344204752,,,
2019-02-12,0.006286608344204752,,,
2019-02-13,,0.00958647073538805,,
2019-02-14,,0.00958647073538805,,
2019-02-15,,0.00958647073538805,,
2019-02-18,,0.00958647073538805,,
2019-02-19,,0.00958647073538805,,
2019-02-20,,,0.0052545608801908275,
2019-02-21,,,0.0052545608801908275,
2019-02-22,,,0.0052545608801908275,
2019-02-25,,,0.0052545608801908275,
2019-02-26,,,0.0052545608801908275,
2019-02-27,,,,0.015051596748660008
2019-02-28,,,,0.015051596748660008
2019-03-04,0.004589921545212376,,,
2019-03-05,0.004589921545212376,,,
2019-03-06,0.004589921545212376,,,
2019-03-07,0.004589921545212376,,,
2019-03-08,0.004589921545212376,,,
2019-03-11,,0.005755951748341644,,
2019-03-12,,0.005755951748341644,,
2019-03-13,,0.005755951748341644,,
2019-03-14,,0.005755951748341644,,
2019-03-15,,0.005755951748341644,,
2019-03-18,,,0.0017261743069891828,
2019-03-19,,,0.0017261743069891828,
2019-03-20,,,0.0017261743069891828,
2019-03-21,,,0.0017261743069891828,
2019-03-22,,,0.0017261743069891828,
2019-03-25,,,,0.009850010519900058
2019-03-26,,,,0.009850010519900058
2019-03-27,,,,0.009850010519900058
2019-03-28,,,,0.009850010519900058
2019-03-29,,,,0.009850010519900058
2019-04-01,0.005654920791436434,,,
2019-04-02,0.005654920791436434,,,
2019-04-03,0.005654920791436434,,,
2019-04-04,0.005654920791436434,,,
2019-04-05,0.005654920791436434,,,
2019-04-08,,0.002191697901292322,,
2019-04-09,,0.002191697901292322,,
2019-04-10,,0.002191697901292322,,
2019-04-11,,0.002191697901292322,,
2019-04-12,,0.002191697901292322,,
2019-04-15,,,0.007413582985082554,
2019-04-16,,,0.007413582985082554,
2019-04-17,,,0.007413582985082554,
2019-04-18,,,0.007413582985082554,
2019-04-19,,,0.007413582985082554,
2019-04-22,,,,0.004279649314976172
2019-04-23,,,,0.004279649314976172
2019-04-24,,,,0.004279649314976172
2019-04-25,,,,0.004279649314976172
2019-04-26,,,,0.004279649314976172
2019-04-29,,,,
2019-04-30,,,,
2019-05-02,0.012831995032557698,,,
2019-05-03,0.012831995032557698,,,
2019-05-07,0.012831995032557698,,,
2019-05-08,0.012831995032557698,,,
2019-05-09,0.012831995032557698,,,
2019-05-10,,0.008917630621758328,,
2019-05-13,,0.008917630621758328,,
2019-05-14,,0.008917630621758328,,
2019-05-15,,0.008917630621758328,,
2019-05-16,,0.008917630621758328,,
2019-05-17,,,0.003423099839220022,
2019-05-20,,,0.003423099839220022,
2019-05-21,,,0.003423099839220022,
2019-05-22,,,0.003423099839220022,
2019-05-23,,,0.003423099839220022,
2019-05-24,,,,0.007857892474006674
2019-05-27,,,,0.007857892474006674
2019-05-28,,,,0.007857892474006674
2019-05-29,,,,0.007857892474006674
2019-05-30,,,,0.007857892474006674
2019-05-31,,,,
2019-06-03,0.0067361766009971305,,,
2019-06-04,0.0067361766009971305,,,
2019-06-05,0.0067361766009971305,,,
2019-06-07,0.0067361766009971305,,,
2019-06-10,0.0067361766009971305,,,
2019-06-11,,0.00382993782139156,,
2019-06-12,,0.00382993782139156,,
2019-06-13,,0.00382993782139156,,
2019-06-14,,0.00382993782139156,,
2019-06-17,,0.00382993782139156,,
2019-06-18,,,0.005652650406912493,
2019-06-19,,,0.005652650406912493,
2019-06-20,,,0.005652650406912493,
2019-06-21,,,0.005652650406912493,
2019-06-24,,,0.005652650406912493,
2019-06-25,,,,0.0037140088125055316
2019-06-26,,,,0.0037140088125055316
2019-06-27,,,,0.0037140088125055316
2019-06-28,,,,0.0037140088125055316
2019-07-01,0.006773444781635014,,,
2019-07-02,0.006773444781635014,,,
2019-07-03,0.006773444781635014,,,
2019-07-04,0.006773444781635014,,,
2019-07-05,0.006773444781635014,,,
2019-07-08,,0.012502719619184786,,
2019-07-09,,0.012502719619184786,,
2019-07-10,,0.012502719619184786,,
2019-07-11,,0.012502719619184786,,
2019-07-12,,0.012502719619184786,,
2019-07-15,,,0.008573383320598562,
2019-07-16,,,0.008573383320598562,
2019-07-17,,,0.008573383320598562,
2019-07-18,,,0.008573383320598562,
2019-07-19,,,0.008573383320598562,
2019-07-22,,,,0.004794471068742668
2019-07-23,,,,0.004794471068742668
2019-07-24,,,,0.004794471068742668
2019-07-25,,,,0.004794471068742668
2019-07-26,,,,0.004794471068742668
2019-07-29,,,,
2019-07-30,,,,
2019-07-31,,,,
2019-08-01,0.009141375459327812,,,
2019-08-02,0.009141375459327812,,,
2019-08-05,0.009141375459327812,,,
2019-08-06,0.009141375459327812,,,
2019-08-07,0.009141375459327812,,,
2019-08-08,,0.0068347514056573975,,
2019-08-09,,0.0068347514056573975,,
2019-08-12,,0.0068347514056573975,,
2019-08-13,,0.0068347514056573975,,
2019-08-14,,0.0068347514056573975,,
2019-08-16,,,0.007608213580030527,
2019-08-19,,,0.007608213580030527,
2019-08-20,,,0.007608213580030527,
2019-08-21,,,0.007608213580030527,
2019-08-22,,,0.007608213580030527,
2019-08-23,,,,0.009533732282528443
2019-08-26,,,,0.009533732282528443
2019-08-27,,,,0.009533732282528443
2019-08-28,,,,0.009533732282528443
2019-08-29,,,,0.009533732282528443
2019-08-30,,,,
2019-09-02,0.005537606372351463,,,
2019-09-03,0.005537606372351463,,,
2019-09-04,0.005537606372351463,,,
2019-09-05,0.005537606372351463,,,
2019-09-06,0.005537606372351463,,,
2019-09-09,,0.003131209123866463,,
2019-09-10,,0.003131209123866463,,
2019-09-11,,0.003131209123866463,,
2019-09-16,,0.003131209123866463,,
2019-09-17,,0.003131209123866463,,
2019-09-18,,,0.0020893992160885603,
2019-09-19,,,0.0020893992160885603,
2019-09-20,,,0.0020893992160885603,
2019-09-23,,,0.0020893992160885603,
2019-09-24,,,0.0020893992160885603,
2019-09-25,,,,0.009545251782675032
2019-09-26,,,,0.009545251782675032
2019-09-27,,,,0.009545251782675032
2019-09-30,,,,0.009545251782675032
2019-10-01,0.011917827649216502,,,
2019-10-02,0.011917827649216502,,,
2019-10-04,0.011917827649216502,,,
2019-10-07,0.011917827649216502,,,
2019-10-08,0.011917827649216502,,,
2019-10-10,,0.007981419117498173,,
2019-10-11,,0.007981419117498173,,
2019-10-14,,0.007981419117498173,,
2019-10-15,,0.007981419117498173,,
2019-10-16,,0.007981419117498173,,
2019-10-17,,,0.0075694696829183596,
2019-10-18,,,0.0075694696829183596,
2019-10-21,,,0.0075694696829183596,
2019-10-22,,,0.0075694696829183596,
2019-10-23,,,0.0075694696829183596,
2019-10-24,,,,0.003531948221524671
2019-10-25,,,,0.003531948221524671
2019-10-28,,,,0.003531948221524671
2019-10-29,,,,0.003531948221524671
2019-10-30,,,,0.003531948221524671
2019-10-31,,,,
2019-11-01,0.005833229681358161,,,
2019-11-04,0.005833229681358161,,,
2019-11-05,0.005833229681358161,,,
2019-11-06,0.005833229681358161,,,
2019-11-07,0.005833229681358161,,,
2019-11-08,,0.007863677114269028,,
2019-11-11,,0.007863677114269028,,
2019-11-12,,0.007863677114269028,,
2019-11-13,,0.007863677114269028,,
2019-11-14,,0.007863677114269028,,
2019-11-15,,,0.009988533376914787,
2019-11-18,,,0.009988533376914787,
2019-11-19,,,0.009988533376914787,
2019-11-20,,,0.009988533376914787,
2019-11-21,,,0.009988533376914787,
2019-11-22,,,,0.005449166465601269
2019-11-25,,,,0.005449166465601269
2019-11-26,,,,0.005449166465601269
2019-11-27,,,,0.005449166465601269
2019-11-28,,,,0.005449166465601269
2019-11-29,,,,
2019-12-02,0.006884411835988223,,,
2019-12-03,0.006884411835988223,,,
2019-12-04,0.006884411835988223,,,
2019-12-05,0.006884411835988223,,,
2019-12-06,0.006884411835988223,,,
2019-12-09,,0.006282014338188941,,
2019-12-10,,0.006282014338188941,,
2019-12-11,,0.006282014338188941,,
2019-12-12,,0.006282014338188941,,
2019-12-13,,0.006282014338188941,,
2019-12-16,,,0.005620770770076594,
2019-12-17,,,0.005620770770076594,
2019-12-18,,,0.005620770770076594,
2019-12-19,,,0.005620770770076594,
2019-12-20,,,0.005620770770076594,
2019-12-23,,,,0.00407446458670577
2019-12-24,,,,0.00407446458670577
2019-12-26,,,,0.00407446458670577
2019-12-27,,,,0.00407446458670577
2019-12-30,,,,0.00407446458670577
2020-01-02,0.009039925483850677,,,
2020-01-03,0.009039925483850677,,,
2020-01-06,0.009039925483850677,,,
2020-01-07,0.009039925483850677,,,
2020-01-08,0.009039925483850677,,,
2020-01-09,,0.007424434381679676,,
2020-01-10,,0.007424434381679676,,
2020-01-13,,0.007424434381679676,,
2020-01-14,,0.007424434381679676,,
2020-01-15,,0.007424434381679676,,
2020-01-16,,,0.008510878815049663,
2020-01-17,,,0.008510878815049663,
2020-01-20,,,0.008510878815049663,
2020-01-21,,,0.008510878815049663,
2020-01-22,,,0.008510878815049663,
2020-01-23,,,,0.012617644254029248
2020-01-28,,,,0.012617644254029248
2020-01-29,,,,0.012617644254029248
2020-01-30,,,,0.012617644254029248
2020-01-31,,,,0.012617644254029248
2020-02-03,0.014597228998703955,,,
2020-02-04,0.014597228998703955,,,
2020-02-05,0.014597228998703955,,,
2020-02-06,0.014597228998703955,,,
2020-02-07,0.014597228998703955,,,
2020-02-10,,0.006310358133811051,,
2020-02-11,,0.006310358133811051,,
2020-02-12,,0.006310358133811051,,
2020-02-13,,0.006310358133811051,,
2020-02-14,,0.006310358133811051,,
2020-02-17,,,0.007458610657285841,
2020-02-18,,,0.007458610657285841,
2020-02-19,,,0.007458610657285841,
2020-02-20,,,0.007458610657285841,
2020-02-21,,,0.007458610657285841,
2020-02-24,,,,0.020121944065917108
2020-02-25,,,,0.020121944065917108
2020-02-26,,,,0.020121944065917108
2020-02-27,,,,0.020121944065917108
2020-02-28,,,,0.020121944065917108
2020-03-02,0.016406354160831874,,,
2020-03-03,0.016406354160831874,,,
2020-03-04,0.016406354160831874,,,
2020-03-05,0.016406354160831874,,,
2020-03-06,0.016406354160831874,,,
2020-03-09,,0.018591321876678776,,
2020-03-10,,0.018591321876678776,,
2020-03-11,,0.018591321876678776,,
2020-03-12,,0.018591321876678776,,
2020-03-13,,0.018591321876678776,,
2020-03-16,,,0.05904514082842934,
2020-03-17,,,0.05904514082842934,
2020-03-18,,,0.05904514082842934,
2020-03-19,,,0.05904514082842934,
2020-03-20,,,0.05904514082842934,
2020-03-23,,,,0.0552635248604363
2020-03-24,,,,0.0552635248604363
2020-03-25,,,,0.0552635248604363
2020-03-26,,,,0.0552635248604363
2020-03-27,,,,0.0552635248604363
2020-03-30,,,,
2020-03-31,,,,
2020-04-01,0.029871314469031077,,,
2020-04-02,0.029871314469031077,,,
2020-04-03,0.029871314469031077,,,
2020-04-06,0.029871314469031077,,,
2020-04-07,0.029871314469031077,,,
2020-04-08,,0.016541702655920608,,
2020-04-09,,0.016541702655920608,,
2020-04-10,,0.016541702655920608,,
2020-04-13,,0.016541702655920608,,
2020-04-14,,0.016541702655920608,,
2020-04-16,,,0.016707464005104283,
2020-04-17,,,0.016707464005104283,
2020-04-20,,,0.016707464005104283,
2020-04-21,,,0.016707464005104283,
2020-04-22,,,0.016707464005104283,
2020-04-23,,,,0.011535266096456302
2020-04-24,,,,0.011535266096456302
2020-04-27,,,,0.011535266096456302
2020-04-28,,,,0.011535266096456302
2020-04-29,,,,0.011535266096456302
2020-05-04,0.01680992545232785,,,
2020-05-06,0.01680992545232785,,,
2020-05-07,0.01680992545232785,,,
2020-05-08,0.01680992545232785,,,
2020-05-11,0.01680992545232785,,,
2020-05-12,,0.007543543648183472,,
2020-05-13,,0.007543543648183472,,
2020-05-14,,0.007543543648183472,,
2020-05-15,,0.007543543648183472,,
2020-05-18,,0.007543543648183472,,
2020-05-19,,,0.01342449817252344,
2020-05-20,,,0.01342449817252344,
2020-05-21,,,0.01342449817252344,
2020-05-22,,,0.01342449817252344,
2020-05-25,,,0.01342449817252344,
2020-05-26,,,,0.008879957899235609
2020-05-27,,,,0.008879957899235609
2020-05-28,,,,0.008879957899235609
2020-05-29,,,,0.008879957899235609
2020-06-01,0.009762630628165092,,,
2020-06-02,0.009762630628165092,,,
2020-06-03,0.009762630628165092,,,
2020-06-04,0.009762630628165092,,,
2020-06-05,0.009762630628165092,,,
2020-06-08,,0.010046427131291905,,
2020-06-09,,0.010046427131291905,,
2020-06-10,,0.010046427131291905,,
2020-06-11,,0.010046427131291905,,
2020-06-12,,0.010046427131291905,,
2020-06-15,,,0.035608342969718564,
2020-06-16,,,0.035608342969718564,
2020-06-17,,,0.035608342969718564,
2020-06-18,,,0.035608342969718564,
2020-06-19,,,0.035608342969718564,
2020-06-22,,,,0.014826505366242594
2020-06-23,,,,0.014826505366242594
2020-06-24,,,,0.014826505366242594
2020-06-25,,,,0.014826505366242594
2020-06-26,,,,0.014826505366242594
2020-06-29,,,,
2020-06-30,,,,
2020-07-01,0.011177316332387966,,,
2020-07-02,0.011177316332387966,,,
2020-07-03,0.011177316332387966,,,
2020-07-06,0.011177316332387966,,,
2020-07-07,0.011177316332387966,,,
2020-07-08,,0.009376418879453403,,
2020-07-09,,0.009376418879453403,,
2020-07-10,,0.009376418879453403,,
2020-07-13,,0.009376418879453403,,
2020-07-14,,0.009376418879453403,,
2020-07-15,,,0.008828674363590876,
2020-07-16,,,0.008828674363590876,
2020-07-17,,,0.008828674363590876,
2020-07-20,,,0.008828674363590876,
2020-07-21,,,0.008828674363590876,
2020-07-22,,,,0.010284691873271185
2020-07-23,,,,0.010284691873271185
2020-07-24,,,,0.010284691873271185
2020-07-27,,,,0.010284691873271185
2020-07-28,,,,0.010284691873271185
2020-07-29,,,,
2020-07-30,,,,
2020-07-31,,,,
2020-08-03,0.006179061056025275,,,
2020-08-04,0.006179061056025275,,,
2020-08-05,0.006179061056025275,,,
2020-08-06,0.006179061056025275,,,
2020-08-07,0.006179061056025275,,,
2020-08-10,,0.010914517025575363,,
2020-08-11,,0.010914517025575363,,
2020-08-12,,0.010914517025575363,,
2020-08-13,,0.010914517025575363,,
2020-08-14,,0.010914517025575363,,
2020-08-18,,,0.02274017848083665,
2020-08-19,,,0.02274017848083665,
2020-08-20,,,0.02274017848083665,
2020-08-21,,,0.02274017848083665,
2020-08-24,,,0.02274017848083665,
2020-08-25,,,,0.011353121252680643
2020-08-26,,,,0.011353121252680643
2020-08-27,,,,0.011353121252680643
2020-08-28,,,,0.011353121252680643
2020-08-31,,,,0.011353121252680643
2020-09-01,0.009668698913075187,,,
2020-09-02,0.009668698913075187,,,
2020-09-03,0.009668698913075187,,,
2020-09-04,0.009668698913075187,,,
2020-09-07,0.009668698913075187,,,
2020-09-08,,0.009368052559135424,,
2020-09-09,,0.009368052559135424,,
2020-09-10,,0.009368052559135424,,
2020-09-11,,0.009368052559135424,,
2020-09-14,,0.009368052559135424,,
2020-09-15,,,0.007875971905100608,
2020-09-16,,,0.007875971905100608,
2020-09-17,,,0.007875971905100608,
2020-09-18,,,0.007875971905100608,
2020-09-21,,,0.007875971905100608,
2020-09-22,,,,0.017181825359713732
2020-09-23,,,,0.017181825359713732
2020-09-24,,,,0.017181825359713732
2020-09-25,,,,0.017181825359713732
2020-09-28,,,,0.017181825359713732
2020-09-29,,,,
2020-10-05,0.004440118742523946,,,
2020-10-06,0.004440118742523946,,,
2020-10-07,0.004440118742523946,,,
2020-10-08,0.004440118742523946,,,
2020-10-12,0.004440118742523946,,,
2020-10-13,,0.005360742204029256,,
2020-10-14,,0.005360742204029256,,
2020-10-15,,0.005360742204029256,,
2020-10-16,,0.005360742204029256,,
2020-10-19,,0.005360742204029256,,
2020-10-20,,,0.006205586782891471,
2020-10-21,,,0.006205586782891471,
2020-10-22,,,0.006205586782891471,
2020-10-23,,,0.006205586782891471,
2020-10-26,,,0.006205586782891471,
2020-10-27,,,,0.013115542743552665
2020-10-28,,,,0.013115542743552665
2020-10-29,,,,0.013115542743552665
2020-10-30,,,,0.013115542743552665
2020-11-02,0.00929936489049138,,,
2020-11-03,0.00929936489049138,,,
2020-11-04,0.00929936489049138,,,
2020-11-05,0.00929936489049138,,,
2020-11-06,0.00929936489049138,,,
2020-11-09,,0.007385899003098389,,
2020-11-10,,0.007385899003098389,,
2020-11-11,,0.007385899003098389,,
2020-11-12,,0.007385899003098389,,
2020-11-13,,0.007385899003098389,,
2020-11-16,,,0.008515612540385884,
2020-11-17,,,0.008515612540385884,
2020-11-18,,,0.008515612540385884,
2020-11-19,,,0.008515612540385884,
2020-11-20,,,0.008515612540385884,
2020-11-23,,,,0.009281070799723297
2020-11-24,,,,0.009281070799723297
2020-11-25,,,,0.009281070799723297
2020-11-26,,,,0.009281070799723297
2020-11-27,,,,0.009281070799723297
2020-11-30,,,,
2020-12-01,0.005061788538020764,,,
2020-12-02,0.005061788538020764,,,
2020-12-03,0.005061788538020764,,,
2020-12-04,0.005061788538020764,,,
2020-12-07,0.005061788538020764,,,
2020-12-08,,0.013736969766713356,,
2020-12-09,,0.013736969766713356,,
2020-12-10,,0.013736969766713356,,
2020-12-11,,0.013736969766713356,,
2020-12-14,,0.013736969766713356,,
2020-12-15,,,0.0028402987408680884,
2020-12-16,,,0.0028402987408680884,
2020-12-17,,,0.0028402987408680884,
2020-12-18,,,0.0028402987408680884,
2020-12-21,,,0.0028402987408680884,
2020-12-22,,,,0.012404950038772535
2020-12-23,,,,0.012404950038772535
2020-12-24,,,,0.012404950038772535
2020-12-28,,,,0.012404950038772535
2020-12-29,,,,0.012404950038772535
2020-12-30,,,,
2021-01-04,0.017179855137889968,,,
2021-01-05,0.017179855137889968,,,
2021-01-06,0.017179855137889968,,,
2021-01-07,0.017179855137889968,,,
2021-01-08,0.017179855137889968,,,
2021-01-11,,0.01035505590163361,,
2021-01-12,,0.01035505590163361,,
2021-01-13,,0.01035505590163361,,
2021-01-14,,0.01035505590163361,,
2021-01-15,,0.01035505590163361,,
2021-01-18,,,0.019175777043985865,
2021-01-19,,,0.019175777043985865,
2021-01-20,,,0.019175777043985865,
2021-01-21,,,0.019175777043985865,
2021-01-22,,,0.019175777043985865,
2021-01-25,,,,0.02010966559115735
2021-01-26,,,,0.02010966559115735
2021-01-27,,,,0.02010966559115735
2021-01-28,,,,0.02010966559115735
2021-01-29,,,,0.02010966559115735
2021-02-01,0.0145707200296728,,,
2021-02-02,0.0145707200296728,,,
2021-02-03,0.0145707200296728,,,
2021-02-04,0.0145707200296728,,,
2021-02-05,0.0145707200296728,,,
2021-02-08,,0.009121596561252191,,
2021-02-09,,0.009121596561252191,,
2021-02-10,,0.009121596561252191,,
2021-02-15,,0.009121596561252191,,
2021-02-16,,0.009121596561252191,,
2021-02-17,,,0.0082622081878322,
2021-02-18,,,0.0082622081878322,
2021-02-19,,,0.0082622081878322,
2021-02-22,,,0.0082622081878322,
2021-02-23,,,0.0082622081878322,
2021-02-24,,,,0.03536958572403275
2021-02-25,,,,0.03536958572403275
2021-02-26,,,,0.03536958572403275
2021-03-02,0.01183519909212183,,,
2021-03-03,0.01183519909212183,,,
2021-03-04,0.01183519909212183,,,
2021-03-05,0.01183519909212183,,,
2021-03-08,0.01183519909212183,,,
2021-03-09,,0.01192184687147492,,
2021-03-10,,0.01192184687147492,,
2021-03-11,,0.01192184687147492,,
2021-03-12,,0.01192184687147492,,
2021-03-15,,0.01192184687147492,,
2021-03-16,,,0.0071047869369438655,
2021-03-17,,,0.0071047869369438655,
2021-03-18,,,0.0071047869369438655,
2021-03-19,,,0.0071047869369438655,
2021-03-22,,,0.0071047869369438655,
2021-03-23,,,,0.007855953419076498
2021-03-24,,,,0.007855953419076498
2021-03-25,,,,0.007855953419076498
2021-03-26,,,,0.007855953419076498
2021-03-29,,,,0.007855953419076498
2021-03-30,,,,
2021-03-31,,,,
2021-04-01,0.003172368650512794,,,
2021-04-02,0.003172368650512794,,,
2021-04-05,0.003172368650512794,,,
2021-04-06,0.003172368650512794,,,
2021-04-07,0.003172368650512794,,,
2021-04-08,,0.005213993008408689,,
2021-04-09,,0.005213993008408689,,
2021-04-12,,0.005213993008408689,,
2021-04-13,,0.005213993008408689,,
2021-04-14,,0.005213993008408689,,
2021-04-15,,,0.008549469304052967,
2021-04-16,,,0.008549469304052967,
2021-04-19,,,0.008549469304052967,
2021-04-20,,,0.008549469304052967,
2021-04-21,,,0.008549469304052967,
2021-04-22,,,,0.007380442921883351
2021-04-23,,,,0.007380442921883351
2021-04-26,,,,0.007380442921883351
2021-04-27,,,,0.007380442921883351
2021-04-28,,,,0.007380442921883351
2021-04-29,,,,
2021-04-30,,,,
2021-05-03,0.008352283822765098,,,
2021-05-04,0.008352283822765098,,,
2021-05-06,0.008352283822765098,,,
2021-05-07,0.008352283822765098,,,
2021-05-10,0.008352283822765098,,,
2021-05-11,,0.010126293774578896,,
2021-05-12,,0.010126293774578896,,
2021-05-13,,0.010126293774578896,,
2021-05-14,,0.010126293774578896,,
2021-05-17,,0.010126293774578896,,
2021-05-18,,,0.007529949705283504,
2021-05-20,,,0.007529949705283504,
2021-05-21,,,0.007529949705283504,
2021-05-24,,,0.007529949705283504,
2021-05-25,,,0.007529949705283504,
2021-05-26,,,,0.004156555504567354
2021-05-27,,,,0.004156555504567354
2021-05-28,,,,0.004156555504567354
2021-05-31,,,,0.004156555504567354
2021-06-01,0.0037990845376928654,,,
2021-06-02,0.0037990845376928654,,,
2021-06-03,0.0037990845376928654,,,
2021-06-04,0.0037990845376928654,,,
2021-06-07,0.0037990845376928654,,,
2021-06-08,,0.006382541295544907,,
2021-06-09,,0.006382541295544907,,
2021-06-10,,0.006382541295544907,,
2021-06-11,,0.006382541295544907,,
2021-06-14,,0.006382541295544907,,
2021-06-15,,,0.005630560302876146,
2021-06-16,,,0.005630560302876146,
2021-06-17,,,0.005630560302876146,
2021-06-18,,,0.005630560302876146,
2021-06-21,,,0.005630560302876146,
2021-06-22,,,,0.0027397452559426334
2021-06-23,,,,0.0027397452559426334
2021-06-24,,,,0.0027397452559426334
2021-06-25,,,,0.0027397452559426334
2021-06-28,,,,0.0027397452559426334
2021-06-29,,,,
2021-06-30,,,,
2021-07-01,0.004441406939752152,,,
2021-07-02,0.004441406939752152,,,
2021-07-05,0.004441406939752152,,,
2021-07-06,0.004441406939752152,,,
2021-07-07,0.004441406939752152,,,
2021-07-08,,0.009312198386614104,,
2021-07-09,,0.009312198386614104,,
2021-07-12,,0.009312198386614104,,
2021-07-13,,0.009312198386614104,,
2021-07-14,,0.009312198386614104,,
2021-07-15,,,0.006038833261738175,
2021-07-16,,,0.006038833261738175,
2021-07-19,,,0.006038833261738175,
2021-07-20,,,0.006038833261738175,
2021-07-21,,,0.006038833261738175,
2021-07-22,,,,0.007000959149362625
2021-07-23,,,,0.007000959149362625
2021-07-26,,,,0.007000959149362625
2021-07-27,,,,0.007000959149362625
2021-07-28,,,,0.007000959149362625
2021-07-29,,,,
2021-07-30,,,,
2021-08-02,0.006220479517105748,,,
2021-08-03,0.006220479517105748,,,
2021-08-04,0.006220479517105748,,,
2021-08-05,0.006220479517105748,,,
2021-08-06,0.006220479517105748,,,
2021-08-09,,0.003386339767554785,,
2021-08-10,,0.003386339767554785,,
2021-08-11,,0.003386339767554785,,
2021-08-12,,0.003386339767554785,,
2021-08-13,,0.003386339767554785,,
2021-08-17,,,0.012118751347732323,
2021-08-18,,,0.012118751347732323,
2021-08-19,,,0.012118751347732323,
2021-08-20,,,0.012118751347732323,
2021-08-23,,,0.012118751347732323,
2021-08-24,,,,0.007681157402814318
2021-08-25,,,,0.007681157402814318
2021-08-26,,,,0.007681157402814318
2021-08-27,,,,0.007681157402814318
2021-08-30,,,,0.007681157402814318
2021-08-31,,,,
2021-09-01,0.006817271056311205,,,
2021-09-02,0.006817271056311205,,,
2021-09-03,0.006817271056311205,,,
2021-09-06,0.006817271056311205,,,
2021-09-07,0.006817271056311205,,,
2021-09-08,,0.008958472412246753,,
2021-09-09,,0.008958472412246753,,
2021-09-10,,0.008958472412246753,,
2021-09-13,,0.008958472412246753,,
2021-09-14,,0.008958472412246753,,
2021-09-15,,,0.004305809649555111,
2021-09-16,,,0.004305809649555111,
2021-09-17,,,0.004305809649555111,
2021-09-23,,,0.004305809649555111,
2021-09-24,,,0.004305809649555111,
2021-09-27,,,,0.008387123792768356
2021-09-28,,,,0.008387123792768356
2021-09-29,,,,0.008387123792768356
2021-09-30,,,,0.008387123792768356
2021-10-01,0.01572883333183102,,,
2021-10-05,0.01572883333183102,,,
2021-10-06,0.01572883333183102,,,
2021-10-07,0.01572883333183102,,,
2021-10-08,0.01572883333183102,,,
2021-10-12,,0.011479757859364437,,
2021-10-13,,0.011479757859364437,,
2021-10-14,,0.011479757859364437,,
2021-10-15,,0.011479757859364437,,
2021-10-18,,0.011479757859364437,,
2021-10-19,,,0.0051308192060005595,
2021-10-20,,,0.0051308192060005595,
2021-10-21,,,0.0051308192060005595,
2021-10-22,,,0.0051308192060005595,
2021-10-25,,,0.0051308192060005595,
2021-10-26,,,,0.009589402476602522
2021-10-27,,,,0.009589402476602522
2021-10-28,,,,0.009589402476602522
2021-10-29,,,,0.009589402476602522
2021-11-01,0.009050395842428087,,,
2021-11-02,0.009050395842428087,,,
2021-11-03,0.009050395842428087,,,
2021-11-04,0.009050395842428087,,,
2021-11-05,0.009050395842428087,,,
2021-11-08,,0.009447107112264829,,
2021-11-09,,0.009447107112264829,,
2021-11-10,,0.009447107112264829,,
2021-11-11,,0.009447107112264829,,
2021-11-12,,0.009447107112264829,,
2021-11-15,,,0.009115083229704574,
2021-11-16,,,0.009115083229704574,
2021-11-17,,,0.009115083229704574,
2021-11-18,,,0.009115083229704574,
2021-11-19,,,0.009115083229704574,
2021-11-22,,,,0.010522196265748527
2021-11-23,,,,0.010522196265748527
2021-11-24,,,,0.010522196265748527
2021-11-25,,,,0.010522196265748527
2021-11-26,,,,0.010522196265748527
2021-11-29,,,,
2021-11-30,,,,
2021-12-01,0.007894373628443996,,,
2021-12-02,0.007894373628443996,,,
2021-12-03,0.007894373628443996,,,
2021-12-06,0.007894373628443996,,,
2021-12-07,0.007894373628443996,,,
2021-12-08,,0.006449361804888599,,
2021-12-09,,0.006449361804888599,,
2021-12-10,,0.006449361804888599,,
2021-12-13,,0.006449361804888599,,
2021-12-14,,0.006449361804888599,,
2021-12-15,,,0.009859120976987833,
2021-12-16,,,0.009859120976987833,
2021-12-17,,,0.009859120976987833,
2021-12-20,,,0.009859120976987833,
2021-12-21,,,0.009859120976987833,
2021-12-22,,,,0.004294092820305351
2021-12-23,,,,0.004294092820305351
2021-12-24,,,,0.004294092820305351
2021-12-27,,,,0.004294092820305351
2021-12-28,,,,0.004294092820305351
2021-12-29,,,,
2021-12-30,,,,
2022-01-03,0.010107108154934652,,,
2022-01-04,0.010107108154934652,,,
2022-01-05,0.010107108154934652,,,
2022-01-06,0.010107108154934652,,,
2022-01-07,0.010107108154934652,,,
2022-01-10,,0.011184813609067376,,
2022-01-11,,0.011184813609067376,,
2022-01-12,,0.011184813609067376,,
2022-01-13,,0.011184813609067376,,
2022-01-14,,0.011184813609067376,,
2022-01-17,,,0.007489268368192532,
2022-01-18,,,0.007489268368192532,
2022-01-19,,,0.007489268368192532,
2022-01-20,,,0.007489268368192532,
2022-01-21,,,0.007489268368192532,
2022-01-24,,,,0.02077460952738982
2022-01-25,,,,0.02077460952738982
2022-01-26,,,,0.02077460952738982
2022-01-27,,,,0.02077460952738982
2022-01-28,,,,0.02077460952738982
2022-02-03,0.008490132616978832,,,
2022-02-04,0.008490132616978832,,,
2022-02-07,0.008490132616978832,,,
2022-02-08,0.008490132616978832,,,
2022-02-09,0.008490132616978832,,,
2022-02-10,,0.014033359732753551,,
2022-02-11,,0.014033359732753551,,
2022-02-14,,0.014033359732753551,,
2022-02-15,,0.014033359732753551,,
2022-02-16,,0.014033359732753551,,
2022-02-17,,,0.007573835858893763,
2022-02-18,,,0.007573835858893763,
2022-02-21,,,0.007573835858893763,
2022-02-22,,,0.007573835858893763,
2022-02-23,,,0.007573835858893763,
2022-02-24,,,,0.020509866228824357
2022-02-25,,,,0.020509866228824357
2022-02-28,,,,0.020509866228824357
2022-03-02,0.014956360514418891,,,
2022-03-03,0.014956360514418891,,,
2022-03-04,0.014956360514418891,,,
2022-03-07,0.014956360514418891,,,
2022-03-08,0.014956360514418891,,,
2022-03-10,,0.014329865475170563,,
2022-03-11,,0.014329865475170563,,
2022-03-14,,0.014329865475170563,,
2022-03-15,,0.014329865475170563,,
2022-03-16,,0.014329865475170563,,
2022-03-17,,,0.008094475981448664,
2022-03-18,,,0.008094475981448664,
2022-03-21,,,0.008094475981448664,
2022-03-22,,,0.008094475981448664,
2022-03-23,,,0.008094475981448664,
2022-03-24,,,,0.0023622593703295867
2022-03-25,,,,0.0023622593703295867
2022-03-28,,,,0.0023622593703295867
2022-03-29,,,,0.0023622593703295867
2022-03-30,,,,0.0023622593703295867
2022-03-31,,,,
2022-04-01,0.008156099091743472,,,
2022-04-04,0.008156099091743472,,,
2022-04-05,0.008156099091743472,,,
2022-04-06,0.008156099091743472,,,
2022-04-07,0.008156099091743472,,,
2022-04-08,,0.010499452976097725,,
2022-04-11,,0.010499452976097725,,
2022-04-12,,0.010499452976097725,,
2022-04-13,,0.010499452976097725,,
2022-04-14,,0.010499452976097725,,
2022-04-15,,,0.006292312761671973,
2022-04-18,,,0.006292312761671973,
2022-04-19,,,0.006292312761671973,
2022-04-20,,,0.006292312761671973,
2022-04-21,,,0.006292312761671973,
2022-04-22,,,,0.01160956150616966
2022-04-25,,,,0.01160956150616966
2022-04-26,,,,0.01160956150616966
2022-04-27,,,,0.01160956150616966
2022-04-28,,,,0.01160956150616966
2022-04-29,,,,
2022-05-02,0.005725877829220259,,,
2022-05-03,0.005725877829220259,,,
2022-05-04,0.005725877829220259,,,
2022-05-06,0.005725877829220259,,,
2022-05-09,0.005725877829220259,,,
2022-05-10,,0.013710901638868952,,
2022-05-11,,0.013710901638868952,,
2022-05-12,,0.013710901638868952,,
2022-05-13,,0.013710901638868952,,
2022-05-16,,0.013710901638868952,,
2022-05-17,,,0.011325273907122587,
2022-05-18,,,0.011325273907122587,
2022-05-19,,,0.011325273907122587,
2022-05-20,,,0.011325273907122587,
2022-05-23,,,0.011325273907122587,
2022-05-24,,,,0.01109992039515594
2022-05-25,,,,0.01109992039515594
2022-05-26,,,,0.01109992039515594
2022-05-27,,,,0.01109992039515594
2022-05-30,,,,0.01109992039515594
2022-05-31,,,,
2022-06-02,0.008560100746935853,,,
2022-06-03,0.008560100746935853,,,
2022-06-07,0.008560100746935853,,,
2022-06-08,0.008560100746935853,,,
2022-06-09,0.008560100746935853,,,
2022-06-10,,0.014204363142152041,,
2022-06-13,,0.014204363142152041,,
2022-06-14,,0.014204363142152041,,
2022-06-15,,0.014204363142152041,,
2022-06-16,,0.014204363142152041,,
2022-06-17,,,0.013668770178980081,
2022-06-20,,,0.013668770178980081,
2022-06-21,,,0.013668770178980081,
2022-06-22,,,0.013668770178980081,
2022-06-23,,,0.013668770178980081,
2022-06-24,,,,0.01926037174678048
2022-06-27,,,,0.01926037174678048
2022-06-28,,,,0.01926037174678048
2022-06-29,,,,0.01926037174678048
2022-06-30,,,,0.01926037174678048
2022-07-01,0.017726073883854863,,,
2022-07-04,0.017726073883854863,,,
2022-07-05,0.017726073883854863,,,
2022-07-06,0.017726073883854863,,,
2022-07-07,0.017726073883854863,,,
2022-07-08,,0.006800783799872478,,
2022-07-11,,0.006800783799872478,,
2022-07-12,,0.006800783799872478,,
2022-07-13,,0.006800783799872478,,
2022-07-14,,0.006800783799872478,,
2022-07-15,,,0.007694316078456522,
2022-07-18,,,0.007694316078456522,
2022-07-19,,,0.007694316078456522,
2022-07-20,,,0.007694316078456522,
2022-07-21,,,0.007694316078456522,
2022-07-22,,,,0.005542722644746569
2022-07-25,,,,0.005542722644746569
2022-07-26,,,,0.005542722644746569
2022-07-27,,,,0.005542722644746569
2022-07-28,,,,0.005542722644746569
2022-07-29,,,,
2022-08-01,0.005681843036562803,,,
2022-08-02,0.005681843036562803,,,
2022-08-03,0.005681843036562803,,,
2022-08-04,0.005681843036562803,,,
2022-08-05,0.005681843036562803,,,
2022-08-08,,0.009436785086971485,,
2022-08-09,,0.009436785086971485,,
2022-08-10,,0.009436785086971485,,
2022-08-11,,0.009436785086971485,,
2022-08-12,,0.009436785086971485,,
2022-08-16,,,0.005226518471423569,
2022-08-17,,,0.005226518471423569,
2022-08-18,,,0.005226518471423569,
2022-08-19,,,0.005226518471423569,
2022-08-22,,,0.005226518471423569,
2022-08-23,,,,0.013537272636838718
2022-08-24,,,,0.013537272636838718
2022-08-25,,,,0.013537272636838718
2022-08-26,,,,0.013537272636838718
2022-08-29,,,,0.013537272636838718
2022-08-30,,,,
2022-08-31,,,,
2022-09-01,0.010358378164042429,,,
2022-09-02,0.010358378164042429,,,
2022-09-05,0.010358378164042429,,,
2022-09-06,0.010358378164042429,,,
2022-09-07,0.010358378164042429,,,
2022-09-08,,0.01642302559586553,,
2022-09-13,,0.01642302559586553,,
2022-09-14,,0.01642302559586553,,
2022-09-15,,0.01642302559586553,,
2022-09-16,,0.01642302559586553,,
2022-09-19,,,0.008529657948646853,
2022-09-20,,,0.008529657948646853,
2022-09-21,,,0.008529657948646853,
2022-09-22,,,0.008529657948646853,
2022-09-23,,,0.008529657948646853,
2022-09-26,,,,0.014583995011060735
2022-09-27,,,,0.014583995011060735
2022-09-28,,,,0.014583995011060735
2022-09-29,,,,0.014583995011060735
2022-09-30,,,,0.014583995011060735
2022-10-04,0.01592675402339494,,,
2022-10-05,0.01592675402339494,,,
2022-10-06,0.01592675402339494,,,
2022-10-07,0.01592675402339494,,,
2022-10-11,0.01592675402339494,,,
2022-10-12,,0.015231595291396612,,
2022-10-13,,0.015231595291396612,,
2022-10-14,,0.015231595291396612,,
2022-10-17,,0.015231595291396612,,
2022-10-18,,0.015231595291396612,,
2022-10-19,,,0.007259991847497775,
2022-10-20,,,0.007259991847497775,
2022-10-21,,,0.007259991847497775,
2022-10-24,,,0.007259991847497775,
2022-10-25,,,0.007259991847497775,
2022-10-26,,,,0.011227015388000127
2022-10-27,,,,0.011227015388000127
2022-10-28,,,,0.011227015388000127
2022-10-31,,,,0.011227015388000127
2022-11-01,0.008362487973060178,,,
2022-11-02,0.008362487973060178,,,
2022-11-03,0.008362487973060178,,,
2022-11-04,0.008362487973060178,,,
2022-11-07,0.008362487973060178,,,
2022-11-08,,0.016593604197951858,,
2022-11-09,,0.016593604197951858,,
2022-11-10,,0.016593604197951858,,
2022-11-11,,0.016593604197951858,,
2022-11-14,,0.016593604197951858,,
2022-11-15,,,0.007171812850887929,
2022-11-16,,,0.007171812850887929,
2022-11-17,,,0.007171812850887929,
2022-11-18,,,0.007171812850887929,
2022-11-21,,,0.007171812850887929,
2022-11-22,,,,0.008673998611732169
2022-11-23,,,,0.008673998611732169
2022-11-24,,,,0.008673998611732169
2022-11-25,,,,0.008673998611732169
2022-11-28,,,,0.008673998611732169
2022-11-29,,,,
2022-11-30,,,,
2022-12-01,0.00790273060164995,,,
2022-12-02,0.00790273060164995,,,
2022-12-05,0.00790273060164995,,,
2022-12-06,0.00790273060164995,,,
2022-12-07,0.00790273060164995,,,
2022-12-08,,0.007825021302919203,,
2022-12-09,,0.007825021302919203,,
2022-12-12,,0.007825021302919203,,
2022-12-13,,0.007825021302919203,,
2022-12-14,,0.007825021302919203,,
2022-12-15,,,0.0063006689630189065,
2022-12-16,,,0.0063006689630189065,
2022-12-19,,,0.0063006689630189065,
2022-12-20,,,0.0063006689630189065,
2022-12-21,,,0.0063006689630189065,
2022-12-22,,,,0.015352383958396283
2022-12-23,,,,0.015352383958396283
2022-12-26,,,,0.015352383958396283
2022-12-27,,,,0.015352383958396283
2022-12-28,,,,0.015352383958396283
2022-12-29,,,,
2023-01-02,0.009234190097466666,,,
2023-01-03,0.009234190097466666,,,
2023-01-04,0.009234190097466666,,,
2023-01-05,0.009234190097466666,,,
2023-01-06,0.009234190097466666,,,
2023-01-09,,0.01053321255561217,,
2023-01-10,,0.01053321255561217,,
2023-01-11,,0.01053321255561217,,
2023-01-12,,0.01053321255561217,,
2023-01-13,,0.01053321255561217,,
2023-01-16,,,0.006885834360268941,
2023-01-17,,,0.006885834360268941,
2023-01-18,,,0.006885834360268941,
2023-01-19,,,0.006885834360268941,
2023-01-20,,,0.006885834360268941,
2023-01-25,,,,0.013799408600516738
2023-01-26,,,,0.013799408600516738
2023-01-27,,,,0.013799408600516738
2023-01-30,,,,0.013799408600516738
2023-01-31,,,,0.013799408600516738
2023-02-01,0.01097383224063723,,,
2023-02-02,0.01097383224063723,,,
2023-02-03,0.01097383224063723,,,
2023-02-06,0.01097383224063723,,,
2023-02-07,0.01097383224063723,,,
2023-02-08,,0.008086576717224646,,
2023-02-09,,0.008086576717224646,,
2023-02-10,,0.008086576717224646,,
2023-02-13,,0.008086576717224646,,
2023-02-14,,0.008086576717224646,,
2023-02-15,,,0.013400918664576732,
2023-02-16,,,0.013400918664576732,
2023-02-17,,,0.013400918664576732,
2023-02-20,,,0.013400918664576732,
2023-02-21,,,0.013400918664576732,
2023-02-22,,,,0.010291337050303481
2023-02-23,,,,0.010291337050303481
2023-02-24,,,,0.010291337050303481
2023-02-27,,,,0.010291337050303481
2023-02-28,,,,0.010291337050303481
2023-03-02,0.009347208663267256,,,
2023-03-03,0.009347208663267256,,,
2023-03-06,0.009347208663267256,,,
2023-03-07,0.009347208663267256,,,
2023-03-08,0.009347208663267256,,,
2023-03-09,,0.015085361015808423,,
2023-03-10,,0.015085361015808423,,
2023-03-13,,0.015085361015808423,,
2023-03-14,,0.015085361015808423,,
2023-03-15,,0.015085361015808423,,
2023-03-16,,,0.007299236296577806,
2023-03-17,,,0.007299236296577806,
2023-03-20,,,0.007299236296577806,
2023-03-21,,,0.007299236296577806,
2023-03-22,,,0.007299236296577806,
2023-03-23,,,,0.005774046171470665
2023-03-24,,,,0.005774046171470665
2023-03-27,,,,0.005774046171470665
2023-03-28,,,,0.005774046171470665
2023-03-29,,,,0.005774046171470665
2023-03-30,,,,
2023-03-31,,,,
2023-04-03,0.010144315001124452,,,
2023-04-04,0.010144315001124452,,,
2023-04-05,0.010144315001124452,,,
2023-04-06,0.010144315001124452,,,
2023-04-07,0.010144315001124452,,,
2023-04-10,,0.00514490296278754,,
2023-04-11,,0.00514490296278754,,
2023-04-12,,0.00514490296278754,,
2023-04-13,,0.00514490296278754,,
2023-04-14,,0.00514490296278754,,
2023-04-17,,,0.003921196622671465,
2023-04-18,,,0.003921196622671465,
2023-04-19,,,0.003921196622671465,
2023-04-20,,,0.003921196622671465,
2023-04-21,,,0.003921196622671465,
2023-04-24,,,,0.007499826688741703
2023-04-25,,,,0.007499826688741703
2023-04-26,,,,0.007499826688741703
2023-04-27,,,,0.007499826688741703
2023-04-28,,,,0.007499826688741703
2023-05-02,0.006886138610397322,,,
2023-05-03,0.006886138610397322,,,
2023-05-04,0.006886138610397322,,,
2023-05-08,0.006886138610397322,,,
2023-05-09,0.006886138610397322,,,
2023-05-10,,0.0034422228853720756,,
2023-05-11,,0.0034422228853720756,,
2023-05-12,,0.0034422228853720756,,
2023-05-15,,0.0034422228853720756,,
2023-05-16,,0.0034422228853720756,,
2023-05-17,,,0.0019707296323059607,
2023-05-18,,,0.0019707296323059607,
2023-05-19,,,0.0019707296323059607,
2023-05-22,,,0.0019707296323059607,
2023-05-23,,,0.0019707296323059607,
2023-05-24,,,,0.005998762955859723
2023-05-25,,,,0.005998762955859723
2023-05-26,,,,0.005998762955859723
2023-05-30,,,,0.005998762955859723
2023-05-31,,,,0.005998762955859723
2023-06-01,0.006415637029746553,,,
2023-06-02,0.006415637029746553,,,
2023-06-05,0.006415637029746553,,,
2023-06-07,0.006415637029746553,,,
2023-06-08,0.006415637029746553,,,
2023-06-09,,0.007627471162917204,,
2023-06-12,,0.007627471162917204,,
2023-06-13,,0.007627471162917204,,
2023-06-14,,0.007627471162917204,,
2023-06-15,,0.007627471162917204,,
2023-06-16,,,0.006529364736258362,
2023-06-19,,,0.006529364736258362,
2023-06-20,,,0.006529364736258362,
2023-06-21,,,0.006529364736258362,
2023-06-22,,,0.006529364736258362,
2023-06-23,,,,0.005543212904133998
2023-06-26,,,,0.005543212904133998
2023-06-27,,,,0.005543212904133998
2023-06-28,,,,0.005543212904133998
2023-06-29,,,,0.005543212904133998
2023-06-30,,,,
2023-07-03,0.010415173616099562,,,
2023-07-04,0.010415173616099562,,,
2023-07-05,0.010415173616099562,,,
2023-07-06,0.010415173616099562,,,
2023-07-07,0.010415173616099562,,,
2023-07-10,,0.007648392577022578,,
2023-07-11,,0.007648392577022578,,
2023-07-12,,0.007648392577022578,,
2023-07-13,,0.007648392577022578,,
2023-07-14,,0.007648392577022578,,
2023-07-17,,,0.0033307564664811443,
2023-07-18,,,0.0033307564664811443,
2023-07-19,,,0.0033307564664811443,
2023-07-20,,,0.0033307564664811443,
2023-07-21,,,0.0033307564664811443,
2023-07-24,,,,0.009527627687029696
2023-07-25,,,,0.009527627687029696
2023-07-26,,,,0.009527627687029696
2023-07-27,,,,0.009527627687029696
2023-07-28,,,,0.009527627687029696
2023-07-31,,,,
2023-08-01,0.011681245582123143,,,
2023-08-02,0.011681245582123143,,,
2023-08-03,0.011681245582123143,,,
2023-08-04,0.011681245582123143,,,
2023-08-07,0.011681245582123143,,,
2023-08-08,,0.007580857753194011,,
2023-08-09,,0.007580857753194011,,
2023-08-10,,0.007580857753194011,,
2023-08-11,,0.007580857753194011,,
2023-08-14,,0.007580857753194011,,
2023-08-16,,,0.008217150311832424,
2023-08-17,,,0.008217150311832424,
2023-08-18,,,0.008217150311832424,
2023-08-21,,,0.008217150311832424,
2023-08-22,,,0.008217150311832424,
2023-08-23,,,,0.008620698423102622
2023-08-24,,,,0.008620698423102622
2023-08-25,,,,0.008620698423102622
2023-08-28,,,,0.008620698423102622
2023-08-29,,,,0.008620698423102622
2023-08-30,,,,
2023-08-31,,,,
2023-09-01,0.00635146108134859,,,
2023-09-04,0.00635146108134859,,,
2023-09-05,0.00635146108134859,,,
2023-09-06,0.00635146108134859,,,
2023-09-07,0.00635146108134859,,,
2023-09-08,,0.008434977688263321,,
2023-09-11,,0.008434977688263321,,
2023-09-12,,0.008434977688263321,,
2023-09-13,,0.008434977688263321,,
2023-09-14,,0.008434977688263321,,
2023-09-15,,,0.010806744480681042,
2023-09-18,,,0.010806744480681042,
2023-09-19,,,0.010806744480681042,
2023-09-20,,,0.010806744480681042,
2023-09-21,,,0.010806744480681042,
2023-09-22,,,,0.0059354376523709715
2023-09-25,,,,0.0059354376523709715
2023-09-26,,,,0.0059354376523709715
2023-09-27,,,,0.0059354376523709715
2023-10-04,0.01562587628577225,,,
2023-10-05,0.01562587628577225,,,
2023-10-06,0.01562587628577225,,,
2023-10-10,0.01562587628577225,,,
2023-10-11,0.01562587628577225,,,
2023-10-12,,0.009949915599403876,,
2023-10-13,,0.009949915599403876,,
2023-10-16,,0.009949915599403876,,
2023-10-17,,0.009949915599403876,,
2023-10-18,,0.009949915599403876,,
2023-10-19,,,0.011943513671488786,
2023-10-20,,,0.011943513671488786,
2023-10-23,,,0.011943513671488786,
2023-10-24,,,0.011943513671488786,
2023-10-25,,,0.011943513671488786,
2023-10-26,,,,0.014374671095171042
2023-10-27,,,,0.014374671095171042
2023-10-30,,,,0.014374671095171042
2023-10-31,,,,0.014374671095171042
2023-11-01,0.02849403314888119,,,
2023-11-02,0.02849403314888119,,,
2023-11-03,0.02849403314888119,,,
2023-11-06,0.02849403314888119,,,
2023-11-07,0.02849403314888119,,,
2023-11-08,,0.008559466818045607,,
2023-11-09,,0.008559466818045607,,
2023-11-10,,0.008559466818045607,,
2023-11-13,,0.008559466818045607,,
2023-11-14,,0.008559466818045607,,
2023-11-15,,,0.010859795464049086,
2023-11-16,,,0.010859795464049086,
2023-11-17,,,0.010859795464049086,
2023-11-20,,,0.010859795464049086,
2023-11-21,,,0.010859795464049086,
2023-11-22,,,,0.006332007068419064
2023-11-23,,,,0.006332007068419064
2023-11-24,,,,0.006332007068419064
2023-11-27,,,,0.006332007068419064
2023-11-28,,,,0.006332007068419064
2023-11-29,,,,
2023-11-30,,,,
2023-12-01,0.006510586494750951,,,
2023-12-04,0.006510586494750951,,,
2023-12-05,0.006510586494750951,,,
2023-12-06,0.006510586494750951,,,
2023-12-07,0.006510586494750951,,,
2023-12-08,,0.008894698746105021,,
2023-12-11,,0.008894698746105021,,
2023-12-12,,0.008894698746105021,,
2023-12-13,,0.008894698746105021,,
2023-12-14,,0.008894698746105021,,
2023-12-15,,,0.0088200649588036,
2023-12-18,,,0.0088200649588036,
2023-12-19,,,0.0088200649588036,
2023-12-20,,,0.0088200649588036,
2023-12-21,,,0.0088200649588036,
2023-12-22,,,,0.007361274674850592
2023-12-26,,,,0.007361274674850592
2023-12-27,,,,0.007361274674850592
2023-12-28,,,,0.007361274674850592
2024-01-02,0.010564724526480287,,,
2024-01-03,0.010564724526480287,,,
2024-01-04,0.010564724526480287,,,
2024-01-05,0.010564724526480287,,,
2024-01-08,0.010564724526480287,,,
2024-01-09,,0.00339042026029682,,
2024-01-10,,0.00339042026029682,,
2024-01-11,,0.00339042026029682,,
2024-01-12,,0.00339042026029682,,
2024-01-15,,0.00339042026029682,,
2024-01-16,,,0.014256761664682862,
2024-01-17,,,0.014256761664682862,
2024-01-18,,,0.014256761664682862,
2024-01-19,,,0.014256761664682862,
2024-01-22,,,0.014256761664682862,
2024-01-23,,,,0.0048436511957565065
2024-01-24,,,,0.0048436511957565065
2024-01-25,,,,0.0048436511957565065
2024-01-26,,,,0.0048436511957565065
2024-01-29,,,,0.0048436511957565065
2024-01-30,,,,
2024-01-31,,,,
2024-02-01,0.016096028017172328,,,
2024-02-02,0.016096028017172328,,,
2024-02-05,0.016096028017172328,,,
2024-02-06,0.016096028017172328,,,
2024-02-07,0.016096028017172328,,,
2024-02-08,,0.01004085835420511,,
2024-02-13,,0.01004085835420511,,
2024-02-14,,0.01004085835420511,,
2024-02-15,,0.01004085835420511,,
2024-02-16,,0.01004085835420511,,
2024-02-19,,,0.007462998989038235,
2024-02-20,,,0.007462998989038235,
2024-02-21,,,0.007462998989038235,
2024-02-22,,,0.007462998989038235,
2024-02-23,,,0.007462998989038235,
2024-02-26,,,,0.008727857085377358
2024-02-27,,,,0.008727857085377358
2024-02-28,,,,0.008727857085377358
2024-02-29,,,,0.008727857085377358
2024-03-04,0.009454421548786403,,,
2024-03-05,0.009454421548786403,,,
2024-03-06,0.009454421548786403,,,
2024-03-07,0.009454421548786403,,,
2024-03-08,0.009454421548786403,,,
2024-03-11,,0.012182391979632405,,
2024-03-12,,0.012182391979632405,,
2024-03-13,,0.012182391979632405,,
2024-03-14,,0.012182391979632405,,
2024-03-15,,0.012182391979632405,,
2024-03-18,,,0.013533669391282272,
2024-03-19,,,0.013533669391282272,
2024-03-20,,,0.013533669391282272,
2024-03-21,,,0.013533669391282272,
2024-03-22,,,0.013533669391282272,
2024-03-25,,,,0.0044360753745028335
2024-03-26,,,,0.0044360753745028335
2024-03-27,,,,0.0044360753745028335
2024-03-28,,,,0.0044360753745028335
2024-03-29,,,,0.0044360753745028335
2024-04-01,0.011496537140200325,,,
2024-04-02,0.011496537140200325,,,
2024-04-03,0.011496537140200325,,,
2024-04-04,0.011496537140200325,,,
2024-04-05,0.011496537140200325,,,
2024-04-08,,0.004329831763584574,,
2024-04-09,,0.004329831763584574,,
2024-04-11,,0.004329831763584574,,
2024-04-12,,0.004329831763584574,,
2024-04-15,,0.004329831763584574,,
2024-04-16,,,0.018887078915517313,
2024-04-17,,,0.018887078915517313,
2024-04-18,,,0.018887078915517313,
2024-04-19,,,0.018887078915517313,
2024-04-22,,,0.018887078915517313,
2024-04-23,,,,0.01474069177985884
2024-04-24,,,,0.01474069177985884
2024-04-25,,,,0.01474069177985884
2024-04-26,,,,0.01474069177985884
2024-04-29,,,,0.01474069177985884
2024-04-30,,,,
2024-05-02,0.01253789546369663,,,
2024-05-03,0.01253789546369663,,,
2024-05-07,0.01253789546369663,,,
2024-05-08,0.01253789546369663,,,
2024-05-09,0.01253789546369663,,,
2024-05-10,,0.007153670717774435,,
2024-05-13,,0.007153670717774435,,
2024-05-14,,0.007153670717774435,,
2024-05-16,,0.007153670717774435,,
2024-05-17,,0.007153670717774435,,
2024-05-20,,,0.0071744802350008526,
2024-05-21,,,0.0071744802350008526,
2024-05-22,,,0.0071744802350008526,
2024-05-23,,,0.0071744802350008526,
2024-05-24,,,0.0071744802350008526,
2024-05-27,,,,0.012519012453494535
2024-05-28,,,,0.012519012453494535
2024-05-29,,,,0.012519012453494535
2024-05-30,,,,0.012519012453494535
2024-05-31,,,,0.012519012453494535
2024-06-03,0.011854063936782488,,,
2024-06-04,0.011854063936782488,,,
2024-06-05,0.011854063936782488,,,
2024-06-07,0.011854063936782488,,,
2024-06-10,0.011854063936782488,,,
2024-06-11,,0.006080022584335899,,
2024-06-12,,0.006080022584335899,,
2024-06-13,,0.006080022584335899,,
2024-06-14,,0.006080022584335899,,
2024-06-17,,0.006080022584335899,,
2024-06-18,,,0.008924853397495361,
2024-06-19,,,0.008924853397495361,
2024-06-20,,,0.008924853397495361,
2024-06-21,,,0.008924853397495361,
2024-06-24,,,0.008924853397495361,
2024-06-25,,,,0.004070270733697047
2024-06-26,,,,0.004070270733697047
2024-06-27,,,,0.004070270733697047
2024-06-28,,,,0.004070270733697047
2024-07-01,0.008500883229997291,,,
2024-07-02,0.008500883229997291,,,
2024-07-03,0.008500883229997291,,,
2024-07-04,0.008500883229997291,,,
2024-07-05,0.008500883229997291,,,
2024-07-08,,0.007428134521707453,,
2024-07-09,,0.007428134521707453,,
2024-07-10,,0.007428134521707453,,
2024-07-11,,0.007428134521707453,,
2024-07-12,,0.007428134521707453,,
2024-07-15,,,0.005557673256182292,
2024-07-16,,,0.005557673256182292,
2024-07-17,,,0.005557673256182292,
2024-07-18,,,0.005557673256182292,
2024-07-19,,,0.005557673256182292,
2024-07-22,,,,0.010476669742722848
2024-07-23,,,,0.010476669742722848
2024-07-24,,,,0.010476669742722848
2024-07-25,,,,0.010476669742722848
2024-07-26,,,,0.010476669742722848
2024-07-29,,,,
2024-07-30,,,,
2024-07-31,,,,
2024-08-01,0.04864487355521371,,,
2024-08-02,0.04864487355521371,,,
2024-08-05,0.04864487355521371,,,
2024-08-06,0.04864487355521371,,,
2024-08-07,0.04864487355521371,,,
2024-08-08,,0.0073028866892030685,,
2024-08-09,,0.0073028866892030685,,
2024-08-12,,0.0073028866892030685,,
2024-08-13,,0.0073028866892030685,,
2024-08-14,,0.0073028866892030685,,
2024-08-16,,,0.010409608013641259,
2024-08-19,,,0.010409608013641259,
2024-08-20,,,0.010409608013641259,
2024-08-21,,,0.010409608013641259,
2024-08-22,,,0.010409608013641259,
2024-08-23,,,,0.004046019578297711
2024-08-26,,,,0.004046019578297711
2024-08-27,,,,0.004046019578297711
2024-08-28,,,,0.004046019578297711
2024-08-29,,,,0.004046019578297711
2024-08-30,,,,
2024-09-02,0.013224302571603822,,,
2024-09-03,0.013224302571603822,,,
2024-09-04,0.013224302571603822,,,
2024-09-05,0.013224302571603822,,,
2024-09-06,0.013224302571603822,,,
2024-09-09,,0.011910371115567638,,
2024-09-10,,0.011910371115567638,,
2024-09-11,,0.011910371115567638,,
2024-09-12,,0.011910371115567638,,
2024-09-13,,0.011910371115567638,,
2024-09-19,,,0.0091666177652419,
2024-09-20,,,0.0091666177652419,
2024-09-23,,,0.0091666177652419,
2024-09-24,,,0.0091666177652419,
2024-09-25,,,0.0091666177652419,
2024-09-26,,,,0.02608913410272392
2024-09-27,,,,0.02608913410272392
2024-09-30,,,,0.02608913410272392
2024-10-02,0.010588022316673069,,,
2024-10-04,0.010588022316673069,,,
2024-10-07,0.010588022316673069,,,
2024-10-08,0.010588022316673069,,,
2024-10-10,0.010588022316673069,,,
2024-10-11,,0.006942527250141191,,
2024-10-14,,0.006942527250141191,,
2024-10-15,,0.006942527250141191,,
2024-10-16,,0.006942527250141191,,
2024-10-17,,0.006942527250141191,,
2024-10-18,,,0.009758566195112414,
2024-10-21,,,0.009758566195112414,
2024-10-22,,,0.009758566195112414,
2024-10-23,,,0.009758566195112414,
2024-10-24,,,0.009758566195112414,
2024-10-25,,,,0.01011388498507193
2024-10-28,,,,0.01011388498507193
2024-10-29,,,,0.01011388498507193
2024-10-30,,,,0.01011388498507193
2024-10-31,,,,0.01011388498507193
2024-11-01,0.01014470503388052,,,
2024-11-04,0.01014470503388052,,,
2024-11-05,0.01014470503388052,,,
2024-11-06,0.01014470503388052,,,
2024-11-07,0.01014470503388052,,,
2024-11-08,,0.011578542810386222,,
2024-11-11,,0.011578542810386222,,
2024-11-12,,0.011578542810386222,,
2024-11-13,,0.011578542810386222,,
2024-11-14,,0.011578542810386222,,
2024-11-15,,,0.00944786792770695,
2024-11-18,,,0.00944786792770695,
2024-11-19,,,0.00944786792770695,
2024-11-20,,,0.00944786792770695,
2024-11-21,,,0.00944786792770695,
2024-11-22,,,,0.008701793668778227
2024-11-25,,,,0.008701793668778227
2024-11-26,,,,0.008701793668778227
2024-11-27,,,,0.008701793668778227
2024-11-28,,,,0.008701793668778227
2024-11-29,,,,
2024-12-02,0.01267079163492135,,,
2024-12-03,0.01267079163492135,,,
2024-12-04,0.01267079163492135,,,
2024-12-05,0.01267079163492135,,,
2024-12-06,0.01267079163492135,,,
2024-12-09,,0.02000034827609335,,
2024-12-10,,0.02000034827609335,,
2024-12-11,,0.02000034827609335,,
2024-12-12,,0.02000034827609335,,
2024-12-13,,0.02000034827609335,,
2024-12-16,,,0.01208095363053514,
2024-12-17,,,0.01208095363053514,
2024-12-18,,,0.01208095363053514,
2024-12-19,,,0.01208095363053514,
2024-12-20,,,0.01208095363053514,
2024-12-23,,,,0.009712930115250321
2024-12-24,,,,0.009712930115250321
2024-12-26,,,,0.009712930115250321
2024-12-27,,,,0.009712930115250321
2024-12-30,,,,0.009712930115250321
