회사명,상장일,PC1,cycle_pc1,경기국면
바이오노트,2022-12,-4.750131454998564,-1.068974640782618,0
쏘카,2022-08,-4.820076518622365,-1.5876657339879356,0
수산인더스트리,2022-08,-4.820076518622365,-1.5876657339879356,0
LG에너지솔루션,2022-01,-3.0623374710662,-0.6434006257360081,0
카카오페이,2021-11,-2.290518985137892,-0.1077884627416936,0
케이카,2021-10,-2.094600787346776,-0.0301249422163287,0
현대중공업,2021-09,-1.809594867349969,0.1366667483175394,1
일진하이솔루스,2021-09,-1.809594867349969,0.1366667483175394,1
아주스틸,2021-08,-1.6054061679868648,0.2227882001428223,1
롯데렌탈,2021-08,-1.6054061679868648,0.2227882001428223,1
한컴라이프케어,2021-08,-1.6054061679868648,0.2227882001428223,1
크래프톤,2021-08,-1.6054061679868648,0.2227882001428223,1
에스디바이오센서,2021-07,-1.3807770421453962,0.329602539966511,1
SK아이이테크놀로지,2021-05,-1.0386449124582149,0.4372749811494658,1
SK바이오사이언스,2021-03,-0.5292163188283862,0.7144606197833144,1
솔루엠,2021-02,-0.1586509311961865,0.9699686372941172,1
명신산업,2020-12,0.3185344476363079,1.219589189348813,1
에이플러스에셋,2020-11,0.5604413009909172,1.3491342957907315,1
교촌에프앤비,2020-11,0.5604413009909172,1.3491342957907315,1
빅히트,2020-10,0.662990200452047,1.3403504289459094,1
에스케이바이오팜,2020-07,0.9796456456136864,1.3296173249422687,1
센트랄모텍,2019-11,0.7342540995068378,0.2616441063279323,1
현대에너지솔루션,2019-11,0.7342540995068378,0.2616441063279323,1
한화시스템,2019-11,0.7342540995068378,0.2616441063279323,1
자이에스앤디,2019-11,0.7342540995068378,0.2616441063279323,1
지누스,2019-10,0.8105239891533883,0.2399609702573223,1
현대오토에버,2019-03,1.409785032593625,0.179084118520733,1
드림텍,2019-03,1.409785032593625,0.179084118520733,1
에어부산,2018-12,1.5066386930537912,0.0044702780048984,1
아시아나IDT,2018-11,1.5861280203651775,-0.0053285029241347,0
하나제약,2018-10,1.7073295271804103,0.0271077612200076,1
우진아이엔에스,2018-09,1.7411939815701076,-0.0273167260891753,0
티웨이항공,2018-08,1.5929348135329495,-0.2634353086149485,0
롯데정보통신,2018-07,1.4805273042532816,-0.4633192681577043,0
애경산업,2018-03,1.6496923711465723,-0.6410658725740519,0
동양피스톤,2017-12,2.4193118595635283,-0.1294073591897846,0
진에어,2017-12,2.4193118595635283,-0.1294073591897846,0
삼양패키징,2017-11,2.520982538678355,-0.1134238900769823,0
테이팩스,2017-10,2.569794096580766,-0.1501757075237595,0
넷마블게임즈,2017-05,2.909161641637996,-0.2372125978332313,0
덴티움,2017-03,3.1099508370207305,-0.2065103915746231,0
호전실업,2017-02,3.2370878482078447,-0.1643401043736667,0
핸즈코퍼레이션,2016-12,3.566840346296445,-0.0043741271922419,0
두산밥캣,2016-11,3.701322343264848,0.0452875796862959,1
삼성바이오로직스,2016-11,3.701322343264848,0.0452875796862959,1
JW생명과학,2016-10,3.7514983228582417,0.0106912785359809,1
화승엔터프라이즈,2016-10,3.7514983228582417,0.0106912785359809,1
엘에스전선 아시아,2016-09,3.854463600662786,0.0289314657672772,1
두올,2016-07,3.997110951901669,0.0022663764539014,1
해성디에스,2016-06,4.111249793670442,0.0318163469275178,1
용평리조트,2016-05,4.2506370397353725,0.0866590749846043,1
해태제과식품,2016-05,4.2506370397353725,0.0866590749846043,1
대림씨엔에스,2016-03,4.472637161989348,0.1396999148456297,1
제이에스코퍼레이션,2016-02,4.5558883710654765,0.1385321720370358,1
코리아오토글라스,2015-12,4.575963466097505,-0.0101289359264287,0
잇츠스킨,2015-12,4.575963466097505,-0.0101289359264287,0
세진중공업,2015-11,4.462699838398085,-0.2077206657517694,0
금호에이치티,2015-11,4.462699838398085,-0.2077206657517694,0
제주항공,2015-11,4.462699838398085,-0.2077206657517694,0
LIG넥스원,2015-10,4.509070918363407,-0.2456587364718938,0
동일제강,2015-09,4.691049525111263,-0.1479744927528088,0
아이콘트롤스,2015-09,4.691049525111263,-0.1479744927528088,0
AJ네트웍스,2015-08,5.004477274316592,0.0811714128115639,1
이노션,2015-07,5.090636818738434,0.0830605064899039,1
토니모리,2015-07,5.090636818738434,0.0830605064899039,1
경보제약,2015-06,5.104933779234029,0.0130966563264571,1
에스케이디앤디,2015-06,5.104933779234029,0.0130966563264571,1
엔에스쇼핑,2015-03,5.211094035781735,-0.133491886188362,0
세화아이엠씨,2015-03,5.211094035781735,-0.133491886188362,0
큐라티스,2023-06,-5.134169125202257,-0.8061885581032486,0
마녀공장,2023-06,-5.134169125202257,-0.8061885581032486,0
나라셀라,2023-06,-5.134169125202257,-0.8061885581032486,0
진영,2023-06,-5.134169125202257,-0.8061885581032486,0
기가비스,2023-05,-5.078990346231254,-0.8567217562267038,0
씨유박스,2023-05,-5.078990346231254,-0.8567217562267038,0
모니터랩,2023-05,-5.078990346231254,-0.8567217562267038,0
트루엔,2023-05,-5.078990346231254,-0.8567217562267038,0
에스바이오메딕스,2023-05,-5.078990346231254,-0.8567217562267038,0
마이크로투나노,2023-04,-4.982170716889689,-0.8664126739674254,0
지아이이노베이션,2023-03,-4.977929779182969,-0.9695147515294495,0
LB인베스트먼트,2023-03,-4.977929779182969,-0.9695147515294495,0
금양그린파워,2023-03,-4.977929779182969,-0.9695147515294495,0
자람테크놀로지,2023-03,-4.977929779182969,-0.9695147515294495,0
나노팀,2023-03,-4.977929779182969,-0.9695147515294495,0
바이오인프라,2023-03,-4.977929779182969,-0.9695147515294495,0
제이오,2023-02,-4.917228777965844,-1.017016446683178,0
샌즈랩,2023-02,-4.917228777965844,-1.017016446683178,0
꿈비,2023-02,-4.917228777965844,-1.017016446683178,0
스튜디오미르,2023-02,-4.917228777965844,-1.017016446683178,0
삼기이브이,2023-02,-4.917228777965844,-1.017016446683178,0
오브젠,2023-01,-4.834069937772605,-1.042939716054854,0
미래반도체,2023-01,-4.834069937772605,-1.042939716054854,0
한주라이트메탈,2023-01,-4.834069937772605,-1.042939716054854,0
티이엠씨,2023-01,-4.834069937772605,-1.042939716054854,0
SAMG엔터,2022-12,-4.750131454998564,-1.068974640782618,0
펨트론,2022-11,-4.946572457908756,-1.37628418649998,0
인벤티지랩,2022-11,-4.946572457908756,-1.37628418649998,0
엔젯,2022-11,-4.946572457908756,-1.37628418649998,0
티쓰리,2022-11,-4.946572457908756,-1.37628418649998,0
티에프이,2022-11,-4.946572457908756,-1.37628418649998,0
윤성에프앤씨,2022-11,-4.946572457908756,-1.37628418649998,0
디티앤씨알오,2022-11,-4.946572457908756,-1.37628418649998,0
뉴로메카,2022-11,-4.946572457908756,-1.37628418649998,0
제이아이테크,2022-11,-4.946572457908756,-1.37628418649998,0
큐알티,2022-11,-4.946572457908756,-1.37628418649998,0
저스템,2022-10,-5.061246315101329,-1.6027173109124426,0
산돌,2022-10,-5.061246315101329,-1.6027173109124426,0
플라즈맵,2022-10,-5.061246315101329,-1.6027173109124426,0
핀텔,2022-10,-5.061246315101329,-1.6027173109124426,0
샤페론,2022-10,-5.061246315101329,-1.6027173109124426,0
탑머티리얼,2022-10,-5.061246315101329,-1.6027173109124426,0
에스비비테크,2022-10,-5.061246315101329,-1.6027173109124426,0
오에스피,2022-10,-5.061246315101329,-1.6027173109124426,0
이노룰스,2022-10,-5.061246315101329,-1.6027173109124426,0
모델솔루션,2022-10,-5.061246315101329,-1.6027173109124426,0
더블유씨피,2022-09,-4.974337933084701,-1.6284438901590343,0
알피바이오,2022-09,-4.974337933084701,-1.6284438901590343,0
오픈엣지테크놀로지,2022-09,-4.974337933084701,-1.6284438901590343,0
대성하이텍,2022-08,-4.820076518622365,-1.5876657339879356,0
에이치와이티씨,2022-08,-4.820076518622365,-1.5876657339879356,0
새빗켐,2022-08,-4.820076518622365,-1.5876657339879356,0
아이씨에이치,2022-07,-4.41296063728651,-1.294841445802553,0
성일하이텍,2022-07,-4.41296063728651,-1.294841445802553,0
에이프릴바이오,2022-07,-4.41296063728651,-1.294841445802553,0
루닛,2022-07,-4.41296063728651,-1.294841445802553,0
HPSP,2022-07,-4.41296063728651,-1.294841445802553,0
영창케미칼,2022-07,-4.41296063728651,-1.294841445802553,0
코난테크놀로지,2022-07,-4.41296063728651,-1.294841445802553,0
넥스트칩,2022-07,-4.41296063728651,-1.294841445802553,0
보로노이,2022-06,-4.0704093870268,-1.0673379108765584,0
레이저쎌,2022-06,-4.0704093870268,-1.0673379108765584,0
위니아에이드,2022-06,-4.0704093870268,-1.0673379108765584,0
범한퓨얼셀,2022-06,-4.0704093870268,-1.0673379108765584,0
청담글로벌,2022-06,-4.0704093870268,-1.0673379108765584,0
가온칩스,2022-05,-3.804200387688895,-0.9168705453190836,0
대명에너지,2022-05,-3.804200387688895,-0.9168705453190836,0
포바이포,2022-04,-3.6265919027346993,-0.8556271732234748,0
지투파워,2022-04,-3.6265919027346993,-0.8556271732234748,0
세아메카닉스,2022-03,-3.53283858822671,-0.878784936665268,0
공구우먼,2022-03,-3.53283858822671,-0.878784936665268,0
유일로보틱스,2022-03,-3.53283858822671,-0.878784936665268,0
모아데이타,2022-03,-3.53283858822671,-0.878784936665268,0
비씨엔씨,2022-03,-3.53283858822671,-0.878784936665268,0
노을,2022-03,-3.53283858822671,-0.878784936665268,0
풍원정밀,2022-02,-3.3706756945545946,-0.833994969985647,0
스톤브릿지벤처스,2022-02,-3.3706756945545946,-0.833994969985647,0
브이씨,2022-02,-3.3706756945545946,-0.833994969985647,0
퓨런티어,2022-02,-3.3706756945545946,-0.833994969985647,0
바이오에프디엔씨,2022-02,-3.3706756945545946,-0.833994969985647,0
나래나노텍,2022-02,-3.3706756945545946,-0.833994969985647,0
아셈스,2022-02,-3.3706756945545946,-0.833994969985647,0
스코넥,2022-02,-3.3706756945545946,-0.833994969985647,0
이지트로닉스,2022-02,-3.3706756945545946,-0.833994969985647,0
케이옥션,2022-01,-3.0623374710662,-0.6434006257360081,0
오토앤,2022-01,-3.0623374710662,-0.6434006257360081,0
케이티비네트워크,2021-12,-2.712207775783204,-0.4112884299952033,0
마인즈랩,2021-11,-2.290518985137892,-0.1077884627416936,0
알비더블유,2021-11,-2.290518985137892,-0.1077884627416936,0
트윔,2021-11,-2.290518985137892,-0.1077884627416936,0
지오엘리먼트,2021-11,-2.290518985137892,-0.1077884627416936,0
아이티아이즈,2021-11,-2.290518985137892,-0.1077884627416936,0
비트나인,2021-11,-2.290518985137892,-0.1077884627416936,0
디어유,2021-11,-2.290518985137892,-0.1077884627416936,0
지니너스,2021-11,-2.290518985137892,-0.1077884627416936,0
피코그램,2021-11,-2.290518985137892,-0.1077884627416936,0
엔켐,2021-11,-2.290518985137892,-0.1077884627416936,0
리파인,2021-10,-2.094600787346776,-0.0301249422163287,0
지앤비에스엔지니어링,2021-10,-2.094600787346776,-0.0301249422163287,0
아이패밀리에스씨,2021-10,-2.094600787346776,-0.0301249422163287,0
차백신연구소,2021-10,-2.094600787346776,-0.0301249422163287,0
지아이텍,2021-10,-2.094600787346776,-0.0301249422163287,0
씨유테크,2021-10,-2.094600787346776,-0.0301249422163287,0
아스플로,2021-10,-2.094600787346776,-0.0301249422163287,0
원준,2021-10,-2.094600787346776,-0.0301249422163287,0
실리콘투,2021-09,-1.809594867349969,0.1366667483175394,1
프롬바이오,2021-09,-1.809594867349969,0.1366667483175394,1
바이오플러스,2021-09,-1.809594867349969,0.1366667483175394,1
와이엠텍,2021-09,-1.809594867349969,0.1366667483175394,1
바이젠셀,2021-08,-1.6054061679868648,0.2227882001428223,1
브레인즈컴퍼니,2021-08,-1.6054061679868648,0.2227882001428223,1
딥노이드,2021-08,-1.6054061679868648,0.2227882001428223,1
플래티어,2021-08,-1.6054061679868648,0.2227882001428223,1
원티드랩,2021-08,-1.6054061679868648,0.2227882001428223,1
HK이노엔,2021-08,-1.6054061679868648,0.2227882001428223,1
맥스트,2021-07,-1.3807770421453962,0.329602539966511,1
큐라클,2021-07,-1.3807770421453962,0.329602539966511,1
오비고,2021-07,-1.3807770421453962,0.329602539966511,1
아모센스,2021-06,-1.1224956067055438,0.4704254114587958,1
이노뎁,2021-06,-1.1224956067055438,0.4704254114587958,1
엘비루셈,2021-06,-1.1224956067055438,0.4704254114587958,1
에이디엠코리아,2021-06,-1.1224956067055438,0.4704254114587958,1
제주맥주,2021-05,-1.0386449124582149,0.4372749811494658,1
진시스템,2021-05,-1.0386449124582149,0.4372749811494658,1
삼영에스앤씨,2021-05,-1.0386449124582149,0.4372749811494658,1
샘씨엔에스,2021-05,-1.0386449124582149,0.4372749811494658,1
씨앤씨인터내셔널,2021-05,-1.0386449124582149,0.4372749811494658,1
에이치피오,2021-05,-1.0386449124582149,0.4372749811494658,1
쿠콘,2021-04,-0.845402259696996,0.5140715362399241,1
해성티피씨,2021-04,-0.845402259696996,0.5140715362399241,1
이삭엔지니어링,2021-04,-0.845402259696996,0.5140715362399241,1
엔시스,2021-04,-0.845402259696996,0.5140715362399241,1
자이언트스텝,2021-03,-0.5292163188283862,0.7144606197833144,1
제노코,2021-03,-0.5292163188283862,0.7144606197833144,1
라이프시맨틱스,2021-03,-0.5292163188283862,0.7144606197833144,1
바이오다인,2021-03,-0.5292163188283862,0.7144606197833144,1
프레스티지바이오로직스,2021-03,-0.5292163188283862,0.7144606197833144,1
싸이버원,2021-03,-0.5292163188283862,0.7144606197833144,1
나노씨엠에스,2021-03,-0.5292163188283862,0.7144606197833144,1
뷰노,2021-02,-0.1586509311961865,0.9699686372941172,1
유일에너테크,2021-02,-0.1586509311961865,0.9699686372941172,1
오로스테크놀로지,2021-02,-0.1586509311961865,0.9699686372941172,1
아이퀘스트,2021-02,-0.1586509311961865,0.9699686372941172,1
레인보우로보틱스,2021-02,-0.1586509311961865,0.9699686372941172,1
와이더플래닛,2021-02,-0.1586509311961865,0.9699686372941172,1
핑거,2021-01,0.1247579480123857,1.1391443676299733,1
모비릭스,2021-01,0.1247579480123857,1.1391443676299733,1
씨앤투스성진,2021-01,0.1247579480123857,1.1391443676299733,1
선진뷰티사이언스,2021-01,0.1247579480123857,1.1391443676299733,1
엔비티,2021-01,0.1247579480123857,1.1391443676299733,1
석경에이티,2020-12,0.3185344476363079,1.219589189348813,1
프리시젼바이오,2020-12,0.3185344476363079,1.219589189348813,1
알체라,2020-12,0.3185344476363079,1.219589189348813,1
티엘비,2020-12,0.3185344476363079,1.219589189348813,1
인바이오,2020-12,0.3185344476363079,1.219589189348813,1
엔젠바이오,2020-12,0.3185344476363079,1.219589189348813,1
퀀타매트릭스,2020-12,0.3185344476363079,1.219589189348813,1
클리노믹스,2020-12,0.3185344476363079,1.219589189348813,1
포인트모바일,2020-12,0.3185344476363079,1.219589189348813,1
앱코,2020-12,0.3185344476363079,1.219589189348813,1
엔에프씨,2020-12,0.3185344476363079,1.219589189348813,1
제일전기공업,2020-11,0.5604413009909172,1.3491342957907315,1
하나기술,2020-11,0.5604413009909172,1.3491342957907315,1
티앤엘,2020-11,0.5604413009909172,1.3491342957907315,1
고바이오랩,2020-11,0.5604413009909172,1.3491342957907315,1
네패스아크,2020-11,0.5604413009909172,1.3491342957907315,1
소룩스,2020-11,0.5604413009909172,1.3491342957907315,1
위드텍,2020-10,0.662990200452047,1.3403504289459094,1
센코,2020-10,0.662990200452047,1.3403504289459094,1
바이브컴퍼니,2020-10,0.662990200452047,1.3403504289459094,1
피플바이오,2020-10,0.662990200452047,1.3403504289459094,1
넥스틴,2020-10,0.662990200452047,1.3403504289459094,1
원방테크,2020-09,0.6202023025935952,1.1873073850157398,1
박셀바이오,2020-09,0.6202023025935952,1.1873073850157398,1
비비씨,2020-09,0.6202023025935952,1.1873073850157398,1
핌스,2020-09,0.6202023025935952,1.1873073850157398,1
압타머사이언스,2020-09,0.6202023025935952,1.1873073850157398,1
이오플로우,2020-09,0.6202023025935952,1.1873073850157398,1
카카오게임즈,2020-09,0.6202023025935952,1.1873073850157398,1
피엔케이,2020-09,0.6202023025935952,1.1873073850157398,1
아이디피,2020-08,0.8505611307451045,1.308526984747162,1
셀레믹스,2020-08,0.8505611307451045,1.308526984747162,1
브랜드엑스코퍼레이션,2020-08,0.8505611307451045,1.308526984747162,1
영림원소프트랩,2020-08,0.8505611307451045,1.308526984747162,1
한국파마,2020-08,0.8505611307451045,1.308526984747162,1
이루다,2020-08,0.8505611307451045,1.308526984747162,1
와이팜,2020-07,0.9796456456136864,1.3296173249422687,1
엠투아이,2020-07,0.9796456456136864,1.3296173249422687,1
더네이쳐홀딩스,2020-07,0.9796456456136864,1.3296173249422687,1
솔트룩스,2020-07,0.9796456456136864,1.3296173249422687,1
에이프로,2020-07,0.9796456456136864,1.3296173249422687,1
신도기연,2020-07,0.9796456456136864,1.3296173249422687,1
위더스제약,2020-07,0.9796456456136864,1.3296173249422687,1
마크로밀엠브레인,2020-07,0.9796456456136864,1.3296173249422687,1
엘이티,2020-06,1.1832751732070397,1.4264167710449054,1
에스씨엠생명과학,2020-06,1.1832751732070397,1.4264167710449054,1
드림씨아이에스,2020-05,1.470859002376528,1.6083433919496453,1
엔피디,2020-03,0.6852293267785646,0.6148966044069013,1
플레이디,2020-03,0.6852293267785646,0.6148966044069013,1
서울바이오시스,2020-03,0.6852293267785646,0.6148966044069013,1
제이앤티씨,2020-03,0.6852293267785646,0.6148966044069013,1
켄코아에어로스페이스,2020-03,0.6852293267785646,0.6148966044069013,1
레몬,2020-02,0.2971511848569819,0.1246207450444827,1
서남,2020-02,0.2971511848569819,0.1246207450444827,1
피피아이,2019-12,0.4578908717605398,0.0842508470357452,1
천랩,2019-12,0.4578908717605398,0.0842508470357452,1
메탈라이프,2019-12,0.4578908717605398,0.0842508470357452,1
브릿지바이오,2019-12,0.4578908717605398,0.0842508470357452,1
메드팩토,2019-12,0.4578908717605398,0.0842508470357452,1
신테카바이오,2019-12,0.4578908717605398,0.0842508470357452,1
제이엘케이인스펙션,2019-12,0.4578908717605398,0.0842508470357452,1
태웅로직스,2019-12,0.4578908717605398,0.0842508470357452,1
코리아센터,2019-11,0.7342540995068378,0.2616441063279323,1
노터스,2019-11,0.7342540995068378,0.2616441063279323,1
티움바이오,2019-11,0.7342540995068378,0.2616441063279323,1
씨에스베어링,2019-11,0.7342540995068378,0.2616441063279323,1
우양,2019-11,0.7342540995068378,0.2616441063279323,1
에스제이그룹,2019-11,0.7342540995068378,0.2616441063279323,1
제테마,2019-11,0.7342540995068378,0.2616441063279323,1
라파스,2019-11,0.7342540995068378,0.2616441063279323,1
아이티엠반도체,2019-11,0.7342540995068378,0.2616441063279323,1
티라유텍,2019-10,0.8105239891533883,0.2399609702573223,1
캐리소프트,2019-10,0.8105239891533883,0.2399609702573223,1
케이엔제이,2019-10,0.8105239891533883,0.2399609702573223,1
엔바이오니아,2019-10,0.8105239891533883,0.2399609702573223,1
팜스빌,2019-10,0.8105239891533883,0.2399609702573223,1
라온피플,2019-10,0.8105239891533883,0.2399609702573223,1
아톤,2019-10,0.8105239891533883,0.2399609702573223,1
녹십자웰빙,2019-10,0.8105239891533883,0.2399609702573223,1
올리패스,2019-09,0.948456949809974,0.2809259616056229,1
라닉스,2019-09,0.948456949809974,0.2809259616056229,1
한독크린텍,2019-09,0.948456949809974,0.2809259616056229,1
네오크레마,2019-08,1.112396265477125,0.3488486264945931,1
마니커에프앤지,2019-08,1.112396265477125,0.3488486264945931,1
나노브릭,2019-08,1.112396265477125,0.3488486264945931,1
에스피시스템스,2019-08,1.112396265477125,0.3488486264945931,1
레이,2019-08,1.112396265477125,0.3488486264945931,1
코윈테크,2019-08,1.112396265477125,0.3488486264945931,1
덕산테코피아,2019-08,1.112396265477125,0.3488486264945931,1
슈프리마아이디,2019-08,1.112396265477125,0.3488486264945931,1
한국바이오젠,2019-08,1.112396265477125,0.3488486264945931,1
세경하이테크,2019-07,1.1692849917050503,0.3106361149570781,1
윌링스,2019-07,1.1692849917050503,0.3106361149570781,1
대모,2019-07,1.1692849917050503,0.3106361149570781,1
에이스토리,2019-07,1.1692849917050503,0.3106361149570781,1
플리토,2019-07,1.1692849917050503,0.3106361149570781,1
세틀뱅크,2019-07,1.1692849917050503,0.3106361149570781,1
아이스크림에듀,2019-07,1.1692849917050503,0.3106361149570781,1
펌텍코리아,2019-07,1.1692849917050503,0.3106361149570781,1
에이에프더블류,2019-07,1.1692849917050503,0.3106361149570781,1
압타바이오,2019-06,1.1244383715794724,0.1715650728282063,1
까스텔바쟉,2019-06,1.1244383715794724,0.1715650728282063,1
마이크로디지탈,2019-06,1.1244383715794724,0.1715650728282063,1
컴퍼니케이,2019-05,1.0472111376749795,0.0009492385483713,1
아모그린텍,2019-03,1.409785032593625,0.179084118520733,1
이지케어텍,2019-03,1.409785032593625,0.179084118520733,1
에코프로비엠,2019-03,1.409785032593625,0.179084118520733,1
셀리드,2019-02,1.5413133856404984,0.2194761721359963,1
천보,2019-02,1.5413133856404984,0.2194761721359963,1
이노테라피,2019-02,1.5413133856404984,0.2194761721359963,1
노랑풍선,2019-01,1.4040567172552774,-0.0082541182717537,0
웹케시,2019-01,1.4040567172552774,-0.0082541182717537,0
비피도,2018-12,1.5066386930537912,0.0044702780048984,1
유틸렉스,2018-12,1.5066386930537912,0.0044702780048984,1
디케이티,2018-12,1.5066386930537912,0.0044702780048984,1
위지윅스튜디오,2018-12,1.5066386930537912,0.0044702780048984,1
에이비엘바이오,2018-12,1.5066386930537912,0.0044702780048984,1
머큐리,2018-12,1.5066386930537912,0.0044702780048984,1
전진바이오팜,2018-12,1.5066386930537912,0.0044702780048984,1
뉴트리,2018-12,1.5066386930537912,0.0044702780048984,1
이노메트리,2018-12,1.5066386930537912,0.0044702780048984,1
골든브릿지이안5호,2018-12,1.5066386930537912,0.0044702780048984,1
대유에이피,2018-12,1.5066386930537912,0.0044702780048984,1
에코캡,2018-12,1.5066386930537912,0.0044702780048984,1
베스파,2018-12,1.5066386930537912,0.0044702780048984,1
남화산업,2018-11,1.5861280203651775,-0.0053285029241347,0
티로보틱스,2018-11,1.5861280203651775,-0.0053285029241347,0
엠아이텍,2018-11,1.5861280203651775,-0.0053285029241347,0
티앤알바이오팹,2018-11,1.5861280203651775,-0.0053285029241347,0
네오펙트,2018-11,1.5861280203651775,-0.0053285029241347,0
싸이토젠,2018-11,1.5861280203651775,-0.0053285029241347,0
디알젬,2018-11,1.5861280203651775,-0.0053285029241347,0
파멥신,2018-11,1.5861280203651775,-0.0053285029241347,0
디케이앤디,2018-11,1.5861280203651775,-0.0053285029241347,0
디자인,2018-11,1.5861280203651775,-0.0053285029241347,0
노바렉스,2018-11,1.5861280203651775,-0.0053285029241347,0
셀리버리,2018-11,1.5861280203651775,-0.0053285029241347,0
대보마그네틱,2018-11,1.5861280203651775,-0.0053285029241347,0
노바텍,2018-11,1.5861280203651775,-0.0053285029241347,0
엘앤씨바이오,2018-11,1.5861280203651775,-0.0053285029241347,0
로보티즈,2018-10,1.7073295271804103,0.0271077612200076,1
옵티팜,2018-10,1.7073295271804103,0.0271077612200076,1
에스퓨얼셀,2018-10,1.7073295271804103,0.0271077612200076,1
푸드나무,2018-10,1.7073295271804103,0.0271077612200076,1
크리스에프앤씨,2018-10,1.7073295271804103,0.0271077612200076,1
명성티엔에스,2018-09,1.7411939815701076,-0.0273167260891753,0
액트로,2018-08,1.5929348135329495,-0.2634353086149485,0
에이피티씨,2018-08,1.5929348135329495,-0.2634353086149485,0
바이오솔루션,2018-08,1.5929348135329495,-0.2634353086149485,0
대유,2018-08,1.5929348135329495,-0.2634353086149485,0
디아이티,2018-08,1.5929348135329495,-0.2634353086149485,0
에스에스알,2018-08,1.5929348135329495,-0.2634353086149485,0
휴네시온,2018-08,1.5929348135329495,-0.2634353086149485,0
한국유니온제약,2018-07,1.4805273042532816,-0.4633192681577043,0
엠코르셋,2018-07,1.4805273042532816,-0.4633192681577043,0
올릭스,2018-07,1.4805273042532816,-0.4633192681577043,0
아이큐어,2018-07,1.4805273042532816,-0.4633192681577043,0
SV인베스트먼트,2018-07,1.4805273042532816,-0.4633192681577043,0
EDGC,2018-06,1.53981435824912,-0.4911702305043119,0
파워넷,2018-06,1.53981435824912,-0.4911702305043119,0
현대사료,2018-06,1.53981435824912,-0.4911702305043119,0
세종메디칼,2018-05,1.5755700918037057,-0.5422550346820654,0
제노레이,2018-05,1.5755700918037057,-0.5422550346820654,0
케어랩스,2018-03,1.6496923711465723,-0.6410658725740519,0
에코마이스터,2018-03,1.6496923711465723,-0.6410658725740519,0
린드먼아시아,2018-03,1.6496923711465723,-0.6410658725740519,0
동구바이오제약,2018-02,1.7941137053635283,-0.5827991562992632,0
알리코제약,2018-02,1.7941137053635283,-0.5827991562992632,0
카페24,2018-02,1.7941137053635283,-0.5827991562992632,0
배럴,2018-02,1.7941137053635283,-0.5827991562992632,0
SG,2018-01,1.9760484104881728,-0.4868449049566821,0
씨앤지하이테크,2018-01,1.9760484104881728,-0.4868449049566821,0
시스웍,2017-12,2.4193118595635283,-0.1294073591897846,0
디바이스이엔지,2017-12,2.4193118595635283,-0.1294073591897846,0
씨티케이코스메틱스,2017-12,2.4193118595635283,-0.1294073591897846,0
메카로,2017-12,2.4193118595635283,-0.1294073591897846,0
에스트래픽,2017-12,2.4193118595635283,-0.1294073591897846,0
체리부로,2017-12,2.4193118595635283,-0.1294073591897846,0
대원,2017-12,2.4193118595635283,-0.1294073591897846,0
비즈니스온,2017-11,2.520982538678355,-0.1134238900769823,0
스튜디오드래곤,2017-11,2.520982538678355,-0.1134238900769823,0
영화테크,2017-10,2.569794096580766,-0.1501757075237595,0
상신전자,2017-10,2.569794096580766,-0.1501757075237595,0
야스,2017-09,2.5989194062220693,-0.20650392204807,0
에스엔피월드,2017-09,2.5989194062220693,-0.20650392204807,0
유티아이,2017-09,2.5989194062220693,-0.20650392204807,0
신흥에스이씨,2017-09,2.5989194062220693,-0.20650392204807,0
선익시스템,2017-09,2.5989194062220693,-0.20650392204807,0
엠플러스,2017-09,2.5989194062220693,-0.20650392204807,0
앱클론,2017-09,2.5989194062220693,-0.20650392204807,0
샘코,2017-09,2.5989194062220693,-0.20650392204807,0
펄어비스,2017-09,2.5989194062220693,-0.20650392204807,0
덕우전자,2017-08,2.737112241626652,-0.1536675843316124,0
이더블유케이,2017-08,2.737112241626652,-0.1536675843316124,0
알에스오토메이션,2017-08,2.737112241626652,-0.1536675843316124,0
컬러레이,2017-08,2.737112241626652,-0.1536675843316124,0
모트렉스,2017-08,2.737112241626652,-0.1536675843316124,0
데이타솔루션,2017-08,2.737112241626652,-0.1536675843316124,0
지니언스,2017-08,2.737112241626652,-0.1536675843316124,0
디앤씨미디어,2017-08,2.737112241626652,-0.1536675843316124,0
셀트리온헬스케어,2017-07,2.9124200325918146,-0.0636304958887112,0
이즈미디어,2017-07,2.9124200325918146,-0.0636304958887112,0
힘스,2017-07,2.9124200325918146,-0.0636304958887112,0
브이원텍,2017-07,2.9124200325918146,-0.0636304958887112,0
아우딘퓨쳐스,2017-07,2.9124200325918146,-0.0636304958887112,0
제일홀딩스,2017-06,2.791343435357976,-0.2699020460839025,0
보라티알,2017-06,2.791343435357976,-0.2699020460839025,0
삼양옵틱스,2017-06,2.791343435357976,-0.2699020460839025,0
필옵틱스,2017-06,2.791343435357976,-0.2699020460839025,0
하나머티리얼즈,2017-04,2.8697924728146407,-0.3616518018053214,0
와이엠티,2017-04,2.8697924728146407,-0.3616518018053214,0
서진시스템,2017-03,3.1099508370207305,-0.2065103915746231,0
코미코,2017-03,3.1099508370207305,-0.2065103915746231,0
아스타,2017-03,3.1099508370207305,-0.2065103915746231,0
에스디생명공학,2017-03,3.1099508370207305,-0.2065103915746231,0
신신제약,2017-02,3.2370878482078447,-0.1643401043736667,0
에프엔에스테크,2017-02,3.2370878482078447,-0.1643401043736667,0
모바일어플라이언스,2017-02,3.2370878482078447,-0.1643401043736667,0
피씨엘,2017-02,3.2370878482078447,-0.1643401043736667,0
서플러스글로벌,2017-01,3.5529344576554687,0.0665887533373026,1
유바이오로직스,2017-01,3.5529344576554687,0.0665887533373026,1
퓨전데이타,2016-12,3.566840346296445,-0.0043741271922419,0
DSC인베스트먼트,2016-12,3.566840346296445,-0.0043741271922419,0
티에스인베스트먼트,2016-12,3.566840346296445,-0.0043741271922419,0
마이크로프랜드,2016-12,3.566840346296445,-0.0043741271922419,0
애니젠,2016-12,3.566840346296445,-0.0043741271922419,0
신라젠,2016-12,3.566840346296445,-0.0043741271922419,0
오션브릿지,2016-12,3.566840346296445,-0.0043741271922419,0
뉴파워프라즈마,2016-11,3.701322343264848,0.0452875796862959,1
에이치엔티,2016-11,3.701322343264848,0.0452875796862959,1
클리오,2016-11,3.701322343264848,0.0452875796862959,1
오가닉티코스메틱,2016-11,3.701322343264848,0.0452875796862959,1
로고스바이오,2016-11,3.701322343264848,0.0452875796862959,1
인크로스,2016-10,3.7514983228582417,0.0106912785359809,1
에이치엘사이언스,2016-10,3.7514983228582417,0.0106912785359809,1
코스메카코리아,2016-10,3.7514983228582417,0.0106912785359809,1
GRT,2016-10,3.7514983228582417,0.0106912785359809,1
골든센츄리,2016-10,3.7514983228582417,0.0106912785359809,1
인텔리안테크,2016-10,3.7514983228582417,0.0106912785359809,1
에이치시티,2016-10,3.7514983228582417,0.0106912785359809,1
앤디포스,2016-10,3.7514983228582417,0.0106912785359809,1
수산아이앤티,2016-10,3.7514983228582417,0.0106912785359809,1
미투온,2016-10,3.7514983228582417,0.0106912785359809,1
유니테크노,2016-09,3.854463600662786,0.0289314657672772,1
자이글,2016-09,3.854463600662786,0.0289314657672772,1
헝셩그룹,2016-08,3.8157976803128415,-0.0944132566555859,0
에코마케팅,2016-08,3.8157976803128415,-0.0944132566555859,0
팍스넷,2016-08,3.8157976803128415,-0.0944132566555859,0
엔지스테크널러지,2016-07,3.997110951901669,0.0022663764539014,1
우리손에프앤지,2016-07,3.997110951901669,0.0022663764539014,1
장원테크,2016-07,3.997110951901669,0.0022663764539014,1
대유위니아,2016-07,3.997110951901669,0.0022663764539014,1
피앤씨테크,2016-07,3.997110951901669,0.0022663764539014,1
로스웰,2016-06,4.111249793670442,0.0318163469275178,1
녹십자랩셀,2016-06,4.111249793670442,0.0318163469275178,1
에스티팜,2016-06,4.111249793670442,0.0318163469275178,1
레이언스,2016-04,4.446945826609475,0.1984670377448001,1
씨엠에스에듀,2016-04,4.446945826609475,0.1984670377448001,1
동양파일,2016-04,4.446945826609475,0.1984670377448001,1
팬젠,2016-03,4.472637161989348,0.1396999148456297,1
AP위성통신,2016-03,4.472637161989348,0.1396999148456297,1
큐리언트,2016-02,4.5558883710654765,0.1385321720370358,1
안트로젠,2016-02,4.5558883710654765,0.1385321720370358,1
아이엠텍,2016-02,4.5558883710654765,0.1385321720370358,1
유니트론텍,2016-02,4.5558883710654765,0.1385321720370358,1
크리스탈신소재,2016-01,4.610399983129943,0.1086604012391188,1
한솔씨앤피,2016-01,4.610399983129943,0.1086604012391188,1
에스와이패널,2015-12,4.575963466097505,-0.0101289359264287,0
휴젤,2015-12,4.575963466097505,-0.0101289359264287,0
육일씨엔에쓰,2015-12,4.575963466097505,-0.0101289359264287,0
이에스브이,2015-12,4.575963466097505,-0.0101289359264287,0
한국맥널티,2015-12,4.575963466097505,-0.0101289359264287,0
아진산업,2015-12,4.575963466097505,-0.0101289359264287,0
덱스터,2015-12,4.575963466097505,-0.0101289359264287,0
씨트리,2015-12,4.575963466097505,-0.0101289359264287,0
강스템바이오텍,2015-12,4.575963466097505,-0.0101289359264287,0
메가엠디,2015-12,4.575963466097505,-0.0101289359264287,0
파크시스템스,2015-12,4.575963466097505,-0.0101289359264287,0
보광산업,2015-12,4.575963466097505,-0.0101289359264287,0
뉴트리바이오텍,2015-12,4.575963466097505,-0.0101289359264287,0
멕아이씨에스,2015-12,4.575963466097505,-0.0101289359264287,0
미래테크놀로지,2015-12,4.575963466097505,-0.0101289359264287,0
하이즈항공,2015-11,4.462699838398085,-0.2077206657517694,0
케이디켐,2015-11,4.462699838398085,-0.2077206657517694,0
네오오토,2015-11,4.462699838398085,-0.2077206657517694,0
케어젠,2015-11,4.462699838398085,-0.2077206657517694,0
유앤아이,2015-11,4.462699838398085,-0.2077206657517694,0
나무가,2015-11,4.462699838398085,-0.2077206657517694,0
더블유게임즈,2015-11,4.462699838398085,-0.2077206657517694,0
연우,2015-11,4.462699838398085,-0.2077206657517694,0
에이티젠,2015-10,4.509070918363407,-0.2456587364718938,0
에치디프로,2015-10,4.509070918363407,-0.2456587364718938,0
제너셈,2015-09,4.691049525111263,-0.1479744927528088,0
타이거일렉,2015-09,4.691049525111263,-0.1479744927528088,0
인포마크,2015-09,4.691049525111263,-0.1479744927528088,0
웹스,2015-08,5.004477274316592,0.0811714128115639,1
파인텍,2015-08,5.004477274316592,0.0811714128115639,1
흥국에프엔비,2015-08,5.004477274316592,0.0811714128115639,1
아시아경제,2015-07,5.090636818738434,0.0830605064899039,1
아이쓰리시스템,2015-07,5.090636818738434,0.0830605064899039,1
로지시스,2015-07,5.090636818738434,0.0830605064899039,1
파마리서치프로덕트,2015-07,5.090636818738434,0.0830605064899039,1
펩트론,2015-07,5.090636818738434,0.0830605064899039,1
동운아나텍,2015-06,5.104933779234029,0.0130966563264571,1
유테크,2015-06,5.104933779234029,0.0130966563264571,1
민앤지,2015-06,5.104933779234029,0.0130966563264571,1
에스엔텍,2015-06,5.104933779234029,0.0130966563264571,1
코아스템,2015-06,5.104933779234029,0.0130966563264571,1
세미콘라이트,2015-06,5.104933779234029,0.0130966563264571,1
싸이맥스,2015-06,5.104933779234029,0.0130966563264571,1
픽셀플러스,2015-06,5.104933779234029,0.0130966563264571,1
제노포커스,2015-05,5.158757301241486,-0.0173333859526296,0
유지인트,2015-04,5.164692583156796,-0.0956469167177775,0
포시에스,2015-02,5.374610883291363,-0.054220693194142,0
