1~5일 수익률 표준편차,6~10일 수익률 표준편차,11~15일 수익률 표준편차,16~20일 수익률 표준편차,stock_code,상장일,kospi200(-20),nasdaq(-20),putcall(-20),VIXCLS,미국10년물국채금리수익률(-20),시장금리국고채3년,회사명,경기국면
0.089380356,0.064986022,0.0299257749999999,0.042214038,95570,2015-08-21,0.1363290175171363,-0.0414924357439812,0.0705882352941176,28.03,-0.0835543766578249,1.709,AJ네트웍스,0
0.055183304,0.027243862,0.010926939,0.014312477,211270,2016-03-04,-0.176909821941413,0.0438756465620617,0.194915254237288,16.86,-0.0043407487791644,1.522,AP위성통신,1
0.494997682,0.05474742,0.020483213,0.047154713,241520,2016-12-19,-0.212121212121212,0.0217326277163032,-0.1454545454545456,11.71,0.1231633535004321,1.694,DSC인베스트먼트,0
0.358087632,0.053057167,0.021487601,0.044339621,245620,2018-06-26,0.2383999999999999,0.0183084265500306,-0.01010101010101,15.92,0.0329749103942653,2.148,EDGC,0
0.207570222,0.075021577,0.079149214,0.022591547,900290,2016-10-25,0.0094637223974765,0.0007765439908766,-0.0992366412213741,13.46,0.1234096692111959,1.398,GRT,0
0.089290778,0.022640605,0.0306036439999999,0.032308621,195940,2021-08-09,0.0411160058737152,0.006958383194676,-0.3237410071942446,16.72,-0.0460526315789474,1.436,HK이노엔,1
0.287325552,0.02307893,0.030618344,0.056473153,403870,2022-07-15,-0.0957735556417215,0.0136983493070714,-0.2159999999999999,24.23,-0.0844939647168058,3.205,HPSP,0
0.248351833,0.049901232,0.039769272,0.012931435,234080,2016-10-27,0.0469116497263488,-0.0035830984432806,0.2470588235294117,15.36,0.1207759699624528,1.418,JW생명과학,0
0.306137007,0.041399312,0.021280508,0.020321983,309960,2023-03-29,-0.0928224500809499,0.0295795234500695,0.3296703296703296,19.12,-0.1056584877315974,3.249,LB인베스트먼트,0
0.304972446,0.035250135,0.012433704,0.026895818,373220,2022-01-27,0.5003021148036253,-0.1410673990308467,0.0495049504950495,30.49,0.2428666224286664,2.217,LG에너지솔루션,1
0.0342209,0.049723355,0.021523638,0.047390221,79550,2015-10-02,-0.1767857142857142,-0.0224822904563219,-0.065934065934066,20.94,-0.0417644298451431,1.584,LIG넥스원,1
0.181174383,0.034411989,0.075719925,0.146188953,419530,2022-12-06,-0.1005502751375686,0.063932949950028,-0.1157894736842105,22.17,-0.1505452821242294,3.633,SAMG엔터,0
0.061864715,0.044335685,0.030195778,0.016514327,255220,2018-01-26,-0.0325581395348837,0.0679921034455388,0.3289473684210526,11.08,0.0910602910602911,2.222,SG,0
0.739828415,0.035191576,0.009274535,0.041241993,302440,2021-03-18,-0.041047693510555,-0.0245330916489067,-0.0972222222222222,21.58,0.2690824980724748,1.133,SK바이오사이언스,0
0.223469714,0.022818041,0.01286981,0.0129916509999999,361610,2021-05-11,0.0483675937122127,-0.0424574899005764,-0.4758064516129032,21.84,-0.0098765432098765,1.128,SK아이이테크놀로지,1
0.063978004,0.026249571,0.048133356,0.064349499,289080,2018-07-06,0.4040485829959515,-0.0063705571209333,-0.1204819277108433,13.37,-0.0390094979647217,2.101,SV인베스트먼트,0
0.4263570039999999,0.015198947,0.090664695,0.159238956,399720,2022-05-20,0.2176505664877759,-0.1129961263160649,0.0408163265306122,29.43,-0.0234079173838208,3.011,가온칩스,0
0.270315366,0.063683648,0.042719141,0.0573822879999999,217730,2015-12-21,0.0817417876241406,-0.0356205085550512,-0.2258064516129032,18.7,-0.017387427552385,1.658,강스템바이오텍,1
0.573845121,0.034148089,0.052141279,0.016660372,214390,2015-06-29,-0.0481203007518797,-0.0004761840262498,0.2619047619047621,18.85,0.1333027943197435,1.793,경보제약,0
0.4707673129999999,0.1110439689999999,0.02746911,0.032289983,348150,2020-11-18,-0.0987202925045703,0.0361045355642017,-0.0091743119266055,23.84,0.0499390986601706,0.949,고바이오랩,0
0.002236068,0.001369306,0.005225132,0.002738613,307870,2018-12-12,-0.016895459345301,-0.0234749462650387,-0.2358490566037735,21.46,-0.0793092420850655,1.803,골든브릿지이안5호,0
0.091781055,0.071518753,0.158954311,0.076562001,900280,2016-10-19,-0.002865329512894,-0.0096956723523907,0.1260504201680674,14.41,0.0740740740740739,1.352,골든센츄리,0
0.147098528,0.068991065,0.1113754549999999,0.064613157,366030,2022-03-23,-0.1160151324085749,0.0821730301511791,0.3614457831325299,23.57,0.1916916916916915,2.426,공구우먼,1
0.70482675,0.01738554,0.017864014,0.024876535,339770,2020-11-12,-0.0367955286446203,0.0061943294220101,-0.284313725490196,25.35,0.3220568335588634,0.969,교촌에프앤비,0
0.261263032,0.023295343,0.047688175,0.088601479,282720,2023-03-13,0.0017113519680547,-0.0494303235465573,-0.0733944954128441,26.52,0.0,3.435,금양그린파워,0
0.05424028,0.012299309,0.023251516,0.024475804,214330,2015-11-11,-0.0685263796240145,0.0628056766541671,-0.2296296296296296,16.06,0.1827848101265821,1.798,금호에이치티,1
0.380329026,0.024802984,0.089614497,0.031069084,420770,2023-05-24,-0.0201884253028262,0.0595477958627725,-0.0941176470588235,20.03,0.0734397677793905,3.378,기가비스,0
0.295842614,0.025248406,0.024265881,0.028007642,308100,2019-06-10,-0.1478683216405829,-0.0220842705696898,-0.3893129770992366,15.94,-0.1327507282563462,1.533,까스텔바쟉,0
0.700899403,0.103044786,0.134770676,0.112355966,407400,2023-02-09,-0.0395170142700328,0.0895425508060994,0.2608695652173913,20.71,0.0496515679442508,3.401,꿈비,0
0.043501816,0.078059548,0.047689234,0.022465752,286750,2019-08-19,0.3012967200610221,-0.0375602351090145,0.4567901234567899,16.88,-0.2380487804878047,1.093,나노브릭,0
0.106335798,0.03245047,0.020762153,0.026478897,247660,2021-03-09,-0.0804741110417966,-0.0985498287655333,0.0155038759689922,24.03,0.3818965517241379,1.206,나노씨엠에스,0
0.602509249,0.099865444,0.03282921,0.125282872,417010,2023-03-03,0.0720140515222482,-0.0604746094813041,-0.043956043956044,18.49,0.1543052003410059,3.791,나노팀,0
0.158394296,0.064318986,0.035783334,0.035325161,405920,2023-06-02,-0.0490390987408879,0.0948138154405964,-0.1351351351351352,14.6,0.0268035357855715,3.436,나라셀라,0
0.1118418839999999,0.028334555,0.039693413,0.018424657,137080,2022-02-08,0.2323059360730595,-0.0620471591661395,-0.0582524271844661,21.44,0.0990836197021765,2.303,나래나노텍,1
0.058412944,0.059118085,0.044009465,0.083910178,190510,2015-11-12,-0.0778894472361809,0.0404344711456277,0.1808510638297873,18.37,0.1545319465081722,1.787,나무가,1
0.4383118489999999,0.164434555,0.080896063,0.056698563,111710,2018-11-29,-0.1096446700507614,-0.001958698967277,0.0499999999999998,18.79,-0.0232929164007658,1.889,남화산업,0
0.069592191,0.010554051,0.016881143,0.018288603,212560,2015-11-18,0.0402498265093684,0.0301438598239849,-0.0982142857142858,16.85,0.1183431952662721,1.752,네오오토,1
0.064525499,0.022353792,0.029264005,0.02880703,311390,2019-08-22,0.1039999999999998,-0.0265010641557609,-0.1111111111111111,16.68,-0.2361977916466635,1.13,네오크레마,0
0.125856374,0.093732721,0.048416547,0.043744794,290660,2018-11-28,-0.1478770131771595,-0.0110239551092008,-0.12,18.49,-0.0285805017465862,1.92,네오펙트,0
0.199775191,0.034492869,0.0264795769999999,0.037462955,330860,2020-11-17,-0.0757439134355274,0.0353961701995593,-0.0574712643678161,22.71,0.159033078880407,0.96,네패스아크,0
0.085333434,0.035792695,0.022059873,0.018204807,396270,2022-07-01,0.3579545454545452,-0.1045847668972367,-0.3307086614173229,26.7,0.0258415504930296,3.439,넥스트칩,0
0.066421631,0.033027216,0.01651687,0.028125469,348210,2020-10-08,-0.1663442940038685,0.040753340738316,-0.2826086956521738,26.36,0.1495601173020526,0.907,넥스틴,0
0.044378339,0.023265275,0.019212314,0.035755909,251270,2017-05-12,-0.0033852403520648,0.0535404018539236,-0.3149606299212598,10.4,0.0645017793594304,1.71,넷마블게임즈,1
0.337547663,0.056104884,0.029664575,0.020351364,104620,2019-01-30,-0.2310030395136777,0.0592303967024046,-0.097560975609756,17.66,0.0292442081276109,1.827,노랑풍선,0
0.040360042,0.062024269,0.0066245749999999,0.009294515,194700,2018-11-14,0.1579601990049752,-0.0578107300867287,0.1473684210526318,21.25,-0.020579981290926,1.922,노바렉스,0
0.350029674,0.0525268789999999,0.048797869,0.054503147,285490,2018-11-02,0.5235885537509668,-0.0455020097492618,-0.2523364485981308,19.51,-0.0306217135787195,1.982,노바텍,0
0.038908701,0.017334994,0.022871554,0.017734373,376930,2022-03-03,0.0383813099707968,-0.0461611218586613,0.1339285714285714,30.48,0.0228758169934639,2.195,노을,1
0.440494249,0.06726039,0.047407774,0.015971287,278650,2019-11-27,0.0259927797833936,0.0414198010272746,-0.009009009009009,11.75,-0.0191549295774646,1.456,노터스,1
0.723525322,0.037765633,0.04345569,0.020764465,144510,2016-06-23,0.4030226700251889,-0.0125784871121281,-0.2596153846153846,17.25,-0.0781420765027322,1.337,녹십자랩셀,1
0.06924565,0.021429722,0.00799925,0.024771698,234690,2019-10-14,0.1049888309754281,-0.0118353499875737,0.1717171717171717,14.57,-0.059142702116115,1.281,녹십자웰빙,1
0.121802557,0.018043475,0.028725389,0.034761545,348340,2022-11-04,-0.0924261874197689,-0.0290507256195373,-0.1584158415841584,24.55,0.0671296296296297,4.118,뉴로메카,0
0.064380176,0.029817411,0.025525419,0.035783907,270870,2018-12-13,-0.0584061135371178,-0.0142427313539447,-0.0104166666666666,20.65,-0.0639871382636655,1.795,뉴트리,0
0.177701849,0.033023885,0.068453539,0.06397716,222040,2015-12-16,0.1750167000668001,0.0018732062272943,0.3333333333333335,17.86,-0.0021997360316763,1.748,뉴트리바이오텍,1
0.10908851,0.040708537,0.018350123,0.055265242,144960,2016-11-30,-0.2486956521739129,0.0439189534884161,-0.2265625,13.33,0.2550629447181172,1.71,뉴파워프라즈마,0
0.086741674,0.023980471,0.015938224,0.038351701,4440,2016-03-30,-0.1966035271064663,0.0334826032628505,-0.5,13.56,-0.0125889436234263,1.45,대림씨엔에스,1
0.150557122,0.0593207129999999,0.032574637,0.067287086,389260,2022-05-16,0.108047270680923,-0.1145603862547489,-0.2090909090909091,27.47,0.0248512425621281,3.046,대명에너지,0
0.573614003,0.184206886,0.040572503,0.034563391,317850,2019-07-24,-0.0633451957295374,0.0465051600804984,-0.098901098901099,12.07,0.0136585365853658,1.321,대모,0
0.36606861,0.0512614079999999,0.058430557,0.062834767,290670,2018-11-06,0.4082798001427552,-0.0528778577520127,0.0989010989010987,19.91,-0.0015595757953835,1.984,대보마그네틱,0
0.280746517,0.063800094,0.025211565,0.142161925,129920,2022-08-22,-0.2019279553526128,0.0782971780423678,-0.0297029702970297,23.8,0.0602066262914142,3.245,대성하이텍,0
0.044141307,0.010863149,0.025962666,0.020595339,7680,2017-12-01,0.0084033613445377,0.0236830522424889,0.1216216216216214,11.43,0.0355917667238423,2.081,대원,1
0.2082912579999999,0.031474164,0.091911653,0.083544401,290380,2018-08-10,-0.1240428790199081,0.0084078677496897,0.1927710843373493,13.16,0.035348179568752,2.04,대유,0
0.284337537,0.038226195,0.012194876,0.037260341,290120,2018-12-07,0.2007599746675112,-0.0505221060495988,-0.2782608695652173,23.23,-0.0922787193973634,1.834,대유에이피,0
0.072866707,0.021387683,0.028822786,0.009929904,71460,2016-07-14,-0.1737385321100918,0.035326219506345,-0.1081081081081082,12.82,-0.0671310956301456,1.205,대유위니아,1
0.0551648709999999,0.048442388,0.041724789,0.059497538,298540,2020-07-27,-0.3299583085169744,0.0621037526999488,-0.0341880341880341,24.74,-0.0828125,0.803,더네이쳐홀딩스,0
0.075296899,0.035276579,0.043802568,0.021508068,192080,2015-11-04,-0.2075029308323563,0.0738820507986171,0.0,15.51,0.07409200968523,1.677,더블유게임즈,1
0.159093347,0.059534528,0.045901558,0.047973149,393890,2022-09-30,0.4997111496244946,-0.0888933874810624,-0.0312499999999998,31.62,0.1837245696400626,4.186,더블유씨피,0
0.122162813,0.038451944,0.042053977,0.0523254429999999,317330,2019-08-02,0.1565349544072949,-0.0062081873746436,0.0,17.61,-0.0671897989210398,1.26,덕산테코피아,0
0.014132127,0.016151532,0.036245234,0.021329862,263600,2017-08-28,-0.0580046403712296,-0.0129928197554793,-0.2280701754385964,11.32,-0.0553135888501741,1.758,덕우전자,1
0.337562562,0.035736424,0.03051144,0.012904534,263800,2017-08-03,-0.121632024634334,0.0448627535378673,0.0786516853932584,10.44,-0.0409628378378378,1.737,데이타솔루션,1
0.483062022,0.08276489,0.030805811,0.088045233,206560,2015-12-22,0.2124105011933175,-0.0261755183959546,0.0,16.6,-0.01965163019205,1.672,덱스터,1
0.041690083,0.015514767,0.010210436,0.015716615,145720,2017-03-15,0.0611270296084047,0.0128403118781244,-0.2989690721649484,11.63,0.0420504605526632,1.759,덴티움,1
0.729418218,0.09854329,0.0574419269999999,0.022768465,6620,2018-02-13,0.8348856900931414,-0.0334635044457198,0.3452380952380951,24.97,0.1260338716029931,2.278,동구바이오제약,0
0.063094556,0.018862343,0.018076725,0.048075077,228340,2016-04-06,-0.0287921348314607,0.0419698673943098,-0.0458715596330275,14.09,-0.0606226105953031,1.458,동양파일,1
0.064859564,0.026937836,0.014540736,0.013519726,92780,2017-12-08,0.2295229522952295,0.0093021593735347,-0.2695652173913043,9.58,-0.0166527893422148,2.094,동양피스톤,1
0.140227023,0.06952027,0.06139228,0.03911308,94170,2015-06-30,0.0979073243647232,-0.0232540804002188,0.2872340425531916,18.23,0.027360988526037,1.793,동운아나텍,0
0.036857794,0.01561099,0.007882068,0.006337744,2690,2015-09-24,-0.0304968027545498,0.0117508727660609,-0.1962616822429906,23.47,-0.018256503879507,1.63,동일제강,0
0.099813115,0.022105271,0.024121609,0.021117339,241560,2016-11-18,0.0682852807283762,0.0145642929817579,-0.0091743119266055,12.85,0.3080865603644647,1.736,두산밥캣,0
0.072305809,0.035525723,0.014316599,0.011789826,16740,2016-07-29,-0.0178156467854376,0.064491295841371,0.3750000000000002,11.87,0.0357142857142858,1.216,두올,1
0.482257198,0.054691087,0.018681408,0.146158315,223250,2020-05-22,-0.3547768957021626,0.0753209659447431,-0.3987341772151899,28.16,0.1239669421487603,0.837,드림씨아이에스,0
0.0933602,0.032425715,0.008662967,0.016690476,192650,2019-03-14,-0.062143310082435,0.0300564495295039,0.2962962962962963,13.5,-0.0112994350282484,1.793,드림텍,0
0.062894141,0.046918994,0.048679493,0.038179733,187870,2017-12-20,0.024411508282476,0.0147716448683288,0.010752688172043,9.72,0.0571797076526225,2.087,디바이스이엔지,1
0.069588842,0.024264851,0.030555081,0.011257309,110990,2018-08-07,-0.1007919366450684,0.0129497857948621,0.2197802197802199,10.93,0.0272061388210673,2.082,디아이티,0
0.043840814,0.139201034,0.155879899,0.048650663,263690,2018-11-22,-0.0855899419729206,-0.0280766530958951,-0.1935483870967742,,-0.0195137555982085,1.942,디알젬,0
0.184311565,0.026241132,0.022444665,0.017166159,263720,2017-08-01,-0.0883820384889523,0.038961983402916,-0.04,10.09,-0.0162810625535562,1.733,디앤씨미디어,1
0.670681178,0.0589218379999999,0.047582476,0.0519046429999999,376300,2021-11-10,-0.1236611489776046,0.090236954958325,-0.0275229357798165,18.73,-0.0667963683527885,1.877,디어유,1
0.2386076209999999,0.052968746,0.039879845,0.069108733,227100,2018-11-15,0.1548780487804879,-0.0465923140555764,0.06,19.98,-0.0157381177211206,1.943,디자인,0
0.050631235,0.01602083,0.032298344,0.039223424,263020,2018-11-20,-0.0693277310924369,-0.0549993756598736,0.03,22.48,-0.0340586565752127,1.94,디케이앤디,0
0.225292366,0.111437292,0.048204792,0.035525808,290550,2018-12-21,0.0048701298701299,-0.0636580506651367,0.0888888888888888,30.11,-0.0781352593565332,1.838,디케이티,0
0.084638602,0.018746066,0.026669121,0.018848554,383930,2022-11-11,-0.1140350877192982,0.0768075587871552,-0.0319148936170211,22.52,0.0377215189873418,3.834,디티앤씨알오,0
0.116252247,0.10077655,0.038504675,0.026555357,315640,2021-08-17,0.0131147540983607,0.0203381147506478,-0.0764331210191083,17.91,0.0376432078559738,1.402,딥노이드,1
0.166957923,0.103040201,0.046397284,0.048869551,317120,2019-09-18,-0.1084704448507007,0.0298745885024502,-0.1666666666666666,13.95,0.1376492771841608,1.309,라닉스,0
0.078498885,0.086616136,0.019559652,0.048966243,300120,2019-10-18,-0.0962059620596206,0.0048265297996004,-0.0294117647058823,14.25,0.0162601626016261,1.375,라온피플,1
0.201748705,0.038573657,0.023707024,0.019080697,347700,2021-03-23,-0.1425470332850941,-0.006510126472573,0.0873786407766992,20.3,0.2620997766195085,1.132,라이프시맨틱스,0
0.049900852,0.0285533359999999,0.038082568,0.063396514,214260,2019-11-11,-0.0356643356643358,0.0530100915241085,-0.1578947368421052,12.69,0.1341107871720117,1.5,라파스,1
0.230206559,0.142828411,0.068683601,0.080376259,294140,2020-02-28,0.3913945049248315,-0.0787670456025264,0.1801801801801801,40.11,-0.1534883720930231,1.104,레몬,1
0.136639405,0.029572994,0.041498771,0.040507999,228670,2019-08-08,0.3782234957020056,-0.0406549942837534,0.2736842105263157,16.91,-0.1969202053196452,1.165,레이,0
0.040419711,0.018508701,0.019836658,0.040527707,228850,2016-04-11,-0.0597122302158273,0.0215268753804036,-0.0566037735849057,16.26,-0.1328282828282827,1.466,레이언스,1
0.0537777559999999,0.094342286,0.033796198,0.037062609,412350,2022-06-24,0.3031674208144796,-0.0177135466600804,0.1894736842105262,27.23,0.1261392635800218,3.523,레이저쎌,0
0.707546608,0.06335369,0.0282826799999999,0.03570675,277810,2021-02-03,0.2101449275362317,0.0619254849784198,-0.3306451612903226,22.91,0.053897978825794,0.978,레인보우로보틱스,0
0.091492404,0.059549878,0.026639294,0.050405039,238120,2016-11-03,0.2472885032537961,-0.0379283887303307,0.292929292929293,22.08,0.0452698781195588,1.428,로고스바이오,0
0.189007526,0.049850958,0.044879873,0.017643072,108490,2018-10-26,0.8647430117222723,-0.090477079057038,0.0941176470588236,24.16,0.0199021207177814,1.968,로보티즈,0
0.033996367,0.023159555,0.033828982,0.028229152,900260,2016-06-30,0.25706940874036,-0.0386433226651292,0.0,15.63,-0.1567537520844913,1.247,로스웰,1
0.517254718,0.03006172,0.057986611,0.166022718,67730,2015-07-29,0.0360294117647059,0.020521858669886,-0.1351351351351352,12.5,-0.0729295426452411,1.716,로지시스,0
0.04923253,0.009004055,0.018604919,0.014497689,89860,2021-08-19,-0.0397022332506203,-0.0108065222986187,-0.1119999999999998,21.67,-0.0133124510571651,1.36,롯데렌탈,1
0.02545718,0.014296258,0.017246246,0.041446327,286940,2018-07-27,-0.1789276807980049,0.0464438771157669,0.2151898734177213,13.03,0.0426573426573426,2.112,롯데정보통신,0
0.159049756,0.084901578,0.01817545,0.01824837,328130,2022-07-21,-0.2164351851851853,0.0764104038449406,-0.0973451327433627,23.11,-0.0191000323729362,3.294,루닛,0
0.148695437,0.028583474,0.035613789,0.084746723,377450,2021-10-29,-0.0436485730274203,0.0605092375113642,-0.3432835820895522,16.26,0.0771331058020476,2.103,리파인,1
0.739025006,0.060115655,0.035139052,0.035356923,277070,2018-03-14,-0.3657817109144542,0.0709345273087627,-0.2644628099173554,17.23,-0.0236869207003089,2.274,린드먼아시아,0
0.71873864,0.068762548,0.025316437,0.014493792,439090,2023-06-08,-0.0472550382209867,0.0648814712507226,0.0561797752808987,13.65,0.095293098469535,3.543,마녀공장,0
0.341673294,0.056618301,0.025483132,0.128093571,195500,2019-08-20,0.2004389173372347,-0.0301270475631858,0.4814814814814814,17.5,-0.2261790182868142,1.101,마니커에프앤지,0
0.336896613,0.038285271,0.033558799,0.062368486,305090,2019-06-05,0.0991787744788375,-0.0548283299958675,0.1666666666666667,16.09,-0.1464788732394365,1.542,마이크로디지탈,0
0.156986805,0.04032162,0.020255863,0.074106592,424980,2023-04-26,-0.0699690402476779,0.0070911155925024,-0.1293103448275862,18.84,-0.0465507571508693,3.259,마이크로투나노,0
0.124062492,0.048545103,0.026454433,0.06510705,147760,2016-12-12,-0.2927120669056152,0.0396001119191362,-0.3288590604026845,12.64,0.0940550133096718,1.734,마이크로프랜드,0
0.149559453,0.0531912399999999,0.014154964,0.034439614,377480,2021-11-23,0.0037243947858474,0.0406315036368287,-0.1165048543689319,19.38,0.0136645962732917,2.031,마인즈랩,1
0.652208481,0.043593497,0.0264373409999999,0.024085265,169330,2020-07-01,0.2070707070707071,0.0388167781105968,0.6307692307692307,28.62,-0.1179624664879356,0.847,마크로밀엠브레인,0
0.676637475,0.138286756,0.057684634,0.049096975,377030,2021-07-27,0.1053719008264464,0.0234612576255064,0.1559633027522935,19.36,-0.1220338983050848,1.38,맥스트,1
0.152847417,0.143405132,0.040250255,0.0521046349999999,100590,2018-12-14,-0.1256198347107437,-0.009256789122816,0.0439560439560438,21.63,-0.0495921696574225,1.781,머큐리,0
0.118522719,0.040266574,0.04118728,0.049327041,133750,2015-12-18,0.0717488789237668,-0.0140117016807632,-0.2424242424242424,20.7,-0.0172261484098938,1.693,메가엠디,1
0.071451998,0.074344031,0.043404228,0.031523436,235980,2019-12-19,-0.1039944903581266,0.0353018975711949,-0.0312499999999998,12.5,0.082207207207207,1.383,메드팩토,1
0.082022296,0.037667599,0.026636873,0.034302084,241770,2017-12-06,-0.0181543116490167,-0.0008229913495362,0.013157894736842,11.02,0.0081405312767781,2.084,메카로,1
0.739404383,0.061404373,0.033639753,0.028753817,327260,2019-12-24,-0.0168895144264602,0.0362769198397678,-0.1090909090909091,12.67,0.1074095347501435,1.37,메탈라이프,1
0.211247966,0.036942022,0.121141929,0.173648884,58110,2015-12-14,-0.0822898032200357,0.0011344294431259,-0.0503597122302157,22.73,-0.0612065169528841,1.732,멕아이씨에스,1
0.234599663,0.033293498,0.058482031,0.060281357,257370,2018-09-13,-0.1613128491620111,0.0231678775946684,0.1630434782608696,12.37,0.0327526132404181,1.921,명성티엔에스,0
0.71422682,0.153646357,0.16172975,0.060059121,9900,2020-12-07,-0.0264133456904539,0.0478342980823129,-0.0298507462686566,21.3,0.0530303030303029,0.961,명신산업,0
0.209984714,0.024684509,0.032221685,0.033054848,434480,2023-05-19,-0.0888290713324361,0.0510566930689273,-0.1717171717171717,16.81,0.0232623318385649,3.34,모니터랩,0
0.112091026,0.036372352,0.036228552,0.031730663,417970,2022-10-07,0.2639264467279612,-0.0857805023863168,-0.0380952380952381,31.36,0.1547511312217193,4.276,모델솔루션,0
0.303569243,0.062066964,0.125137936,0.042149057,87260,2017-02-24,-0.1922442244224422,0.0318875056564997,0.0425531914893617,11.47,-0.0446500402252615,1.666,모바일어플라이언스,1
0.744683699,0.085901211,0.029969117,0.023848228,348030,2021-01-28,0.3596856218215443,0.0327138283825247,0.0999999999999998,30.21,0.0939524838012957,0.977,모비릭스,0
0.090594012,0.021386281,0.006067125,0.017489625,288980,2022-03-10,0.3746438746438747,-0.0852166164503513,-0.1652892561983471,30.23,-0.0450318159569261,2.267,모아데이타,1
0.062358135,0.042332175,0.010685177,0.020903708,118990,2017-08-04,0.0393215111796452,0.0304335004985116,0.2808988764044942,10.03,-0.069991617770327,1.742,모트렉스,1
0.694383797,0.025824833,0.036600137,0.017395775,254490,2023-01-27,-0.0327677004095962,0.1271989840902188,-0.0505050505050505,18.51,-0.0961588038154164,3.304,미래반도체,0
0.068351116,0.028642137,0.039324509,0.027757972,213090,2015-12-01,0.0628698224852071,-0.0036043378525567,0.3626373626373627,14.67,-0.0045085662759241,1.772,미래테크놀로지,1
0.125146914,0.144780568,0.072514433,0.165811302,201490,2016-10-10,0.3136531365313653,0.0154473259245804,0.1376146788990824,13.38,0.0147232037691402,1.335,미투온,0
0.27840771,0.039104245,0.030886615,0.0538046,214180,2015-06-30,0.0979073243647232,-0.0232540804002188,0.2872340425531916,18.23,0.027360988526037,1.793,민앤지,0
0.076009427,0.163771054,0.069679933,0.050276585,301300,2020-10-28,-0.133406835722161,0.0236256649232697,-0.0086206896551723,40.28,0.1239067055393585,0.914,바이브컴퍼니,0
0.102111199,0.024616356,0.012770474,0.019105889,377740,2022-12-22,0.0456973293768545,-0.0510353432037332,-0.1679999999999999,21.97,0.0032777929527452,3.567,바이오노트,0
0.188610074,0.052873746,0.037372209,0.037429267,314930,2021-03-17,-0.0318979266347686,-0.0353671739112496,-0.1654135338345864,19.23,0.2644305772230888,1.177,바이오다인,0
0.034410275,0.044060776,0.069583022,0.065598819,86820,2018-08-20,-0.0100502512562814,-0.0032568811623802,0.2749999999999999,12.49,-0.0324324324324324,1.985,바이오솔루션,0
0.145827971,0.044341031,0.010537315,0.023515782,251120,2022-02-21,0.2622601279317695,-0.0037911612246047,-0.0625,,0.0850225225225225,2.363,바이오에프디엔씨,1
0.19567763,0.051332904,0.029591502,0.038984138,199730,2023-03-02,0.0564424173318132,-0.0369691944867036,0.011111111111111,19.59,0.1740152851263963,3.878,바이오인프라,0
0.045978473,0.049819253,0.039277411,0.02436282,99430,2021-09-27,0.0549095607235141,-0.0054066429615982,0.0,18.76,0.1351562500000001,1.566,바이오플러스,1
0.068253227,0.055525733,0.0293457489999999,0.01971015,308080,2021-08-25,-0.0082539682539682,0.0174237650330273,-0.2761194029850746,16.79,0.0476575121163165,1.435,바이젠셀,1
0.177717,0.02460061,0.041926758,0.077847081,323990,2020-09-22,-0.0535931790499391,-0.0528062145917649,-0.0608695652173911,26.86,-0.0276162790697672,0.897,박셀바이오,0
0.227001183,0.067347324,0.02678087,0.028020671,267790,2018-02-01,0.1898527004909982,0.0489630934737965,-0.2871287128712871,13.47,0.1059926620464737,2.249,배럴,0
0.148050015,0.03043268,0.049381201,0.030996806,382900,2022-06-17,0.2891304347826087,-0.0651886017144487,-0.146341463414634,31.13,0.1459827833572453,3.745,범한퓨얼셀,0
0.062727546,0.036963969,0.023206508,0.037942496,299910,2018-12-03,-0.0587937151545869,-0.0035952467612249,-0.18,16.44,-0.0649796938456732,1.924,베스파,0
0.292272387,0.065363652,0.139048438,0.06173154,225530,2015-12-17,0.189327485380117,-0.0008020003829128,0.0408163265306122,18.94,0.0226969292389853,1.726,보광산업,1
0.1101165749999999,0.021409064,0.021232334,0.013460795,250000,2017-06-08,-0.2018575851393187,0.0274491596440831,-0.0568181818181818,10.16,-0.090681153363978,1.637,보라티알,1
0.202791166,0.080227975,0.11859809,0.024080449,310210,2022-06-24,0.3031674208144796,-0.0177135466600804,0.1894736842105262,27.23,0.1261392635800218,3.523,보로노이,0
0.251116632,0.055714226,0.044238072,0.035734115,338220,2021-02-26,-0.0506630397823868,-0.0163250996613374,-0.2424242424242424,27.95,0.4285714285714286,1.02,뷰노,0
0.053756609,0.031945704,0.034386872,0.042745058,337930,2020-08-13,-0.0264054514480409,0.0514052788935817,0.0105263157894737,22.13,0.0889967637540454,0.815,브랜드엑스코퍼레이션,0
0.744782023,0.036600232,0.027899498,0.024308373,99390,2021-08-19,-0.0397022332506203,-0.0108065222986187,-0.1119999999999998,21.67,-0.0133124510571651,1.36,브레인즈컴퍼니,1
0.0609880149999999,0.034050727,0.034660453,0.031778735,288330,2019-12-20,-0.0489913544668588,0.0447919540400114,-0.2524271844660194,12.51,0.0852625635234332,1.392,브릿지바이오,1
0.047605514,0.029075626,0.030668355,0.035415011,365900,2022-02-24,0.1205772811918062,-0.0372637281641026,0.1140350877192983,30.32,0.1081530782029951,2.226,브이씨,1
0.124158093,0.060519518,0.040875457,0.035565615,251630,2017-07-13,0.0017079419299743,0.0106991058264926,-0.02803738317757,9.9,0.0771017185322804,1.745,브이원텍,1
0.121003954,0.006604771,0.024453793,0.011973429,318410,2020-09-21,-0.1834341906202723,-0.0458388178895395,0.1276595744680853,27.78,0.0657492354740059,0.904,비비씨,0
0.344488814,0.035673618,0.0262622729999999,0.0136282789999999,146320,2022-03-03,0.0383813099707968,-0.0461611218586613,0.1339285714285714,30.48,0.0228758169934639,2.195,비씨엔씨,1
0.27212336,0.079494635,0.017782801,0.029647513,138580,2017-11-30,-0.0585065434949961,0.0160589404071243,0.2911392405063291,11.28,0.0166028097062578,2.075,비즈니스온,1
0.13783928,0.088436152,0.088023537,0.055796837,357880,2021-11-10,-0.1236611489776046,0.090236954958325,-0.0275229357798165,18.73,-0.0667963683527885,1.877,비트나인,1
0.483750078,0.034970387,0.0273370989999999,0.012299797,238200,2018-12-26,0.1162657502863686,-0.1255223089338537,0.125,30.41,-0.1012740934335184,1.807,비피도,0
0.4522174289999999,0.051578998,0.0561533349999999,0.049427189,352820,2020-10-15,-0.0327490774907749,0.0786826895182986,0.0476190476190476,26.97,0.0551523947750363,0.877,빅히트,0
0.069616104,0.016447279,0.015421641,0.026145038,419120,2022-10-27,-0.0084674005080439,0.0217443777790511,0.2021276595744681,27.39,0.0594923320994182,4.254,산돌,0
0.659707031,0.018883538,0.027549374,0.070720202,419050,2023-02-03,-0.0599889928453496,0.1839433176726874,0.0340909090909091,18.33,-0.0443820224719101,3.11,삼기이브이,0
0.067101416,0.016928142,0.038345952,0.037980456,207940,2016-11-10,0.2679394338380514,0.0072390862516273,0.1274509803921568,14.74,0.1457063711911357,1.465,삼성바이오로직스,0
0.020408136,0.025649717,0.033184379,0.024569758,225190,2017-06-02,-0.0311077389984825,0.0282272660930105,0.4499999999999999,9.75,-0.0586984262016162,1.63,삼양옵틱스,1
0.028503631,0.037127658,0.0280765029999999,0.005477226,272550,2017-11-29,-0.0543735224586288,0.0274522893588657,0.1,10.7,-0.0193929173693084,2.112,삼양패키징,1
0.780604917,0.007979787,0.014841395,0.016115738,361670,2021-05-21,0.0089709762532983,-0.0343208868982853,-0.1654676258992805,20.15,0.0442591404746632,1.095,삼영에스앤씨,1
0.303229011,0.069996236,0.060338818,0.043671696,263810,2017-10-16,-0.2354903268845897,0.0234187599567081,0.3578947368421052,9.91,0.0183527305282005,1.927,상신전자,1
0.4723347249999999,0.054151805,0.053986183,0.09701153,107600,2022-08-04,-0.2182203389830509,0.0900765041979747,0.2530120481927711,21.44,-0.0979999999999999,3.114,새빗켐,0
0.644338343,0.0300161289999999,0.055145761,0.035090911,411080,2023-02-15,0.0971563981042653,0.0915524076785176,-0.0808080808080807,18.23,0.112659353691076,3.502,샌즈랩,0
0.182525738,0.019433939,0.017919542,0.027208455,252990,2021-05-20,0.015033407572383,-0.0375347030526813,0.1818181818181818,20.67,0.086900129701686,1.103,샘씨엔에스,1
0.026313058,0.026330173,0.017333638,0.024089105,263540,2017-09-15,-0.1198473282442748,0.0332968359671499,-0.0093457943925233,10.17,0.0009153318077801,1.739,샘코,1
0.361159157,0.045765817,0.012887319,0.049517855,378800,2022-10-19,0.1639511201629326,-0.0399093083017283,0.0370370370370369,30.76,0.1338426711941143,4.331,샤페론,0
0.277978609,0.034278083,0.044665165,0.044451243,294630,2020-02-20,0.2623178348369188,0.046187212378421,-0.1388888888888889,15.56,-0.0941652224147892,1.234,서남,1
0.2395517329999999,0.0626674,0.096806988,0.138800043,92190,2020-03-06,0.3496862521391899,-0.0870818481593637,0.096774193548387,41.94,-0.4203539823008849,1.078,서울바이오시스,1
0.238775036,0.033488759,0.036013928,0.026283968,178320,2017-03-27,0.2129538763493621,-0.0056568123852629,-0.3545454545454546,12.5,0.0087609511889863,1.65,서진시스템,1
0.158717888,0.039324611,0.016780256,0.031247288,140070,2017-01-25,0.0860869565217392,0.0253117092521006,0.0689655172413794,10.81,-0.0187101910828025,1.647,서플러스글로벌,0
0.683715802,0.050168247,0.060312727,0.026703502,357550,2020-12-23,0.0975024015369836,0.0640644125476961,0.231404958677686,23.31,0.0442176870748298,0.932,석경에이티,0
0.086046633,0.033380189,0.023322135,0.060409122,171090,2017-09-20,-0.1007137192704202,0.02601673117789,-0.0714285714285715,9.78,0.0130807397383851,1.775,선익시스템,1
0.740673162,0.079072859,0.020558526,0.036677268,86710,2021-01-27,0.2960242005185824,0.0563311879788683,-0.0806451612903226,37.21,0.098936170212766,0.982,선진뷰티사이언스,0
0.338947463,0.038001618,0.0253134749999999,0.08961472,365340,2022-07-28,-0.1887029288702928,0.0764482653089126,0.6000000000000001,22.33,-0.0768975803778587,3.13,성일하이텍,0
0.0558270099999999,0.0509522519999999,0.066249717,0.02635204,148150,2019-07-30,0.1245339299030574,0.0249865183695361,0.3714285714285714,13.94,0.0440283400809717,1.301,세경하이테크,0
0.198380266,0.078317284,0.025942378,0.033964938,214310,2015-06-25,-0.0093457943925232,0.004792128622483,0.1020408163265307,14.01,0.1177578897786151,1.814,세미콘라이트,0
0.330720022,0.0277518829999999,0.034597355,0.024401701,396300,2022-03-24,-0.2261247040252565,0.0333251769448275,0.1730769230769229,21.67,0.1624365482233503,2.455,세아메카닉스,1
0.463331356,0.063341085,0.062555032,0.038903625,258830,2018-05-29,-0.1386410432395333,0.0520189685801708,0.5454545454545454,17.02,-0.0235849056603772,2.189,세종메디칼,0
0.069413493,0.036319857,0.0155961529999999,0.021088931,75580,2015-11-30,-0.1191780821917808,0.0145970852399208,0.0659340659340659,16.13,0.0211397058823528,1.785,세진중공업,1
0.074795769,0.054527681,0.046882971,0.037094204,234340,2019-07-12,-0.0305555555555555,0.0457961220008769,-0.1441441441441442,12.39,0.0283109404990402,1.424,세틀뱅크,0
0.030103106,0.041799821,0.004744154,0.0149429919999999,145210,2015-03-19,0.0498281786941581,0.0118037404323272,-0.3389830508474576,14.07,-0.0961357210179075,1.825,세화아이엠씨,0
0.145397895,0.149802413,0.075739666,0.083471864,347000,2020-10-29,-0.1086873325679296,-0.0283970662713459,-0.1504424778761061,37.59,0.1399116347569955,0.927,센코,0
0.273514597,0.095474358,0.096941699,0.057137842,308170,2019-11-25,0.0175953079178885,0.0232872779068367,0.2261904761904762,11.87,-0.0401084010840109,1.475,센트랄모텍,1
0.187560915,0.057371744,0.0291368839999999,0.027969322,331920,2020-08-21,0.3419047619047619,0.087016778151614,0.0743801652892561,22.54,0.1107325383304942,0.854,셀레믹스,0
0.260793842,0.035870698,0.030314386,0.093859006,299660,2019-02-20,0.0579608938547486,0.0664367874771598,-0.0476190476190475,14.02,-0.0414545454545454,1.802,셀리드,0
0.096198753,0.021131067,0.059342329,0.04734255,268600,2018-11-09,-0.0337601862630965,0.0045338460980337,-0.0645161290322581,17.36,0.0227344490053678,1.96,셀리버리,0
0.099864218,0.017510083,0.027601902,0.0066509399999999,91990,2017-07-28,-0.1349999999999999,0.0387087063676145,-0.2293577981651376,10.29,0.0065104166666667,1.723,셀트리온헬스케어,1
0.733839085,0.12016212,0.013728547,0.02314865,290690,2020-11-06,0.0552380952380953,0.0268558598984858,0.0,24.86,-0.0166880616174582,0.943,소룩스,0
0.335462616,0.0605378969999999,0.011963403,0.045900468,248070,2021-02-02,0.3028222730739893,0.0555138180079031,0.0098039215686274,25.56,0.1298429319371727,0.98,솔루엠,0
0.19506047,0.02170675,0.068129157,0.047723233,304100,2020-07-23,-0.3713768115942029,0.0804265107189423,-0.3109243697478991,26.08,-0.1163475699558175,0.798,솔트룩스,0
0.201308241,0.057060126,0.032313109,0.044593688,50960,2016-10-11,0.3059566787003611,0.03363947856554,0.0,15.36,0.0394581861012957,1.373,수산아이앤티,0
0.040939871,0.031395621,0.034744064,0.041102883,126720,2022-08-01,-0.260905691732447,0.1134847130975404,0.2142857142857142,22.84,-0.0934515688949522,3.081,수산인더스트리,0
0.149596798,0.021265512,0.080742975,0.040546023,317770,2019-08-01,0.1627376425855513,0.000635225864958,0.2134831460674158,17.87,0.0302874743326488,1.309,슈프리마아이디,0
0.39629208,0.10554517,0.0563320339999999,0.029274357,276040,2022-02-04,0.4325000000000001,-0.0797063304772236,0.2358490566037736,23.22,0.0402266288951842,2.194,스코넥,1
0.151597962,0.101501739,0.013833582,0.037298365,330730,2022-02-25,0.0316070068545315,0.0090475217773802,-0.3836477987421384,27.59,0.1079865016872889,2.244,스톤브릿지벤처스,1
0.483851876,0.021389717,0.033946178,0.047254979,253450,2017-11-24,-0.0581490581490582,0.0473693362470877,0.4923076923076921,9.67,-0.0368530020703933,2.169,스튜디오드래곤,1
0.72009184,0.034685155,0.062232291,0.03657763,408900,2023-02-07,-0.0107102593010145,0.1176984724686815,-0.0833333333333332,18.66,0.0080221300138312,3.315,스튜디오미르,0
0.183885908,0.0063273219999999,0.034540599,0.032870701,269620,2017-12-26,-0.0410297666934834,0.0118397476746459,-0.0329670329670329,10.25,0.0435510887772194,2.129,시스웍,1
0.193313282,0.073216344,0.0149538289999999,0.012816708,290520,2020-07-06,-0.0956204379562043,0.040100529194244,-0.0188679245283018,27.94,-0.2508398656215005,0.854,신도기연,0
0.07546584,0.071140249,0.027127329,0.021572946,215600,2016-12-06,-0.2033898305084746,0.027625923460131,0.0198019801980198,11.79,0.3134573304157548,1.737,신라젠,0
0.367516193,0.035179639,0.089020318,0.143706186,2800,2017-02-28,-0.1524341580207502,0.0442113937366299,-0.0272727272727273,12.92,-0.0401459854014599,1.67,신신제약,1
0.201207537,0.059135336,0.068102606,0.049939844,226330,2019-12-17,-0.018491124260355,0.0309113310479707,0.0104166666666667,12.29,0.0487122060470324,1.363,신테카바이오,1
0.137869025,0.024406085,0.044067868,0.038147503,243840,2017-09-27,-0.0224111282843894,0.0124200863285761,-0.0760869565217392,9.87,0.0502583372475342,1.887,신흥에스이씨,1
0.068174724,0.037135522,0.048584432,0.027205202,257720,2021-09-29,0.0173160173160171,-0.0466969872634805,-0.1810344827586206,22.56,0.1901462663587376,1.603,실리콘투,1
0.059774267,0.048930103,0.045387972,0.051969145,160980,2015-06-17,0.250219490781387,-0.0028559951484197,-0.1473684210526314,14.5,0.0519362186788157,1.8,싸이맥스,0
0.566338174,0.078959781,0.04807543,0.018935496,356890,2021-03-11,0.0556165386022686,-0.0646769180404268,0.163793103448276,21.91,0.3055793991416307,1.179,싸이버원,0
0.059195211,0.026174071,0.03722616,0.040493172,217330,2018-11-22,-0.0855899419729206,-0.0280766530958951,-0.1935483870967742,,-0.0195137555982085,1.942,싸이토젠,0
0.032736952,0.033122757,0.0390873,0.02369004,403550,2022-08-22,-0.2019279553526128,0.0782971780423678,-0.0297029702970297,23.8,0.0602066262914142,3.245,쏘카,0
0.056444991,0.058986549,0.063036838,0.033930709,352480,2021-05-17,0.0971039182282793,-0.0348398916281906,-0.0942028985507246,19.72,0.0155279503105589,1.107,씨앤씨인터내셔널,1
0.083818059,0.021655669,0.024043357,0.036712777,264660,2018-01-25,-0.0131477184841454,0.069030103960173,-0.0853658536585365,11.58,0.0879211175020542,2.215,씨앤지하이테크,0
0.056242128,0.040724108,0.033583225,0.025863004,352700,2021-01-28,0.3596856218215443,0.0327138283825247,0.0999999999999998,30.21,0.0939524838012957,0.977,씨앤투스성진,0
0.068457563,0.036456851,0.0149439949999999,0.013359154,297090,2019-11-21,0.0689393939393938,0.0416490351825205,0.1382978723404255,13.13,-0.0135516657255786,1.462,씨에스베어링,1
0.053488709,0.021558223,0.005138871,0.02386577,225330,2016-04-07,-0.0234776228906823,0.0527001095775363,-0.0192307692307692,16.16,-0.0648936170212765,1.468,씨엠에스에듀,1
0.158640458,0.030525842,0.034416813,0.0290975429999999,340810,2023-05-19,-0.0888290713324361,0.0510566930689273,-0.1717171717171717,16.81,0.0232623318385649,3.34,씨유박스,0
0.186838179,0.03065637,0.0151788339999999,0.00947407,376290,2021-10-08,0.4424157303370786,-0.0305296550736768,0.1149425287356322,18.77,0.1734921816827996,1.701,씨유테크,1
0.4051943639999999,0.039241343,0.070208283,0.035818892,47920,2015-12-21,0.0817417876241406,-0.0356205085550512,-0.2258064516129032,18.7,-0.017387427552385,1.658,씨트리,1
0.117885885,0.024008478,0.034891876,0.035198338,260930,2017-12-07,0.1345029239766082,-0.0018765663525007,0.0,10.16,0.0,2.094,씨티케이코스메틱스,1
0.092069794,0.039085931,0.013100267,0.032593174,125210,2019-03-29,-0.0367979341510652,0.0097190811838323,0.1081081081081081,13.71,-0.133381660021747,1.69,아모그린텍,0
0.169551402,0.022679109,0.021960009,0.060451237,357580,2021-06-25,-0.1426920854997111,0.0461136257335177,-0.4513888888888888,15.62,-0.0518659076533838,1.441,아모센스,1
0.318853862,0.086292219,0.17840854,0.024599228,136410,2022-02-07,0.2677925211097709,-0.0560991037089353,0.0446428571428569,22.86,0.0917378917378917,2.237,아셈스,1
0.280710584,0.025852988,0.034694337,0.123457308,246720,2017-03-20,0.1227544910179641,0.0106909421537035,-0.306930693069307,11.34,0.0283833813245577,1.67,아스타,1
0.083983778,0.047915624,0.024628987,0.0128921289999999,159010,2021-10-07,0.4938440492476061,-0.0489459343695177,0.3837209302325581,19.54,0.1781033153430995,1.704,아스플로,1
0.073173615,0.159367679,0.076170578,0.032426964,127710,2015-07-31,0.0072727272727273,0.0238699964966875,-0.1965811965811965,12.12,-0.0144104803493448,1.768,아시아경제,0
0.074117791,0.040874038,0.034510795,0.03594308,267850,2018-11-23,-0.1788581623550401,-0.0472907587156624,0.1071428571428572,21.52,-0.0038999025024374,1.914,아시아나IDT,0
0.044620713,0.0740737,0.014479814,0.037736256,227610,2017-07-12,0.0395528804815132,-0.0043518813173515,0.0804597701149425,10.3,0.0910351201478743,1.762,아우딘퓨쳐스,1
0.138963851,0.01936032,0.013999393,0.012424975,332370,2020-08-24,0.1951111111111112,0.0736057739541797,-0.1858407079646016,22.37,0.0341463414634146,0.824,아이디피,0
0.124707967,0.050634889,0.054234187,0.041321121,289010,2019-07-11,-0.0174613834788448,0.0525888325636449,0.28125,12.93,-0.0152890587673196,1.419,아이스크림에듀,0
0.301545325,0.026721022,0.03676089,0.08304795,214430,2015-07-30,0.0396039603960396,0.019670357177991,-0.2319999999999999,12.13,-0.0406538139145012,1.735,아이쓰리시스템,0
0.087533394,0.018824001,0.0293259779999999,0.014829127,368600,2022-07-29,-0.2343619683069224,0.1028086241292502,0.263157894736842,21.33,-0.0754586362062997,3.009,아이씨에이치,0
0.315714749,0.057415695,0.093583081,0.04848739,226350,2016-02-03,0.0450992182802165,-0.0765583821114115,-0.3888888888888888,21.65,-0.1465437788018432,1.496,아이엠텍,1
0.026978288,0.019042899,0.033385221,0.010273996,39570,2015-09-24,-0.0304968027545498,0.0117508727660609,-0.1962616822429906,23.47,-0.018256503879507,1.63,아이콘트롤스,0
0.363214293,0.013624537,0.030374529,0.036898469,262840,2021-02-05,0.0986977381768334,0.0543532295551187,0.3163265306122449,20.87,0.0151921358355673,0.982,아이퀘스트,0
0.036908427,0.1066094649999999,0.082479555,0.021561192,175250,2018-07-12,0.1251896813353565,0.0027170585441316,0.1758241758241758,12.58,-0.0323679727427598,2.09,아이큐어,0
0.2072067249999999,0.153013029,0.056517767,0.039528698,372800,2021-11-11,-0.00109829763866,0.0539200637293473,-0.0357142857142857,17.66,0.0356200527704486,1.913,아이티아이즈,1
0.141403296,0.045157912,0.050628925,0.018320262,84850,2019-11-07,-0.1113243761996161,0.0578371065583742,-0.3611111111111111,12.73,0.095808383233533,1.541,아이티엠반도체,1
0.044890456,0.047151331,0.029589779,0.01622914,114840,2021-10-28,0.0261398176291793,0.0544869988170604,0.0736842105263158,16.53,0.0388739946380698,2.017,아이패밀리에스씨,1
0.556741895,0.01875332,0.033681701,0.026634996,139990,2021-08-20,0.2205479452054795,-0.019896231691827,0.4673913043478261,18.56,-0.0296643247462917,1.364,아주스틸,1
0.025243554,0.027493945,0.021042148,0.048929061,13310,2015-12-22,0.2124105011933175,-0.0261755183959546,0.0,16.6,-0.01965163019205,1.672,아진산업,1
0.045188417,0.027284703,0.039626973,0.047109903,158430,2019-10-17,-0.0929596719070403,-0.0071734777818924,0.05,13.79,-0.0235030777839954,1.375,아톤,1
0.303444929,0.022697797,0.150287368,0.027501364,65660,2016-02-15,0.3002770083102493,-0.0754409872697724,-0.1454545454545456,,-0.1462102689486552,1.484,안트로젠,1
0.449631212,0.065565105,0.043613301,0.019653549,260660,2018-02-12,1.0144312393887946,-0.0532387586797645,0.3010752688172042,25.61,0.1195141065830722,2.302,알리코제약,0
0.37581656,0.07386598,0.037391536,0.00704961,361570,2021-11-22,-0.0458015267175573,0.0545574500913954,-0.2018348623853211,19.17,-0.0520514390691977,2.018,알비더블유,1
0.716054057,0.031612134,0.059346129,0.0260139389999999,140670,2017-08-11,0.5867689357622246,-0.0151446413848332,-0.0084745762711864,15.51,-0.0561749571183533,1.804,알에스오토메이션,1
0.669048614,0.025850783,0.045130887,0.043274219,347860,2020-12-21,-0.0111167256189994,0.0759740381164313,0.5316455696202531,25.16,0.1001164144353898,0.959,알체라,0
0.204328138,0.064879635,0.051618892,0.037432539,314140,2022-09-29,0.5220377790497996,-0.0647044341021153,0.329896907216495,31.84,0.1466707579011967,4.303,알피바이오,0
0.081767812,0.023141564,0.029583391,0.011960644,291650,2020-09-16,-0.1398687448728466,-0.0018303295324871,-0.0964912280701753,26.04,-0.0072992700729926,0.91,압타머사이언스,0
0.157437394,0.026571507,0.065262646,0.029817663,293780,2019-06-12,-0.1772853185595568,0.0113878985136333,-0.2222222222222222,15.91,-0.0976020193521244,1.469,압타바이오,0
0.090681459,0.057237156,0.039608863,0.026314768,18250,2018-03-22,0.0102657004830919,0.0187515271296787,0.1645569620253164,23.34,-0.013018156903049,2.256,애경산업,0
0.216781937,0.034083544,0.032495153,0.030863117,196300,2016-12-07,-0.3618899273104882,0.0268624295664607,0.0782608695652173,12.22,0.2874058127018297,1.736,애니젠,0
0.045547195,0.021814743,0.041271576,0.016367743,290740,2018-08-28,-0.1106060606060606,0.0451146162132904,-0.0961538461538462,12.5,-0.0391627278865631,1.965,액트로,0
0.039931404,0.039808944,0.069157704,0.043219463,238090,2016-10-12,0.3890386343216532,0.0141135031622192,0.0,15.91,0.0430932703659976,1.353,앤디포스,0
0.087647778,0.042508858,0.029603091,0.03797798,129890,2020-12-02,-0.1834343434343434,0.1070321682149699,-0.4275362318840578,21.17,0.2049286640726328,0.982,앱코,0
0.718398742,0.05696721,0.148675267,0.050311013,174900,2017-09-18,-0.1707680835197614,0.0373102740119293,0.3020833333333335,10.15,0.0022758306781975,1.742,앱클론,1
0.0970811,0.055598939,0.042964113,0.020851067,255440,2017-09-29,-0.0531437125748501,0.0038561750753614,0.0,9.51,0.0886374351720886,1.888,야스,1
0.090133595,0.0295363,0.023507084,0.041618469,137310,2021-07-16,-0.1080711354309165,0.0269593141874526,0.0285714285714286,18.45,-0.0984060984060984,1.451,에스디바이오센서,1
0.034830059,0.041626878,0.038290834,0.012155164,217480,2017-03-02,-0.1206611570247933,0.0463221867980738,0.0408163265306122,11.81,-0.0064672594987873,1.713,에스디생명공학,1
0.037175368,0.028198316,0.016488632,0.048182497,304360,2023-05-04,-0.017578125,0.0023730981046881,-0.0176991150442475,20.09,0.0184680593399939,3.21,에스바이오메딕스,0
0.680395821,0.047430085,0.020299828,0.030463306,389500,2022-10-17,0.3017944535073409,-0.105212642208763,-0.1296296296296297,31.37,0.1514024041213506,4.239,에스비비테크,0
0.520891177,0.031703833,0.04403527,0.0509297259999999,298060,2020-06-17,0.4446680080482896,0.0773829939837598,0.0374999999999998,33.47,0.0739130434782608,0.874,에스씨엠생명과학,0
0.714269727,0.047190709,0.030907491,0.0258184619999999,275630,2018-08-06,-0.1627278865631329,0.0071954783150425,0.2804878048780488,11.27,0.0325402379286214,2.097,에스에스알,0
0.491821326,0.0514822009999999,0.035100256,0.029448548,160600,2015-06-26,0.0190627482128673,0.0083155638204401,0.1818181818181818,14.02,0.1361281205840789,1.818,에스엔텍,0
0.04335357,0.041132384,0.039491455,0.026337673,263920,2017-09-28,-0.0931085043988271,0.0133394426856798,0.0208333333333332,9.55,0.0814606741573034,1.888,에스엔피월드,1
0.136632456,0.074883576,0.101740036,0.050847714,109610,2015-12-29,0.011830201809325,-0.0132480055542832,-0.1774193548387096,16.08,0.0108695652173913,1.655,에스와이패널,1
0.099725739,0.050136145,0.041252236,0.0519165479999999,306040,2019-11-18,-0.0527456647398844,0.0462869405575039,-0.0720720720720721,12.46,0.0183028286189683,1.518,에스제이그룹,1
0.72226974,0.047100053,0.04629905,0.041335735,210980,2015-06-23,0.1521035598705502,0.0240862778488399,-0.0919540229885057,12.11,0.1145539906103287,1.795,에스케이디앤디,0
0.660142088,0.024717848,0.027060081,0.01419197,326030,2020-07-02,0.1638769949396652,0.056034836022911,0.0377358490566037,27.68,-0.1806060606060605,0.831,에스케이바이오팜,0
0.239412802,0.034407267,0.030240453,0.014548539,234300,2017-12-05,-0.0495689655172413,-0.0016311680813985,-0.0120481927710843,11.33,0.0241796200345423,2.112,에스트래픽,1
0.319013421,0.036211835,0.039853946,0.01619114,237690,2016-06-23,0.4030226700251889,-0.0125784871121281,-0.2596153846153846,17.25,-0.0781420765027322,1.337,에스티팜,1
0.492602708,0.037059641,0.069793173,0.038562832,288620,2018-10-15,0.3678343949044584,-0.0505205812680288,-0.1621621621621621,21.3,0.0577822311289244,2.051,에스퓨얼셀,0
0.760569736,0.07461329,0.072863825,0.083038774,317830,2019-08-14,0.3228527607361964,-0.0206286825215306,0.2678571428571425,22.1,-0.1669114047968674,1.149,에스피시스템스,0
0.207416026,0.023288345,0.032685425,0.01848851,298690,2018-12-27,0.2394526795895095,-0.0745958910389738,0.0833333333333334,29.96,-0.0732189973614775,1.81,에어부산,0
0.744374655,0.037887927,0.020226913,0.037502493,187660,2021-06-03,-0.0153937240970989,0.0128040626965089,-0.1071428571428572,18.04,0.0121019108280253,1.191,에이디엠코리아,1
0.159945094,0.090529509,0.022007385,0.050965449,298380,2018-12-19,-0.0491803278688524,-0.0347969724461588,0.5199999999999998,25.58,-0.0789559543230016,1.783,에이비엘바이오,0
0.125623803,0.046609784,0.082870079,0.056692213,241840,2019-07-19,0.0021786492374729,0.0193632853227554,-0.0857142857142857,14.45,-0.0160271976687714,1.327,에이스토리,0
0.033766729,0.058642067,0.037007391,0.029252128,312610,2019-07-01,-0.1668591224018476,0.0918066789740994,0.0574712643678161,14.06,-0.0327710843373494,1.479,에이에프더블류,0
0.149860392,0.067956258,0.042657614,0.111957751,72990,2016-10-17,-0.1018459579885424,-0.0039865348933496,-0.2481751824817518,16.21,0.0906344410876132,1.35,에이치시티,0
0.053748237,0.037836319,0.036522007,0.046217616,176440,2016-11-28,-0.1437371663244353,0.0402342575845597,-0.2692307692307693,13.15,0.2758247701460248,1.764,에이치엔티,0
0.240206853,0.179451428,0.104130433,0.028956295,239610,2016-10-28,0.0608272506082725,-0.0180778963020048,-0.1428571428571428,16.19,0.137062077443147,1.438,에이치엘사이언스,0
0.107119153,0.027864314,0.045308553,0.015106058,148930,2022-08-09,-0.2648949849978568,0.1224822463364809,0.3829787234042554,21.77,-0.0743857287108717,3.134,에이치와이티씨,0
0.120757617,0.03355871,0.037142321,0.0085943,357230,2021-05-14,0.2443181818181816,-0.0659925407217826,0.3763440860215052,18.81,0.0433962264150942,1.116,에이치피오,1
0.255413537,0.090133806,0.093398812,0.032928756,182400,2015-10-23,-0.2080830147460404,0.0498345897124719,-0.0212765957446807,14.46,-0.0333651096282172,1.65,에이티젠,1
0.748665942,0.024842464,0.026957058,0.031732507,262260,2020-07-16,-0.3664879356568364,0.0645737355399378,-0.2952380952380953,28.0,-0.1364256480218281,0.829,에이프로,0
0.173755855,0.056094233,0.032528803,0.081489061,397030,2022-07-28,-0.1887029288702928,0.0764482653089126,0.6000000000000001,22.33,-0.0768975803778587,3.13,에이프릴바이오,0
0.047739292,0.019428664,0.0587401309999999,0.00494803,244920,2020-11-20,-0.1136986301369862,0.0308643087161499,0.0943396226415094,23.7,0.0011890606420927,0.963,에이플러스에셋,0
0.047601523,0.018150675,0.019136797,0.01738485,89970,2018-08-23,-0.1151907847372211,0.0047018689139193,0.1562500000000002,12.41,-0.0539906103286385,1.963,에이피티씨,0
0.014109855,0.027916626,0.011825735,0.022024032,214870,2015-10-13,-0.2192771084337349,-0.0045015518349021,-0.0194174757281553,17.67,-0.0984320557491289,1.638,에치디프로,1
0.08453462,0.043040876,0.112991208,0.033609641,64510,2018-03-15,-0.3004153207198893,0.0494413106537505,-0.2654867256637168,16.59,-0.0299380591878871,2.268,에코마이스터,0
0.182481169,0.028019422,0.032397994,0.052788285,230360,2016-08-08,-0.1079545454545454,0.0466018742778393,0.0101010101010101,11.5,0.0550763105507632,1.246,에코마케팅,1
0.164323407,0.036040228,0.0528859809999999,0.033059144,128540,2018-12-05,-0.1298701298701299,0.0153720797215892,-0.027027027027027,,-0.0994748223663886,1.901,에코캡,0
0.136482574,0.036751707,0.04897629,0.0561471549999999,247540,2019-03-05,-0.1165391406709828,0.0313070475197574,0.1875,14.74,0.0073964497041421,1.836,에코프로비엠,0
0.142659777,0.032943968,0.023969877,0.015330916,83500,2017-02-27,-0.1207937877480587,0.0325980307379871,0.3924050632911393,12.09,-0.070281124497992,1.663,에프엔에스테크,1
0.2449947309999999,0.045641954,0.029250846,0.024667144,317870,2019-10-24,-0.1000680735194008,0.0110986993694575,0.3333333333333332,13.71,0.041838538597525,1.396,엔바이오니아,1
0.4287737779999999,0.066892541,0.051507912,0.053072243,236810,2021-01-21,0.6222005842259009,0.0560901999794609,0.8468468468468466,21.32,0.1693811074918565,0.971,엔비티,0
0.304366982,0.025134896,0.018682933,0.013209277,333620,2021-04-01,-0.3071186440677965,0.0411366083209447,0.0280373831775702,17.33,0.1201027617212588,1.138,엔시스,1
0.070664538,0.027059508,0.033764005,0.02647089,138250,2015-03-27,0.0585058505850586,-0.0201811868188168,-0.0425531914893616,15.07,0.0,1.77,엔에스쇼핑,0
0.135925502,0.027321109,0.026682728,0.044531899,265740,2020-12-02,-0.1834343434343434,0.1070321682149699,-0.4275362318840578,21.17,0.2049286640726328,0.982,엔에프씨,0
0.368721917,0.076634509,0.094608599,0.04646065,354200,2020-12-10,0.0151133501259443,0.0468776824247694,-0.231578947368421,22.52,0.0622876557191391,0.973,엔젠바이오,0
0.141890334,0.032775982,0.044305733,0.045151689,419080,2022-11-18,-0.1608187134502924,0.0262658928183305,0.4390243902439024,23.12,-0.1096149303094731,3.787,엔젯,0
0.636125675,0.062249763,0.044228871,0.043226323,208860,2016-07-28,-0.0733812949640287,0.0754428118624783,-0.134453781512605,12.72,0.0189830508474575,1.203,엔지스테크널러지,1
0.395484466,0.080174135,0.05124659,0.062470217,348370,2021-11-01,0.0691642651296828,0.0871881647491383,0.0673076923076922,16.41,0.0540175557056041,2.108,엔켐,1
0.164839795,0.087320318,0.0512029,0.048895777,198080,2020-03-16,2.1386946386946386,-0.1907579414109447,-0.3888888888888888,82.69,-0.3770595690747782,1.099,엔피디,1
0.04799925,0.01016184,0.00742415,0.021900982,376190,2021-06-11,-0.2949771689497716,0.0682164198038837,-0.171875,15.65,-0.1211009174311926,1.276,엘비루셈,1
0.067897364,0.029151021,0.036146411,0.043341112,290650,2018-11-01,0.7349703640982217,-0.0727976587812188,-0.0825688073394496,19.34,-0.0119234389708189,1.942,엘앤씨바이오,0
0.104501325,0.022519836,0.02397947,0.008531881,229640,2016-09-22,0.1368421052631578,0.0148514448434464,-0.1711711711711712,12.02,0.0165847665847667,1.296,엘에스전선 아시아,1
0.729677679,0.102594089,0.039640106,0.049860876,297890,2020-06-22,0.3470518401266322,0.0666549718381548,0.268041237113402,31.77,0.0531107738998481,0.846,엘이티,0
0.062641536,0.047385472,0.020089674,0.045403546,179290,2018-11-29,-0.1096446700507614,-0.001958698967277,0.0499999999999998,18.79,-0.0232929164007658,1.889,엠아이텍,0
0.094005495,0.109618735,0.02392599,0.043072009,204020,2018-07-23,-0.1001291989664082,0.0165583458347389,-0.183673469387755,12.62,0.0045107564191533,2.077,엠코르셋,0
0.030499295,0.033176151,0.026432556,0.053515185,347890,2020-07-29,-0.2334448160535116,0.0341314423631431,-0.4,24.1,-0.1200607902735563,0.811,엠투아이,0
0.143550141,0.0503259579999999,0.02658067,0.034604812,259630,2017-09-20,-0.1007137192704202,0.02601673117789,-0.0714285714285715,9.78,0.0130807397383851,1.775,엠플러스,1
0.2210495149999999,0.060808938,0.03352936,0.022768136,115960,2015-11-02,-0.2301028695181374,0.0569913051648178,-0.0879120879120879,14.15,0.0427599611273081,1.658,연우,1
0.098869839,0.053021241,0.144984258,0.051165447,60850,2020-08-12,-0.0275074058400337,0.0220207850975526,-0.1621621621621621,22.28,0.0157977883096367,0.827,영림원소프트랩,0
0.091417301,0.033444701,0.025071438,0.019854798,112290,2022-07-14,-0.017706576728499,0.038716007875017,-0.0285714285714285,26.4,-0.0813771517996869,3.26,영창케미칼,0
0.759683702,0.083879872,0.014030966,0.043150052,265560,2017-10-26,0.058169375534645,0.0171133173827651,0.1222222222222222,11.3,0.0545690775227369,2.182,영화테크,1
0.197885047,0.02773761,0.115198451,0.063984865,900300,2016-11-04,0.1896067415730338,-0.0442124084368845,0.0967741935483872,22.51,0.0254957507082154,1.431,오가닉티코스메틱,0
0.740840961,0.063891212,0.026983754,0.070549614,322310,2021-02-24,-0.0624784259578874,-0.0118052746041467,-0.3255813953488372,21.34,0.3257650542941759,1.006,오로스테크놀로지,0
0.691083174,0.104674844,0.045362947,0.092425024,417860,2023-01-30,-0.0382201939532231,0.1091439503040383,-0.2637362637362637,19.94,-0.0959010054137664,3.271,오브젠,0
0.220863736,0.139095518,0.115478188,0.037947424,352910,2021-07-13,-0.049546406140963,0.0394451162331488,0.3113207547169809,17.12,-0.0812625923438549,1.424,오비고,1
0.0435519,0.045647749,0.075497384,0.0523211529999999,241790,2016-12-01,-0.2443919716646989,0.0427200800443219,-0.2426470588235294,14.07,0.3270405330372017,1.726,오션브릿지,0
0.116602071,0.011910709,0.027229818,0.030395312,368970,2022-10-14,0.4532835024025625,-0.0698132466309003,-0.2542372881355932,32.02,0.1432706222865412,4.207,오에스피,0
0.471122705,0.081936396,0.064059215,0.126375089,353590,2022-01-20,0.0769230769230768,-0.0652385253145976,0.0181818181818183,25.59,0.2759807295251204,2.119,오토앤,1
0.166861305,0.163529829,0.046565169,0.072060995,394280,2022-09-26,0.255713403335392,-0.1049094631263245,-0.25,32.26,0.1840077071290944,4.548,오픈엣지테크놀로지,0
0.141272404,0.048624757,0.150074425,0.0301283419999999,244460,2019-09-20,-0.0606060606060605,0.0239620069622048,-0.1770833333333332,15.32,0.1656881930854534,1.332,올리패스,0
0.388231777,0.035604536,0.015743729,0.073619474,226950,2018-07-18,-0.1027308192457737,0.0167663927359915,0.0481927710843375,12.1,-0.0262172284644194,2.087,올릭스,0
0.091419489,0.050690038,0.043400864,0.048571463,153710,2018-10-26,0.8647430117222723,-0.090477079057038,0.0941176470588236,24.16,0.0199021207177814,1.968,옵티팜,0
0.155411879,0.096191538,0.065313804,0.040784102,321820,2021-02-03,0.2101449275362317,0.0619254849784198,-0.3306451612903226,22.91,0.053897978825794,0.978,와이더플래닛,0
0.531253012,0.039030027,0.038029423,0.063474838,273640,2021-09-10,0.1369765791341377,0.0291564970652886,-0.0695652173913041,20.95,0.0109119251753702,1.501,와이엠텍,1
0.209608571,0.0257310509999999,0.018778765,0.0573597159999999,251370,2017-04-27,0.0875000000000001,0.0216496986053034,-0.4130434782608695,10.36,-0.0487401900041304,1.673,와이엠티,1
0.344879801,0.1152237739999999,0.053570356,0.020821503,332570,2020-07-31,-0.0754640839386602,0.0372446583452386,-0.2115384615384615,24.46,-0.1853512705530642,0.796,와이팜,0
0.322376524,0.035944582,0.034058773,0.040783489,70960,2016-05-27,-0.0808477237048664,0.0264713361650488,0.2906976744186047,13.12,-0.0027247956403269,1.468,용평리조트,1
0.156713631,0.030771692,0.017601619,0.023648573,73560,2016-07-27,-0.1383776414451261,0.0891285728409452,-0.1100917431192661,12.83,0.0303230059327621,1.222,우리손에프앤지,1
0.069265417,0.034386233,0.032686572,0.02378283,103840,2019-11-20,0.0226928895612708,0.0555273122849808,-0.1111111111111111,12.78,0.010180995475113,1.45,우양,1
0.174818314,0.047556409,0.1062691019999999,0.028190158,10400,2018-09-14,-0.1653372008701957,0.0265406276917088,0.0784313725490197,12.07,0.0384078212290504,1.96,우진아이엔에스,0
0.085088936,0.040772515,0.023243343,0.028637475,53080,2020-09-24,-0.0947832476120499,-0.08847527350517,-0.1627906976744185,28.51,-0.1021220159151192,0.857,원방테크,0
0.164560253,0.144119631,0.04615032,0.031332858,382840,2021-10-07,0.4938440492476061,-0.0489459343695177,0.3837209302325581,19.54,0.1781033153430995,1.704,원준,1
0.750029254,0.163243692,0.07600077,0.027816308,376980,2021-08-11,0.1195065535851964,0.0097739935287259,0.1052631578947369,16.06,0.0037064492216456,1.419,원티드랩,1
0.0547583599999999,0.022074012,0.052012162,0.039830805,196700,2015-08-24,0.3959276018099549,-0.0662210970163258,0.1647058823529412,40.74,-0.0771660649819495,1.693,웹스,0
0.076163233,0.023937899,0.028069254,0.043295981,53580,2019-01-25,-0.3546458141674332,0.0791992060985766,0.1538461538461539,17.42,0.0,1.812,웹케시,0
0.155942768,0.039240311,0.045170488,0.027702022,377460,2022-06-23,0.2440562833575934,-0.0187643527666763,0.1764705882352941,29.05,0.1524434719183078,3.608,위니아에이드,0
0.557018786,0.053622271,0.018923319,0.040159395,330350,2020-07-03,0.0785854616895873,0.056034836022911,0.5000000000000002,,-0.1806060606060605,0.838,위더스제약,0
0.25697196,0.076718055,0.032118095,0.064905832,348350,2020-10-30,0.0355857656937224,0.0099837577882375,0.2477876106194689,38.02,0.1803977272727273,0.935,위드텍,0
0.068808379,0.114865312,0.046247843,0.054453531,299900,2018-12-20,-0.0304182509505702,-0.039368481595119,-0.0430107526881721,28.38,-0.098858075040783,1.8,위지윅스튜디오,0
0.670192328,0.075714378,0.045972959,0.036955419,313760,2019-07-25,-0.0136298421807746,0.0520267174184776,0.2413793103448276,12.74,0.0178748758689175,1.302,윌링스,0
0.056397677,0.015945626,0.018856643,0.019150901,241690,2016-09-20,0.2036082474226803,-0.0018247935632454,0.4941176470588235,15.92,0.0921305182341651,1.336,유니테크노,1
0.385382946,0.049108329,0.041300605,0.046974536,142210,2016-02-02,0.0935929648241207,-0.0576615431436331,0.0825688073394494,21.98,-0.1290754801250557,1.516,유니트론텍,1
0.133536014,0.044124517,0.023175202,0.028318669,206650,2017-01-24,0.1354441512752859,0.0193706417064558,-0.2391304347826087,11.07,-0.0624755954705193,1.628,유바이오로직스,0
0.079735137,0.049200234,0.028949836,0.014392116,56090,2015-11-12,-0.0778894472361809,0.0404344711456277,0.1808510638297873,18.37,0.1545319465081722,1.787,유앤아이,1
0.718225318,0.060614709,0.016653318,0.023773872,388720,2022-03-18,0.027803099361896,-0.0074317661333849,0.3152173913043476,23.87,0.1245459263103268,2.231,유일로보틱스,1
0.547146068,0.048381474,0.017030326,0.038637844,340930,2021-02-25,-0.035345115038346,0.0246688263397103,-0.0438596491228068,28.89,0.3041825095057033,0.995,유일에너테크,0
0.297810297,0.026679262,0.037988709,0.059194451,195990,2015-04-13,-0.0164359861591696,0.0254980173119874,-0.0707070707070706,13.94,-0.0602700096432013,1.732,유지인트,0
0.070156554,0.022191958,0.035538542,0.046536083,178780,2015-06-30,0.0979073243647232,-0.0232540804002188,0.2872340425531916,18.23,0.027360988526037,1.793,유테크,0
0.111987423,0.031565757,0.039985335,0.022135085,179900,2017-09-27,-0.0224111282843894,0.0124200863285761,-0.0760869565217392,9.87,0.0502583372475342,1.887,유티아이,1
0.252735009,0.082369035,0.045529639,0.056934041,263050,2018-12-24,0.0476992143658812,-0.0873312428915256,0.0198019801980198,36.07,-0.0885910428244525,1.846,유틸렉스,0
0.089890533,0.122753929,0.042418475,0.063307859,191410,2015-12-24,0.0520915548539857,-0.0137232286570104,0.1704545454545454,15.74,0.0157374100719422,1.662,육일씨엔에쓰,1
0.11453255,0.0558692039999999,0.035454097,0.030973537,372170,2022-11-14,-0.1815573770491803,0.0606540292328434,0.0510204081632652,23.73,-0.0526969922943076,3.85,윤성에프앤씨,0
0.022679991,0.020107884,0.011050882,0.020846391,303530,2021-06-18,-0.2543554006968641,0.0462190736647869,-0.1044776119402985,20.7,-0.0690080098582871,1.313,이노뎁,1
0.166143877,0.048376782,0.043830184,0.02780428,296640,2022-10-07,0.2639264467279612,-0.0857805023863168,-0.0380952380952381,31.36,0.1547511312217193,4.276,이노룰스,0
0.092478684,0.116660567,0.0302568999999999,0.0500375159999999,302430,2018-12-12,-0.016895459345301,-0.0234749462650387,-0.2358490566037735,21.46,-0.0793092420850655,1.803,이노메트리,0
0.052687143,0.017095847,0.037755834,0.019163637,214320,2015-07-17,-0.0877697841726619,0.0058893968027113,-0.0192307692307692,11.95,0.0094258783204796,1.784,이노션,0
0.0547742909999999,0.046789796,0.009871575,0.028074401,246960,2019-02-01,-0.1364142538975501,0.1265939869072483,-0.3555555555555556,16.14,-0.0131184407796102,1.803,이노테라피,0
0.637401292,0.031797437,0.025007139,0.024167602,258610,2017-08-22,0.3330019880715704,-0.0310409801186769,-0.1351351351351352,11.35,-0.063893653516295,1.803,이더블유케이,1
0.447193791,0.070667355,0.027338855,0.031778719,164060,2020-08-06,-0.076988879384089,0.042724788758266,-0.0344827586206897,22.65,-0.1044045676998367,0.807,이루다,0
0.595328483,0.087055339,0.021863966,0.018462882,351330,2021-04-21,-0.2091589608102158,0.042227244924665,-0.1894736842105262,17.5,-0.0297397769516728,1.11,이삭엔지니어링,1
0.184836084,0.073158233,0.069427574,0.085629714,223310,2015-12-24,0.0520915548539857,-0.0137232286570104,0.1704545454545454,15.74,0.0157374100719422,1.662,이에스브이,1
0.03604432,0.067129316,0.077338005,0.091518588,294090,2020-09-14,-0.0398582816651903,-0.0150417905799687,0.0327868852459016,25.85,-0.033236994219653,0.919,이오플로우,0
0.134418351,0.043611352,0.074566635,0.039874152,181340,2017-07-26,-0.1352253756260435,0.0432025730604297,0.3600000000000001,9.6,0.0286722540802824,1.729,이즈미디어,1
0.733702374,0.021984426,0.044349239,0.02317915,99750,2019-03-22,-0.0722642807983481,0.0413707426674525,0.1333333333333333,16.48,-0.0433308214016577,1.8,이지케어텍,0
0.113766177,0.059898765,0.055795591,0.153194461,377330,2022-02-04,0.4325000000000001,-0.0797063304772236,0.2358490566037736,23.22,0.0402266288951842,2.194,이지트로닉스,1
0.451477648,0.130856972,0.038797461,0.0555770639999999,352940,2020-12-11,0.013151239251391,0.0594572257314467,0.0202020202020201,23.31,0.0089086859688196,0.98,인바이오,0
0.12173198,0.044565009,0.042334738,0.0596255989999999,389470,2022-11-22,-0.1824184894758564,-0.0155914348391104,-0.328,21.29,-0.095832352248646,3.844,인벤티지랩,0
0.107576796,0.079668419,0.020771543,0.034333147,216050,2016-10-31,-0.0623671155209071,-0.0208965730309237,0.0676691729323306,17.06,0.0940828402366864,1.438,인크로스,0
0.085277594,0.011421121,0.032228745,0.061766269,189300,2016-10-18,0.0385438972162741,-0.0079235831729826,-0.1574803149606298,15.28,0.0927070457354759,1.353,인텔리안테크,0
0.199997562,0.019478578,0.037623663,0.04312003,175140,2015-09-23,-0.2035667681600695,0.0555265777699958,0.0444444444444442,22.13,-0.0220183486238532,1.619,인포마크,0
0.720246577,0.050239656,0.019824278,0.032880268,271940,2021-09-01,-0.0013531799729363,0.0323878745945809,-0.255639097744361,16.11,0.1076271186440678,1.417,일진하이솔루스,1
0.068469979,0.050404087,0.041686173,0.029469781,226320,2015-12-28,0.0396578538102643,-0.0154128672058261,-0.0412371134020618,16.91,0.0103510351035103,1.677,잇츠스킨,1
0.456219122,0.065700708,0.13488368,0.09883637,389020,2023-03-07,-0.0210826210826211,-0.0178095350524355,0.1298701298701299,19.59,0.077466702908399,3.726,자람테크놀로지,0
0.103358807,0.021618349,0.051539519,0.049299422,234920,2016-09-06,-0.0653594771241831,0.0070513672490948,-0.0185185185185184,12.02,0.06345009914078,1.3,자이글,1
0.705776723,0.15969557,0.080059965,0.020283417,289220,2021-03-24,-0.1461708394698084,-0.0272297658176653,0.2413793103448276,21.2,0.1822157434402331,1.115,자이언트스텝,0
0.086838338,0.018496351,0.019135386,0.007896328,317400,2019-11-06,-0.1268705270006506,0.0671757215420409,-0.0480769230769231,12.62,0.170132325141777,1.53,자이에스앤디,1
0.0283128949999999,0.011616497,0.023912277,0.041045365,174880,2016-07-15,-0.2131979695431473,0.0390388571470035,-0.1711711711711712,12.67,-0.0459342023587834,1.221,장원테크,1
0.11324768,0.022466686,0.016849718,0.034789725,417840,2022-10-28,-0.1681083113952614,0.0205236007233988,-0.2015503875968992,25.75,0.0255941499085923,4.112,저스템,0
0.176684315,0.048598837,0.019209763,0.036657837,110020,2018-12-14,-0.1256198347107437,-0.009256789122816,0.0439560439560438,21.63,-0.0495921696574225,1.781,전진바이오팜,0
0.026879676,0.016520805,0.010598679,0.137647968,217190,2015-09-25,0.064340239912759,-0.0162548711856118,0.1157894736842106,23.62,-0.0256410256410256,1.615,제너셈,0
0.306248956,0.040632352,0.039179421,0.066916642,122310,2018-05-28,-0.1588156123822341,0.0427863675174109,0.0879120879120878,,-0.0081218274111675,2.208,제노레이,0
0.589660525,0.0595394829999999,0.041225077,0.028191187,361390,2021-03-24,-0.1461708394698084,-0.0272297658176653,0.2413793103448276,21.2,0.1822157434402331,1.115,제노코,0
0.560245372,0.1178469219999999,0.08116745,0.131772937,187420,2015-05-29,0.0288461538461537,0.0316832127341939,0.3243243243243243,13.84,0.0108901515151513,1.745,제노포커스,0
0.112675694,0.034150944,0.025176676,0.022285803,417500,2022-11-04,-0.0924261874197689,-0.0290507256195373,-0.1584158415841584,24.55,0.0671296296296297,4.118,제이아이테크,0
0.068891894,0.049989119,0.179438229,0.1140120389999999,204270,2020-03-04,0.6176631925397695,-0.0827928167760524,0.2199999999999999,31.99,-0.3941782898726501,1.029,제이앤티씨,1
0.293141104,0.0501719339999999,0.020446833,0.029753353,194370,2016-02-04,-0.0310199789695058,-0.0685558314138362,-0.217741935483871,21.84,-0.1237785016286645,1.494,제이에스코퍼레이션,1
0.020683157,0.018195247,0.042386106,0.041018569,322510,2019-12-11,-0.0375451263537905,0.015329774506902,-0.0186915887850467,14.99,-0.0259122157588577,1.381,제이엘케이인스펙션,1
0.298204717,0.055857435,0.1152335149999999,0.104656424,418550,2023-02-16,0.0789317507418396,0.1122641037427008,-0.1505376344086021,20.17,0.1188584877905265,3.504,제이오,0
0.323307539,0.044555864,0.02850114,0.103428115,199820,2020-11-26,-0.1961389961389961,0.0937693867248228,-0.1418439716312056,,0.0613718411552346,0.981,제일전기공업,0
0.035308172,0.0153262189999999,0.01818854,0.015787495,3380,2017-06-30,-0.0877055599060296,-0.0256033670639581,-0.1724137931034483,11.18,0.0500231588698472,1.698,제일홀딩스,1
0.242289263,0.067945515,0.019517992,0.010633062,276730,2021-05-26,0.0343137254901959,-0.0280307097698783,0.1515151515151513,17.36,-0.0316573556797019,1.161,제주맥주,1
0.278913897,0.016254015,0.030248025,0.024120365,89590,2015-11-06,-0.1427676894176581,0.0615405967348181,0.1976744186046513,14.33,0.0698564593301436,1.729,제주항공,1
0.182409602,0.038864032,0.02874079,0.036158083,216080,2019-11-14,0.038230884557721,0.0398744010034224,0.0808080808080808,13.05,0.0805714285714285,1.515,제테마,1
0.085934172,0.031325309,0.036315052,0.032738632,13890,2019-10-30,-0.1102310231023102,0.0631449997591599,0.1176470588235294,12.33,0.1474078700811991,1.481,지누스,1
0.145547425,0.046994595,0.047045935,0.03283996,389030,2021-11-08,-0.1196873473375671,0.1025382521579501,0.0956521739130435,17.22,-0.1062653562653561,1.906,지니너스,1
0.113061474,0.0535954099999999,0.0143120579999999,0.028725111,263860,2017-08-02,-0.1153262518968133,0.0344797447574856,-0.1956521739130435,10.28,-0.0318006016330038,1.73,지니언스,1
0.250181554,0.073452175,0.042883505,0.063512613,358570,2023-03-30,-0.1179683233205898,0.0404135527307163,0.3333333333333332,19.02,-0.1221073362875432,3.24,지아이이노베이션,0
0.740629011,0.0582781429999999,0.043968489,0.058581422,382480,2021-10-21,0.1483160621761658,0.0046132304589732,0.2033898305084744,15.01,0.1567944250871078,1.836,지아이텍,1
0.07674384,0.039938741,0.046888773,0.018785021,382800,2021-10-29,-0.0436485730274203,0.0605092375113642,-0.3432835820895522,16.26,0.0771331058020476,2.103,지앤비에스엔지니어링,1
0.1955551,0.110420365,0.064109102,0.135777089,311320,2021-11-11,-0.00109829763866,0.0539200637293473,-0.0357142857142857,17.66,0.0356200527704486,1.913,지오엘리먼트,1
0.532419382,0.006075936,0.0282523099999999,0.027777815,388050,2022-04-01,-0.2459304883413989,0.0681325842371904,0.1039999999999998,19.63,0.3500287852619459,2.784,지투파워,1
0.06245849,0.012873345,0.0155128009999999,0.021678376,363250,2021-05-26,0.0343137254901959,-0.0280307097698783,0.1515151515151513,17.36,-0.0316573556797019,1.161,진시스템,1
0.056287272,0.009005942,0.021560775,0.010233865,272450,2017-12-08,0.2295229522952295,0.0093021593735347,-0.2695652173913043,9.58,-0.0166527893422148,2.094,진에어,1
0.347008919,0.090277644,0.02886264,0.027919312,285800,2023-06-01,0.0415200562983815,0.075670268926155,-0.1326530612244898,15.65,0.0614264919941776,3.478,진영,0
0.098852719,0.053283797,0.034012601,0.016686671,261780,2021-10-22,0.1421188630490955,0.0111644967549482,0.0377358490566037,15.43,0.1672401927047486,1.889,차백신연구소,1
0.024296646,0.041274108,0.010508949,0.018979858,311690,2019-12-26,-0.0028880866425992,0.0352627977252504,-0.2285714285714285,12.65,0.0725534308211472,1.367,천랩,1
0.078531064,0.030142412,0.035211291,0.037546278,278280,2019-02-11,-0.0401294498381876,0.0468652589922207,0.4057971014492754,15.97,-0.0266075388026607,1.781,천보,0
0.170121216,0.051520258,0.073726827,0.081000938,362320,2022-06-03,-0.1024987251402345,-6.413857102594012e-05,0.1545454545454545,24.79,-0.0728835136855506,3.121,청담글로벌,0
0.066019255,0.014767261,0.028434803,0.016717356,66360,2017-12-04,-0.0384336475707033,0.012292207937981,0.1794871794871795,11.68,0.0194132873166521,2.083,체리부로,1
0.721647705,0.027451448,0.067637763,0.033171177,293490,2020-09-10,0.0818022747156606,0.0117432359978695,0.2708333333333332,29.71,-0.0264993026499302,0.915,카카오게임즈,0
0.542955518,0.041234512,0.023247624,0.096659774,377300,2021-11-03,-0.1856738925541941,0.0791405711909181,-0.0267857142857143,15.1,0.0124345549738218,2.036,카카오페이,1
0.2326672019999999,0.043472325,0.018447845,0.038054264,42000,2018-02-08,1.058981233243968,-0.0142012793956469,0.3500000000000001,33.46,0.1170674024438314,2.272,카페24,0
0.27492134,0.040356251,0.034399956,0.055979666,317530,2019-10-29,-0.0814814814814813,0.0527660809791852,-0.0344827586206897,13.2,0.1284403669724769,1.499,캐리소프트,1
0.071523632,0.038818256,0.01312909,0.016065335,900310,2017-08-10,0.4364135407136322,0.0124138787598775,0.1616161616161615,16.04,-0.0421635434412265,1.824,컬러레이,1
0.572410021,0.023803781,0.046415213,0.047449078,307930,2019-05-23,0.2657232704402517,-0.0453078978438578,-0.2989690721649484,16.92,-0.0607734806629833,1.648,컴퍼니케이,0
0.709576847,0.02856146,0.135332579,0.020779966,263700,2018-03-28,0.2498279421885754,-0.0363260487123168,0.0439560439560438,22.87,-0.0310754189944133,2.222,케어랩스,0
0.052289483,0.030204188,0.021021465,0.019367628,214370,2015-11-17,0.0826339573918657,0.0212355121587375,0.4787234042553192,18.84,0.097631706138231,1.758,케어젠,1
0.096654643,0.029535606,0.032063032,0.010993089,221980,2015-11-19,0.0324137931034482,0.0315343130220313,0.108695652173913,16.99,0.1208086785009863,1.736,케이디켐,1
0.174262595,0.044045579,0.028910673,0.038871043,272110,2019-10-25,-0.1549295774647887,0.0310052137830634,-0.0105263157894737,12.65,0.0497925311203317,1.435,케이엔제이,1
0.766668082,0.021311499,0.060308606,0.032771512,102370,2022-01-24,0.1733333333333333,-0.120386228729324,0.5499999999999998,29.9,0.1983750846310088,2.112,케이옥션,1
0.053684821,0.0311543739999999,0.01591006,0.06785973,381970,2021-10-13,0.5207060420909706,-0.0458799566413943,0.1132075471698113,18.64,0.2055214723926379,1.824,케이카,1
0.038654469,0.011744701,0.0139501609999999,0.023716071,298870,2021-12-16,0.1009557945041816,-0.0223589901867602,0.0309278350515465,20.57,-0.0812854442344045,1.766,케이티비네트워크,1
0.043338147,0.11348221,0.101107651,0.049007857,274090,2020-03-03,0.7759651984774332,-0.0346399869755165,0.5119047619047621,36.82,-0.2813474734872115,1.11,켄코아에어로스페이스,1
0.135670288,0.033569853,0.01784895,0.012041262,402030,2022-07-07,0.4511764705882353,-0.0668061981629583,-0.2612612612612613,26.08,-0.036769533814839,3.262,코난테크놀로지,0
0.161033,0.03274729,0.026998833,0.03936327,290510,2019-11-29,0.0416036308623297,0.0497830917176331,0.0480769230769231,12.62,0.0373395565927654,1.385,코리아센터,1
0.101676571,0.054439645,0.031777004,0.069489604,152330,2015-12-29,0.011830201809325,-0.0132480055542832,-0.1774193548387096,16.08,0.0108695652173913,1.655,코리아오토글라스,1
0.30820531,0.021514809,0.042075147,0.042022292,183300,2017-03-23,0.3539094650205761,-0.0023767638926681,-0.39,13.12,0.0380129589632829,1.666,코미코,1
0.081814742,0.043036345,0.041178696,0.041757538,241710,2016-10-28,0.0608272506082725,-0.0180778963020048,-0.1428571428571428,16.19,0.137062077443147,1.438,코스메카코리아,0
0.724681631,0.081049602,0.030716819,0.057227633,166480,2015-06-26,0.0190627482128673,0.0083155638204401,0.1818181818181818,14.02,0.1361281205840789,1.818,코아스템,0
0.200205527,0.062777146,0.046925739,0.02081939,282880,2019-08-05,0.1056629834254143,-0.0116455463881001,-0.0763358778625954,24.59,-0.10009765625,1.172,코윈테크,0
0.220216741,0.03976296,0.023668756,0.018931851,294570,2021-04-28,-0.1144814090019569,0.0800919026784412,0.0636363636363634,17.28,-0.0682339449541284,1.105,쿠콘,1
0.086288626,0.02778989,0.054379086,0.169892275,317690,2020-12-09,0.0009671179883945,0.089053281620143,0.3424657534246575,22.27,-0.0573183213920163,0.966,퀀타매트릭스,0
0.1019987109999999,0.084566205,0.10170353,0.13698382,365270,2021-07-22,0.0862533692722373,0.0252400875528902,0.5822784810126582,17.69,-0.1380920613742495,1.397,큐라클,1
0.2344237939999999,0.053326991,0.051257321,0.165439611,348080,2023-06-15,-0.002943340691685,0.0900687031154203,-0.3050847457627118,14.5,0.0293318848451928,3.626,큐라티스,0
0.382137373,0.0623789629999999,0.02213181,0.028866278,115180,2016-02-29,-0.1235018238665972,-0.005088910689284,-0.0727272727272727,20.55,-0.0953846153846154,1.454,큐리언트,1
0.050574915,0.011686959,0.037909273,0.027499945,405100,2022-11-02,-0.1552621048419367,-0.0231230039889781,-0.063063063063063,25.86,0.078029294274301,4.095,큐알티,0
0.077514599,0.040877157,0.034179263,0.041054805,259960,2021-08-10,0.137848605577689,0.0124358662331667,-0.2434782608695651,16.79,-0.0655853314527503,1.432,크래프톤,1
0.1034399,0.06857089,0.03717327,0.028454525,110790,2018-10-01,-0.0123022847100175,-0.0077920499932021,0.0851063829787235,12.0,0.0709294199860237,2.022,크리스에프앤씨,0
0.142979799,0.049076471,0.035546491,0.027122629,900250,2016-01-28,0.3805755395683454,-0.1252501060838857,0.1340206185567012,22.42,-0.1268526591107236,1.618,크리스탈신소재,1
0.1681383,0.053882353,0.044072406,0.035743489,352770,2020-12-04,-0.0791168353265868,0.0408925132667428,-0.0315789473684209,20.79,0.1109756097560976,0.966,클리노믹스,0
0.062414221,0.025514741,0.032776714,0.022515039,237880,2016-11-09,0.1199999999999998,-0.0086905155900365,0.0978260869565217,14.38,0.0641466208476517,1.402,클리오,0
0.127927421,0.033164409,0.016616257,0.042299173,219130,2015-09-25,0.064340239912759,-0.0162548711856118,0.1157894736842106,23.62,-0.0256410256410256,1.615,타이거일렉,0
0.129925152,0.121330161,0.097403065,0.0522241989999999,360070,2022-10-18,0.2754835337166754,-0.0655795828297042,-0.0485436893203884,30.5,0.1241244045951246,4.242,탑머티리얼,0
0.16892934,0.037603231,0.012153395,0.041522849,124560,2019-12-10,-0.002930402930403,0.0186134909995738,0.25,15.68,-0.0554979253112033,1.39,태웅로직스,1
0.102625572,0.088975783,0.039854711,0.090610071,55490,2017-10-31,0.0024271844660195,0.0256058522194384,0.0,10.18,0.0193548387096773,2.164,테이팩스,1
0.252757645,0.051191523,0.023253344,0.044730605,214420,2015-07-10,0.1218045112781953,-0.0315021260488539,-0.1284403669724771,16.83,-0.0268794624107516,1.806,토니모리,0
0.19935032,0.028754008,0.022828447,0.027277335,417790,2023-05-17,-0.1226597805035507,0.0152846765893881,0.4749999999999998,16.87,-0.0139236981342245,3.274,트루엔,0
0.4063942939999999,0.0520744849999999,0.044210496,0.034462559,290090,2021-11-17,-0.0992667794698251,0.056354894540382,-0.3169014084507042,17.11,-0.0120481927710843,1.974,트윔,1
0.340543311,0.1016229449999999,0.010969184,0.029394591,322180,2019-10-31,-0.0698455339153795,0.0548407593217581,0.3874999999999999,13.22,0.1571056062581486,1.466,티라유텍,1
0.073179867,0.018701471,0.048387943,0.030608904,117730,2018-11-29,-0.1096446700507614,-0.001958698967277,0.0499999999999998,18.79,-0.0232929164007658,1.889,티로보틱스,0
0.112976245,0.023534931,0.014851195,0.01586515,204610,2022-11-17,-0.1734608985024958,0.053587272240845,0.1886792452830188,23.93,-0.1082648622522958,3.804,티쓰리,0
0.132275149,0.049948954,0.024222201,0.037613721,246710,2018-11-28,-0.1478770131771595,-0.0110239551092008,-0.12,18.49,-0.0285805017465862,1.92,티앤알바이오팹,0
0.238749915,0.02247592,0.048589433,0.045206272,340570,2020-11-20,-0.1136986301369862,0.0308643087161499,0.0943396226415094,23.7,0.0011890606420927,0.963,티앤엘,0
0.227092585,0.12348082,0.047440879,0.023371949,246690,2016-12-15,-0.1967329545454544,0.0268368485608625,-0.0648148148148148,12.79,0.1175446234218546,1.697,티에스인베스트먼트,0
0.044690905,0.042172562,0.03599975,0.026020953,425420,2022-11-17,-0.1734608985024958,0.053587272240845,0.1886792452830188,23.93,-0.1082648622522958,3.804,티에프이,0
0.199005811,0.0552947099999999,0.132079037,0.046493365,356860,2020-12-14,-0.0317073170731706,0.0463747254749429,0.3170731707317074,24.72,-0.0164654226125137,0.986,티엘비,0
0.153714567,0.059256915,0.072449741,0.052309817,321550,2019-11-22,0.0819672131147539,0.0319162938316812,-0.0204081632653061,12.34,-0.0127848804891606,1.456,티움바이오,1
0.021115231,0.046038049,0.0150962579999999,0.002483345,91810,2018-08-01,-0.2538593481989707,0.0225413244816232,0.2409638554216868,13.15,0.0422237860661507,2.124,티웨이항공,0
0.075385741,0.137848587,0.034309284,0.050172851,425040,2023-01-19,-0.0465380249716231,0.0389700656580365,-0.125,20.52,-0.0849158979924036,3.248,티이엠씨,0
0.516150932,0.093639078,0.040220679,0.041763022,214450,2015-07-24,0.0371248025276462,0.0066938465190002,-0.1981132075471698,13.74,-0.0828617623282134,1.706,파마리서치프로덕트,0
0.047860244,0.050706084,0.036441844,0.048252907,208340,2018-11-21,-0.0200739566825144,-0.0280766530958951,0.1354166666666667,20.8,-0.0160720025715205,1.946,파멥신,0
0.193023737,0.047362401,0.048825424,0.003636894,37030,2018-06-07,-0.0657206870799104,0.0475932362506565,0.0666666666666666,12.13,0.0033738191632928,2.217,파워넷,0
0.339046725,0.020048017,0.049062083,0.04406839,131760,2015-08-17,0.0815217391304345,-0.0326928933475857,0.0303030303030302,13.02,-0.0752100840336134,1.723,파인텍,0
0.058352481,0.0547731409999999,0.04727291,0.058674756,140860,2015-12-17,0.189327485380117,-0.0008020003829128,0.0408163265306122,18.94,0.0226969292389853,1.726,파크시스템스,1
0.689207024,0.03544823,0.031203317,0.0303895209999999,38160,2016-08-01,0.0177705977382873,0.061605297080105,-0.2480620155038759,12.44,0.0062456627342122,1.212,팍스넷,1
0.0264515219999999,0.022615106,0.015906602,0.024889496,318010,2019-10-22,-0.0170454545454545,0.021186914336208,0.0776699029126213,14.46,0.0914043583535109,1.379,팜스빌,1
0.172411679,0.044691241,0.061568336,0.012845544,222110,2016-03-11,-0.3955654101995565,0.0926494377517026,-0.0796460176991149,16.5,0.1088201603665521,1.55,팬젠,1
0.051021094,0.0155088039999999,0.020265661,0.064113984,263750,2017-09-14,0.0992616899097622,0.0181368141142774,-0.0775862068965516,10.44,-0.0143755615453728,1.742,펄어비스,1
0.106356876,0.04023102,0.0281876389999999,0.375108068,251970,2019-07-04,-0.1798298906439854,0.0704390830227277,-0.0849056603773585,,-0.0792079207920791,1.416,펌텍코리아,0
0.100375958,0.029720313,0.02421101,0.0273653429999999,168360,2022-11-24,-0.189873417721519,0.0185416190817153,-0.1553398058252427,20.42,-0.0793611180434239,3.689,펨트론,0
0.667762877,0.096580754,0.031446192,0.066715418,87010,2015-07-22,0.0353773584905658,0.0093080304591353,-0.0740740740740741,12.12,-0.0176991150442479,1.749,펩트론,0
0.735673961,0.0501195069999999,0.042856796,0.056013481,389140,2022-04-28,0.2823803967327887,-0.1352515849066096,-0.3115942028985506,29.99,0.1984732824427479,2.925,포바이포,1
0.3698355,0.013118193,0.027061837,0.038237639,189690,2015-02-11,-0.0533910533910534,0.0270599885699345,0.0560747663551399,16.96,0.0803234501347709,2.051,포시에스,0
0.466920555,0.136429561,0.076090229,0.07578234,318020,2020-12-03,-0.0893501805054152,0.0654476942754624,-0.3271028037383178,21.28,0.2245430809399478,0.975,포인트모바일,0
0.210704943,0.023369638,0.033569436,0.03748529,290720,2018-10-04,0.0146048109965635,0.0129197717874507,0.3974358974358976,14.22,0.1052814454482278,2.066,푸드나무,0
0.200785525,0.037995039,0.033421894,0.02203774,371950,2022-02-28,-0.039871123640757,-0.0055153994053214,0.141509433962264,30.15,0.1042600896860985,2.242,풍원정밀,1
0.50721268,0.051323172,0.04255077,0.011437351,370090,2022-02-23,0.3088842975206611,-0.0116527903130306,-0.1612903225806451,31.02,0.0379071009076348,2.317,퓨런티어,1
0.338210075,0.057143267,0.027083242,0.136822604,195440,2016-12-21,-0.0995918367346939,0.0181179912149536,-0.02803738317757,11.27,0.0870488322717621,1.687,퓨전데이타,0
0.102312282,0.131536771,0.0561756,0.036131883,334970,2021-03-11,0.0556165386022686,-0.0646769180404268,0.163793103448276,21.91,0.3055793991416307,1.179,프레스티지바이오로직스,0
0.089021363,0.057524977,0.033015027,0.028726173,377220,2021-09-28,-0.0142414860681113,-0.0193843875915405,-0.1384615384615384,23.25,0.1407804131599084,1.609,프롬바이오,1
0.736261868,0.040856738,0.076125291,0.024060278,335810,2020-12-22,0.0368500757193337,0.0725457872973873,0.168421052631579,24.23,0.0598870056497173,0.945,프리시젼바이오,0
0.048321496,0.10974264,0.018892406,0.1033436889999999,405000,2022-10-21,0.1557692307692306,-0.023287769706598,0.0095238095238094,29.69,0.1480878763222131,4.495,플라즈맵,0
0.693101005,0.044277613,0.033253827,0.021320811,367000,2021-08-12,0.1595092024539877,0.0152656111451894,-0.0092592592592593,15.59,0.0261337432744044,1.413,플래티어,1
0.091710894,0.14323368,0.12919726,0.039547149,237820,2020-03-12,1.2541966426858515,-0.1823892102552939,0.1136363636363635,75.47,-0.458307597282273,1.062,플레이디,1
0.13611879,0.083973002,0.039351811,0.07682827,300080,2019-07-17,-0.1270833333333333,0.0338099048309878,0.1413043478260869,13.97,0.0379497289305075,1.399,플리토,0
0.110832157,0.032989013,0.039841586,0.039961819,241820,2017-02-23,-0.22177742193755,0.0361170022851846,0.075268817204301,11.71,-0.0386146496815286,1.676,피씨엘,1
0.019108192,0.023656458,0.023103095,0.030332293,237750,2016-07-04,0.0931414055884842,-0.0202022646871786,-0.1724137931034483,,-0.1617731721358665,1.224,피앤씨테크,1
0.208971429,0.026577114,0.041925207,0.047454346,347740,2020-09-09,0.0387293298520452,0.0060160621532661,0.8225806451612903,28.81,0.013372956909361,0.915,피엔케이,0
0.2367980639999999,0.062879544,0.0500166769999999,0.044491404,376180,2021-11-03,-0.1856738925541941,0.0791405711909181,-0.0267857142857143,15.1,0.0124345549738218,2.036,피코그램,1
0.098736077,0.144090885,0.140411121,0.109506014,304840,2020-10-19,0.0505484024797331,0.0828255261997494,0.1747572815533979,29.18,0.1195814648729445,0.891,피플바이오,0
0.17675894,0.079510201,0.02665318,0.034520747,62970,2019-12-26,-0.0028880866425992,0.0352627977252504,-0.2285714285714285,12.65,0.0725534308211472,1.367,피피아이,1
0.027381435,0.038684971,0.024833405,0.016265085,87600,2015-06-12,0.0830721003134795,0.0062782058611927,-0.2109375,13.78,0.0658012533572067,1.762,픽셀플러스,0
0.136207606,0.032845061,0.01691721,0.154402451,291810,2022-10-20,0.2038381742738588,-0.034906158114781,-0.054054054054054,29.98,0.1153638814016171,4.35,핀텔,0
0.080774204,0.034251744,0.016571753,0.017777655,161580,2017-06-01,0.074164629176854,0.0207442044767605,-0.2857142857142857,9.89,-0.0620748299319727,1.645,필옵틱스,1
0.056618725,0.014430107,0.017569491,0.024542616,347770,2020-09-18,-0.1703235403495724,-0.0314843754944059,0.5108695652173911,25.83,0.0833333333333332,0.907,핌스,0
0.382154763,0.099450354,0.092242572,0.077778898,163730,2021-01-29,0.4979628791308286,0.0362983804390053,0.3974358974358976,33.09,0.1484716157205239,0.971,핑거,0
0.742103252,0.079319783,0.056259648,0.120351535,299030,2020-11-25,-0.1494203520824388,0.0937693867248228,-0.0104166666666666,21.25,0.1434108527131783,0.971,하나기술,0
0.15385655,0.053729926,0.030187531,0.042504388,166090,2017-04-28,0.0687160940325497,0.022758262327196,-0.15,10.82,-0.0372540812055253,1.675,하나머티리얼즈,1
0.146211002,0.087768747,0.045392147,0.062435687,293480,2018-10-02,0.0148731408573927,-0.0066677207245481,0.0520833333333334,12.05,0.0648723257418908,2.015,하나제약,0
0.042578316,0.0277298939999999,0.0257968599999999,0.038565243,221840,2015-11-25,-0.1443158611300203,0.0013972822658701,0.3033707865168538,15.19,0.065683008091385,1.769,하이즈항공,1
0.294730428,0.141941597,0.150556943,0.065387216,222980,2015-12-23,0.1629570747217805,-0.0199302333703808,-0.288135593220339,15.57,0.0013428827215757,1.668,한국맥널티,1
0.600249441,0.033625838,0.027232829,0.057772675,318000,2019-08-01,0.1627376425855513,0.000635225864958,0.2134831460674158,17.87,0.0302874743326488,1.309,한국바이오젠,0
0.055537447,0.037521754,0.0251755239999999,0.026740456,80720,2018-07-26,-0.1682634730538921,0.0654338369954361,0.1294117647058823,12.14,0.0468309859154929,2.071,한국유니온제약,0
0.395889088,0.081206976,0.038803647,0.130253119,32300,2020-08-10,-0.0660177740160812,0.0596814727515031,0.1234567901234566,22.13,-0.0841423948220065,0.83,한국파마,0
0.134790512,0.019388399,0.022775096,0.020617153,256150,2019-09-05,-0.1699584199584198,0.0145049306107727,-0.2727272727272727,16.27,-0.1442699243746363,1.259,한독크린텍,0
0.251846342,0.066661061,0.060271536,0.059761551,221610,2016-01-27,0.4037138927097663,-0.0938943125246272,-0.2058823529411764,23.11,-0.1321490467937607,1.604,한솔씨앤피,1
0.319037133,0.040640288,0.0580648949999999,0.040286201,198940,2023-01-19,-0.0465380249716231,0.0389700656580365,-0.125,20.52,-0.0849158979924036,3.248,한주라이트메탈,0
0.043717582,0.021941855,0.0065412539999999,0.019615249,372910,2021-08-17,0.0131147540983607,0.0203381147506478,-0.0764331210191083,17.91,0.0376432078559738,1.402,한컴라이프케어,1
0.059172232,0.029135889,0.02303074,0.017528063,272210,2019-11-13,0.0286360211002261,0.0445472232444608,-0.1619047619047618,13.0,0.1048710601719196,1.51,한화시스템,1
0.10499049,0.007736601,0.046711059,0.009947713,195870,2016-06-24,0.5516652433817251,0.0016871496415167,-0.1531531531531532,25.76,-0.0578065910318746,1.249,해성디에스,1
0.732894582,0.032053268,0.022048696,0.019791614,59270,2021-04-21,-0.2091589608102158,0.042227244924665,-0.1894736842105262,17.5,-0.0297397769516728,1.11,해성티피씨,1
0.186173674,0.069922829,0.044939014,0.041523162,101530,2016-05-11,-0.0351951032899771,-0.0278003567989786,0.02,14.69,-0.0067950169875424,1.417,해태제과식품,1
0.107377572,0.012443753,0.007436263,0.01677513,143210,2016-12-02,-0.2971211298207497,0.0380949154139185,-0.4606741573033708,14.12,0.3558011049723757,1.745,핸즈코퍼레이션,0
0.209030373,0.024083459,0.146934809,0.050313646,900270,2016-08-18,-0.0935582822085888,0.0305012430053581,0.0109890109890109,11.43,-0.0165079365079364,1.228,헝셩그룹,1
0.648363862,0.18444237,0.040115296,0.168937858,16790,2018-06-01,0.0674981658107116,0.0499383082638682,0.2857142857142858,13.46,-0.0308370044052863,2.193,현대사료,0
0.024360686,0.050734032,0.028979821,0.036745313,322000,2019-11-19,0.0190985485103132,0.0549881711856516,0.1808510638297873,12.86,0.0265837104072397,1.485,현대에너지솔루션,1
0.392299864,0.038244634,0.032814219,0.023552176,307950,2019-03-28,0.0089408528198073,0.0147161844450576,0.0444444444444442,14.43,-0.1236658078763343,1.679,현대오토에버,0
0.398730401,0.065465204,0.029304215,0.022545354,329180,2021-09-17,-0.1839323467230444,0.0440200196188342,-0.2236842105263158,20.81,0.0645418326693227,1.535,현대중공업,1
0.035015739,0.01984835,0.013004884,0.039973329,111110,2017-02-02,0.0765124555160141,0.0302446416548749,0.1807228915662651,11.93,0.0549403747870527,1.674,호전실업,1
0.0265069239999999,0.038630105,0.021920151,0.020494267,241590,2016-10-04,0.2205882352941175,0.0047309298676989,0.33,13.63,0.0162398500936915,1.276,화승엔터프라이즈,0
0.307025401,0.070693104,0.081862488,0.026759522,290270,2018-08-02,-0.2785467128027682,0.0159310585454381,0.3287671232876712,12.19,0.0603600423579244,2.113,휴네시온,0
0.066709617,0.020265118,0.023936729,0.013088277,145020,2015-12-24,0.0520915548539857,-0.0137232286570104,0.1704545454545454,15.74,0.0157374100719422,1.662,휴젤,1
0.700850442,0.009626682,0.049481158,0.0449555,189980,2015-08-07,-0.1129136924075275,0.0117533553030739,0.0,13.39,-0.089533932951758,1.783,흥국에프엔비,0
0.299233867,0.033814893,0.051554272,0.020914158,238490,2017-07-20,-0.0500894454382826,0.0242366138670162,-0.0545454545454545,9.58,0.0592350746268655,1.74,힘스,1
