변환,주식시장,잠정치
"2015/01/02","264","54"
"2015/01/05","554","200"
"2015/01/06","-3,301","-323"
"2015/01/07","-2,203","-163"
"2015/01/08","1,960","198"
"2015/01/09","1,604","221"
"2015/01/12","-818","-199"
"2015/01/13","-555","-307"
"2015/01/14","-915","191"
"2015/01/15","-2,067","62"
"2015/01/16","-3,006","-470"
"2015/01/19","-259","-369"
"2015/01/20","324","147"
"2015/01/21","698","-172"
"2015/01/22","611","-69"
"2015/01/23","1,001","351"
"2015/01/26","-1,092","-307"
"2015/01/27","840","-51"
"2015/01/28","-660","349"
"2015/01/29","-2,420","-207"
"2015/01/30","-953","-96"
"2015/02/02","39","-42"
"2015/02/03","-304","58"
"2015/02/04","2,255","-68"
"2015/02/05","-1,158","-197"
"2015/02/06","4,317","-152"
"2015/02/09","-1,062","-836"
"2015/02/10","-1,316","233"
"2015/02/11","1,001","-42"
"2015/02/12","-598","-232"
"2015/02/13","1,751","117"
"2015/02/16","1,302","263"
"2015/02/17","-255","96"
"2015/02/23","1,279","219"
"2015/02/24","806","142"
"2015/02/25","2,076","-314"
"2015/02/26","2,317","-117"
"2015/02/27","808","467"
"2015/03/02","1,573","-314"
"2015/03/03","1,799","188"
"2015/03/04","2,343","100"
"2015/03/05","1,227","-115"
"2015/03/06","2,839","169"
"2015/03/09","-604","-415"
"2015/03/10","797","-36"
"2015/03/11","906","109"
"2015/03/12","-1,203","389"
"2015/03/13","1,046","15"
"2015/03/16","61","-149"
"2015/03/17","4,989","-402"
"2015/03/18","3,299","-292"
"2015/03/19","3,966","255"
"2015/03/20","2,631","719"
"2015/03/23","1,457","-114"
"2015/03/24","654","155"
"2015/03/25","1,125","201"
"2015/03/26","-1,124","-748"
"2015/03/27","-799","-795"
"2015/03/30","758","282"
"2015/03/31","1,372","-48"
"2015/04/01","-632","-32"
"2015/04/02","-157","-53"
"2015/04/03","454","401"
"2015/04/06","-175","-77"
"2015/04/07","483","-21"
"2015/04/08","946","-150"
"2015/04/09","1,514","497"
"2015/04/10","2,874","-231"
"2015/04/13","2,792","573"
"2015/04/14","3,958","116"
"2015/04/15","3,212","338"
"2015/04/16","3,749","-481"
"2015/04/17","2,799","-899"
"2015/04/20","2,851","-735"
"2015/04/21","2,468","264"
"2015/04/22","7,445","-659"
"2015/04/23","4,435","-462"
"2015/04/24","5,328","103"
"2015/04/27","2,071","286"
"2015/04/28","-16","-817"
"2015/04/29","-615","-276"
"2015/04/30","708","-757"
"2015/05/04","1,291","-324"
"2015/05/06","957","-179"
"2015/05/07","-674","177"
"2015/05/08","-237","205"
"2015/05/11","-475","133"
"2015/05/12","68","-431"
"2015/05/13","775","497"
"2015/05/14","254","-452"
"2015/05/15","4,799","240"
"2015/05/18","1,650","-75"
"2015/05/19","754","334"
"2015/05/20","1,363","759"
"2015/05/21","606","701"
"2015/05/22","2,960","-113"
"2015/05/26","-38","404"
"2015/05/27","-1,882","251"
"2015/05/28","2,513","264"
"2015/05/29","2,567","57"
"2015/06/01","381","467"
"2015/06/02","110","-103"
"2015/06/03","1,551","376"
"2015/06/04","3,744","264"
"2015/06/05","1,075","-197"
"2015/06/08","-739","358"
"2015/06/09","-1,466","269"
"2015/06/10","-1,978","-520"
"2015/06/11","-1,676","-133"
"2015/06/12","-844","-116"
"2015/06/15","1,219","71"
"2015/06/16","-3,149","192"
"2015/06/17","-1,536","-51"
"2015/06/18","-2,621","-805"
"2015/06/19","-2,836","-220"
"2015/06/22","-1,233","-340"
"2015/06/23","-98","-68"
"2015/06/24","545","399"
"2015/06/25","81","-63"
"2015/06/26","591","-313"
"2015/06/29","-1,101","-92"
"2015/06/30","-516","438"
"2015/07/01","94","-83"
"2015/07/02","1,161","-121"
"2015/07/03","-121","-105"
"2015/07/06","-2,817","-546"
"2015/07/07","-1,058","-118"
"2015/07/08","-3,983","-256"
"2015/07/09","-3,488","-791"
"2015/07/10","-711","-191"
"2015/07/13","60","622"
"2015/07/14","-356","-125"
"2015/07/15","2,358","34"
"2015/07/16","1,820","513"
"2015/07/17","-722","-426"
"2015/07/20","-222","374"
"2015/07/21","-1,271","-626"
"2015/07/22","-3,770","-155"
"2015/07/23","-1,892","-97"
"2015/07/24","-2,586","93"
"2015/07/27","11","-884"
"2015/07/28","-1,305","205"
"2015/07/29","20","18"
"2015/07/30","-798","489"
"2015/07/31","1,662","760"
"2015/08/03","-85","-532"
"2015/08/04","599","320"
"2015/08/05","-248","-202"
"2015/08/06","-1,019","-378"
"2015/08/07","-340","-282"
"2015/08/10","-597","-678"
"2015/08/11","-877","174"
"2015/08/12","-3,034","354"
"2015/08/13","-2,163","469"
"2015/08/17","-3,213","-722"
"2015/08/18","-207","-262"
"2015/08/19","-269","246"
"2015/08/20","-2,932","301"
"2015/08/21","-4,421","774"
"2015/08/24","-7,239","-70"
"2015/08/25","-5,309","338"
"2015/08/26","-5,492","-870"
"2015/08/27","-3,482","-401"
"2015/08/28","-395","-198"
"2015/08/31","-369","-236"
"2015/09/01","-75","-444"
"2015/09/02","-873","252"
"2015/09/03","-1,209","-425"
"2015/09/04","-231","-747"
"2015/09/07","-2,853","372"
"2015/09/08","-2,497","-364"
"2015/09/09","-1,491","559"
"2015/09/10","-2,294","110"
"2015/09/11","-563","-400"
"2015/09/14","-580","-311"
"2015/09/15","-1,159","-235"
"2015/09/16","2,223","-14"
"2015/09/17","1,264","-79"
"2015/09/18","1,724","1,018"
"2015/09/21","-1,921","-305"
"2015/09/22","-186","131"
"2015/09/23","-3,018","-612"
"2015/09/24","-2,205","385"
"2015/09/25","-2,980","-293"
"2015/09/30","1,475","-182"
"2015/10/01","1,011","43"
"2015/10/02","-1,276","324"
"2015/10/05","-154","207"
"2015/10/06","1,351","-77"
"2015/10/07","881","-384"
"2015/10/08","1,900","-242"
"2015/10/12","1,331","-32"
"2015/10/13","1,065","2"
"2015/10/14","-1,113","-186"
"2015/10/15","405","202"
"2015/10/16","3,758","-240"
"2015/10/19","630","-110"
"2015/10/20","381","151"
"2015/10/21","-33","-439"
"2015/10/22","-2,866","-88"
"2015/10/23","1,156","194"
"2015/10/26","1,599","350"
"2015/10/27","-101","-215"
"2015/10/28","-2,200","7"
"2015/10/29","-251","-90"
"2015/10/30","-270","-226"
"2015/11/02","1,333","89"
"2015/11/03","314","-81"
"2015/11/04","1,179","-156"
"2015/11/05","-289","277"
"2015/11/06","-512","-175"
"2015/11/09","53","-532"
"2015/11/10","-691","43"
"2015/11/11","-2,227","459"
"2015/11/12","-2,208","365"
"2015/11/13","-2,109","21"
"2015/11/16","-2,362","-174"
"2015/11/17","-1,646","422"
"2015/11/18","-1,429","437"
"2015/11/19","2,899","527"
"2015/11/20","-1,748","234"
"2015/11/23","-1,040","169"
"2015/11/24","-1,818","202"
"2015/11/25","-1,994","200"
"2015/11/26","661","186"
"2015/11/27","-294","-48"
"2015/11/30","-5,383","-48"
"2015/12/01","1,134","198"
"2015/12/02","-3,029","190"
"2015/12/03","-2,548","112"
"2015/12/04","-3,648","-289"
"2015/12/07","-1,474","65"
"2015/12/08","-1,830","140"
"2015/12/09","-2,429","106"
"2015/12/10","-3,568","-16"
"2015/12/11","-2,312","13"
"2015/12/14","-2,622","-71"
"2015/12/15","-3,527","494"
"2015/12/16","-1,591","-192"
"2015/12/17","-655","705"
"2015/12/18","-1,430","332"
"2015/12/21","-1,141","-49"
"2015/12/22","-66","-83"
"2015/12/23","-63","108"
"2015/12/24","-36","347"
"2015/12/28","-304","502"
"2015/12/29","-928","572"
"2015/12/30","-382","-139"
"2015/12/31","",""
"2016/01/04","-1,572","-228"
"2016/01/05","-1,897","64"
"2016/01/06","1,631","-46"
"2016/01/07","-2,693","-157"
"2016/01/08","-1,492","245"
"2016/01/11","-1,136","-464"
"2016/01/12","-2,198","331"
"2016/01/13","-499","1,145"
"2016/01/14","-3,724","-173"
"2016/01/15","-2,182","-221"
"2016/01/18","-3,498","538"
"2016/01/19","-2,798","-520"
"2016/01/20","-2,283","663"
"2016/01/21","-2,974","83"
"2016/01/22","-1,564","-321"
"2016/01/25","-827","575"
"2016/01/26","-1,888","-147"
"2016/01/27","330","-493"
"2016/01/28","-158","575"
"2016/01/29","1,761","214"
"2016/02/01","1,856","318"
"2016/02/02","-300","-114"
"2016/02/03","-1,905","-279"
"2016/02/04","1,498","167"
"2016/02/05","4","-96"
"2016/02/11","-1,677","-1,132"
"2016/02/12","-2,978","-769"
"2016/02/15","-1,240","-73"
"2016/02/16","858","-428"
"2016/02/17","-196","-607"
"2016/02/18","864","537"
"2016/02/19","1,712","146"
"2016/02/22","355","-229"
"2016/02/23","-48","-669"
"2016/02/24","-166","349"
"2016/02/25","203","-100"
"2016/02/26","2,431","206"
"2016/02/29","1,732","96"
"2016/03/02","3,778","633"
"2016/03/03","4,965","512"
"2016/03/04","1,620","404"
"2016/03/07","2,016","-642"
"2016/03/08","-957","-306"
"2016/03/09","-183","61"
"2016/03/10","6,510","-173"
"2016/03/11","1,477","-61"
"2016/03/14","829","43"
"2016/03/15","625","119"
"2016/03/16","984","259"
"2016/03/17","7,346","278"
"2016/03/18","2,774","865"
"2016/03/21","1,345","-122"
"2016/03/22","1,355","363"
"2016/03/23","118","-40"
"2016/03/24","480","-30"
"2016/03/25","-402","-9"
"2016/03/28","-112","-91"
"2016/03/29","1,485","1,165"
"2016/03/30","369","47"
"2016/03/31","-2,105","-214"
"2016/04/01","-2,111","663"
"2016/04/04","582","63"
"2016/04/05","-1,926","-306"
"2016/04/06","1,166","-227"
"2016/04/07","2,258","546"
"2016/04/08","1,654","138"
"2016/04/11","-167","-170"
"2016/04/12","1,130","320"
"2016/04/14","5,509","266"
"2016/04/15","979","372"
"2016/04/18","1,998","53"
"2016/04/19","290","374"
"2016/04/20","1,118","117"
"2016/04/21","1,609","139"
"2016/04/22","1,549","-109"
"2016/04/25","2,077","-75"
"2016/04/26","1,289","-517"
"2016/04/27","1,824","-48"
"2016/04/28","-2,025","-30"
"2016/04/29","638","-216"
"2016/05/02","-329","-530"
"2016/05/03","870","509"
"2016/05/04","1,723","-284"
"2016/05/09","-979","-559"
"2016/05/10","367","232"
"2016/05/11","699","161"
"2016/05/12","245","-98"
"2016/05/13","-1,428","-151"
"2016/05/16","170","-279"
"2016/05/17","-534","-267"
"2016/05/18","365","-391"
"2016/05/19","-213","-211"
"2016/05/20","-1,276","396"
"2016/05/23","42","-60"
"2016/05/24","-586","-352"
"2016/05/25","1,249","353"
"2016/05/26","68","-154"
"2016/05/27","1,494","20"
"2016/05/30","1,217","-64"
"2016/05/31","-1,312","944"
"2016/06/01","2,429","248"
"2016/06/02","3,868","-8"
"2016/06/03","-1,273","-197"
"2016/06/07","2,615","176"
"2016/06/08","3,095","28"
"2016/06/09","4,140","5"
"2016/06/10","-283","186"
"2016/06/13","-1,469","-483"
"2016/06/14","-1,053","-216"
"2016/06/15","-211","124"
"2016/06/16","423","-695"
"2016/06/17","-981","297"
"2016/06/20","207","547"
"2016/06/21","-1,100","-652"
"2016/06/22","300","61"
"2016/06/23","291","-533"
"2016/06/24","-1,498","867"
"2016/06/27","-2,372","1,126"
"2016/06/28","-3,680","-269"
"2016/06/29","583","-503"
"2016/06/30","4,034","-16"
"2016/07/01","2,525","354"
"2016/07/04","1,794","-397"
"2016/07/05","129","-68"
"2016/07/06","-4,300","-427"
"2016/07/07","1,695","635"
"2016/07/08","413","-552"
"2016/07/11","2,683","366"
"2016/07/12","1,929","-169"
"2016/07/13","5,810","383"
"2016/07/14","3,684","140"
"2016/07/15","4,909","-84"
"2016/07/18","2,317","46"
"2016/07/19","3,149","-231"
"2016/07/20","1,795","107"
"2016/07/21","440","927"
"2016/07/22","721","126"
"2016/07/25","1,934","74"
"2016/07/26","1,942","257"
"2016/07/27","2,438","-179"
"2016/07/28","1,965","529"
"2016/07/29","2,126","229"
"2016/08/01","3,078","-201"
"2016/08/02","516","3"
"2016/08/03","-866","113"
"2016/08/04","384","321"
"2016/08/05","2,503","-287"
"2016/08/08","810","105"
"2016/08/09","2,093","366"
"2016/08/10","3,084","954"
"2016/08/11","-177","-515"
"2016/08/12","605","123"
"2016/08/16","347","-550"
"2016/08/17","143","-24"
"2016/08/18","1,903","407"
"2016/08/19","2,205","182"
"2016/08/22","-119","-313"
"2016/08/23","459","134"
"2016/08/24","-415","59"
"2016/08/25","-3,188","-66"
"2016/08/26","-1,296","-83"
"2016/08/29","841","-51"
"2016/08/30","524","530"
"2016/08/31","215","-235"
"2016/09/01","-1,394","403"
"2016/09/02","2,179","119"
"2016/09/05","2,720","-286"
"2016/09/06","2,699","-193"
"2016/09/07","839","-228"
"2016/09/08","1,816","193"
"2016/09/09","-505","547"
"2016/09/12","-2,190","276"
"2016/09/13","2,474","696"
"2016/09/19","470","30"
"2016/09/20","984","11"
"2016/09/21","882","-60"
"2016/09/22","1,283","484"
"2016/09/23","-425","440"
"2016/09/26","-152","1,628"
"2016/09/27","255","-124"
"2016/09/28","-1,146","35"
"2016/09/29","1,832","328"
"2016/09/30","-1,579","-372"
"2016/10/04","1,814","803"
"2016/10/05","-22","-78"
"2016/10/06","916","260"
"2016/10/07","373","-234"
"2016/10/10","-393","145"
"2016/10/11","-3,359","-63"
"2016/10/12","-5,524","-36"
"2016/10/13","1,923","-573"
"2016/10/14","323","52"
"2016/10/17","2,912","-577"
"2016/10/18","1,899","-354"
"2016/10/19","2,299","-84"
"2016/10/20","1,093","-518"
"2016/10/21","459","-47"
"2016/10/24","970","-91"
"2016/10/25","-614","74"
"2016/10/26","-828","170"
"2016/10/27","289","601"
"2016/10/28","-334","-658"
"2016/10/31","101","114"
"2016/11/01","140","531"
"2016/11/02","-220","-329"
"2016/11/03","-2,057","512"
"2016/11/04","-1,916","-221"
"2016/11/07","-2,178","225"
"2016/11/08","-555","-651"
"2016/11/09","-2,139","49"
"2016/11/10","479","516"
"2016/11/11","-4,495","-292"
"2016/11/14","-3,345","-115"
"2016/11/15","-2,059","-424"
"2016/11/16","-80","551"
"2016/11/17","618","-190"
"2016/11/18","615","-671"
"2016/11/21","683","-117"
"2016/11/22","3,449","51"
"2016/11/23","1,647","-486"
"2016/11/24","-1,414","57"
"2016/11/25","199","441"
"2016/11/28","2,087","-576"
"2016/11/29","4,508","197"
"2016/11/30","2,740","-374"
"2016/12/01","309","-241"
"2016/12/02","-9","-203"
"2016/12/05","-45","-54"
"2016/12/06","1,175","332"
"2016/12/07","783","-86"
"2016/12/08","284","727"
"2016/12/09","571","269"
"2016/12/12","848","76"
"2016/12/13","1,120","378"
"2016/12/14","1,763","-189"
"2016/12/15","-33","464"
"2016/12/16","677","-239"
"2016/12/19","50","58"
"2016/12/20","606","-224"
"2016/12/21","782","513"
"2016/12/22","-500","-84"
"2016/12/23","-1,005","407"
"2016/12/26","-312","-161"
"2016/12/27","934","705"
"2016/12/28","1,268","708"
"2016/12/29","1,286","89"
"2016/12/30","",""
"2017/01/02","274","-340"
"2017/01/03","1,711","169"
"2017/01/04","2,142","409"
"2017/01/05","841","307"
"2017/01/06","1,713","-86"
"2017/01/09","2,544","-195"
"2017/01/10","996","-332"
"2017/01/11","4,855","-4"
"2017/01/12","314","-172"
"2017/01/13","-1,084","-193"
"2017/01/16","-2,394","-521"
"2017/01/17","-84","-216"
"2017/01/18","-193","223"
"2017/01/19","1,460","-175"
"2017/01/20","-465","-256"
"2017/01/23","1,167","-63"
"2017/01/24","-131","207"
"2017/01/25","2,091","-316"
"2017/01/26","3,649","501"
"2017/01/31","-3,025","-394"
"2017/02/01","-119","210"
"2017/02/02","705","-420"
"2017/02/03","-1,097","111"
"2017/02/06","29","214"
"2017/02/07","-1,600","-363"
"2017/02/08","-2,426","274"
"2017/02/09","545","354"
"2017/02/10","-1,053","-47"
"2017/02/13","58","496"
"2017/02/14","-1,276","-137"
"2017/02/15","-287","256"
"2017/02/16","1,656","-162"
"2017/02/17","2,903","81"
"2017/02/20","533","-12"
"2017/02/21","1,248","11"
"2017/02/22","4,529","278"
"2017/02/23","356","-217"
"2017/02/24","-49","219"
"2017/02/27","-2,257","190"
"2017/02/28","679","7"
"2017/03/02","6,820","34"
"2017/03/03","-319","114"
"2017/03/06","2,295","781"
"2017/03/07","926","-360"
"2017/03/08","1,542","82"
"2017/03/09","4,448","70"
"2017/03/10","1,601","176"
"2017/03/13","4,546","145"
"2017/03/14","4,057","-18"
"2017/03/15","1,289","-244"
"2017/03/16","2,798","674"
"2017/03/17","2,512","-12"
"2017/03/20","-848","-471"
"2017/03/21","3,627","61"
"2017/03/22","-962","-212"
"2017/03/23","526","-272"
"2017/03/24","-891","-14"
"2017/03/27","364","-462"
"2017/03/28","207","410"
"2017/03/29","-618","-106"
"2017/03/30","894","-51"
"2017/03/31","257","249"
"2017/04/03","-220","677"
"2017/04/04","-1,016","560"
"2017/04/05","-76","499"
"2017/04/06","-905","753"
"2017/04/07","-779","24"
"2017/04/10","-541","-507"
"2017/04/11","-1,266","266"
"2017/04/12","790","-319"
"2017/04/13","-11","-192"
"2017/04/14","-735","-105"
"2017/04/17","-1,117","975"
"2017/04/18","114","99"
"2017/04/19","2,251","117"
"2017/04/20","763","-57"
"2017/04/21","3,322","65"
"2017/04/24","3,381","-514"
"2017/04/25","6,516","597"
"2017/04/26","2,984","352"
"2017/04/27","133","-58"
"2017/04/28","-151","-32"
"2017/05/02","1,355","-16"
"2017/05/04","3,641","966"
"2017/05/08","5,440","706"
"2017/05/10","1,107","477"
"2017/05/11","1,046","683"
"2017/05/12","-3,066","-365"
"2017/05/15","-959","284"
"2017/05/16","2,341","-244"
"2017/05/17","67","575"
"2017/05/18","269","177"
"2017/05/19","411","594"
"2017/05/22","2,887","106"
"2017/05/23","-554","250"
"2017/05/24","773","307"
"2017/05/25","1,170","-247"
"2017/05/26","1,231","378"
"2017/05/29","222","-98"
"2017/05/30","-417","743"
"2017/05/31","-3,619","34"
"2017/06/01","-136","-9"
"2017/06/02","4,480","-345"
"2017/06/05","2,740","526"
"2017/06/07","1,146","485"
"2017/06/08","2,818","641"
"2017/06/09","1,547","19"
"2017/06/12","-1,462","-625"
"2017/06/13","-787","415"
"2017/06/14","222","334"
"2017/06/15","110","-116"
"2017/06/16","-1,633","326"
"2017/06/19","1,272","369"
"2017/06/20","4,872","-203"
"2017/06/21","-1,847","221"
"2017/06/22","1,827","-37"
"2017/06/23","1,666","394"
"2017/06/26","431","-91"
"2017/06/27","542","303"
"2017/06/28","-1,811","-558"
"2017/06/29","1,000","-32"
"2017/06/30","-410","-40"
"2017/07/03","1,054","-597"
"2017/07/04","-1,929","221"
"2017/07/05","-65","586"
"2017/07/06","2,173","96"
"2017/07/07","2,757","-5"
"2017/07/10","-571","-478"
"2017/07/11","1,007","-155"
"2017/07/12","3,816","36"
"2017/07/13","3,408","518"
"2017/07/14","2,003","248"
"2017/07/17","-388","473"
"2017/07/18","-2,161","387"
"2017/07/19","-1,003","649"
"2017/07/20","606","625"
"2017/07/21","2,901","-178"
"2017/07/24","-1,677","93"
"2017/07/25","-3,431","-501"
"2017/07/26","-3,517","189"
"2017/07/27","-2,082","92"
"2017/07/28","-5,600","-938"
"2017/07/31","-2,550","-44"
"2017/08/01","-352","-303"
"2017/08/02","1,364","208"
"2017/08/03","-4,025","-570"
"2017/08/04","-1,634","-330"
"2017/08/07","932","82"
"2017/08/08","918","-178"
"2017/08/09","-2,552","-503"
"2017/08/10","-2,246","235"
"2017/08/11","-5,872","-108"
"2017/08/14","-2,572","133"
"2017/08/16","-1,015","583"
"2017/08/17","1,730","513"
"2017/08/18","85","360"
"2017/08/21","-202","-435"
"2017/08/22","639","527"
"2017/08/23","1,079","146"
"2017/08/24","190","584"
"2017/08/25","-251","433"
"2017/08/28","-606","307"
"2017/08/29","-2,631","274"
"2017/08/30","-656","74"
"2017/08/31","-1,073","732"
"2017/09/01","763","276"
"2017/09/04","66","199"
"2017/09/05","-2,107","-503"
"2017/09/06","-3,264","207"
"2017/09/07","707","386"
"2017/09/08","150","-304"
"2017/09/11","-1,506","378"
"2017/09/12","-1,850","764"
"2017/09/13","-73","-23"
"2017/09/14","-227","612"
"2017/09/15","-845","386"
"2017/09/18","2,211","817"
"2017/09/19","-1,433","-200"
"2017/09/20","-1,881","411"
"2017/09/21","994","265"
"2017/09/22","283","65"
"2017/09/25","-333","227"
"2017/09/26","-3,771","417"
"2017/09/27","-2,810","309"
"2017/09/28","-1,290","-128"
"2017/09/29","318","444"
"2017/10/10","8,196","8"
"2017/10/11","7,020","908"
"2017/10/12","2,444","-320"
"2017/10/13","-349","205"
"2017/10/16","-290","268"
"2017/10/17","-541","1,830"
"2017/10/18","-293","661"
"2017/10/19","13","256"
"2017/10/20","2,014","-119"
"2017/10/23","3,151","-334"
"2017/10/24","-1,002","29"
"2017/10/25","1,129","-194"
"2017/10/26","-258","-688"
"2017/10/27","1,276","-132"
"2017/10/30","2,805","200"
"2017/10/31","4,444","-394"
"2017/11/01","3,047","-423"
"2017/11/02","-19","-130"
"2017/11/03","-1,477","-874"
"2017/11/06","1,443","-790"
"2017/11/07","2,442","-1,146"
"2017/11/08","528","25"
"2017/11/09","-671","-592"
"2017/11/10","-1,858","468"
"2017/11/13","-281","1,198"
"2017/11/14","-976","1,349"
"2017/11/15","-657","2,047"
"2017/11/16","2,867","2,144"
"2017/11/17","5,554","555"
"2017/11/20","2,140","896"
"2017/11/21","3,933","-188"
"2017/11/22","424","-197"
"2017/11/23","-763","636"
"2017/11/24","-1,100","-623"
"2017/11/27","-4,533","-99"
"2017/11/28","-1,611","-1,101"
"2017/11/29","-1,602","997"
"2017/11/30","-5,999","412"
"2017/12/01","-1,945","498"
"2017/12/04","1,505","-416"
"2017/12/05","331","-383"
"2017/12/06","-3,387","933"
"2017/12/07","-3,411","-258"
"2017/12/08","-1,019","-525"
"2017/12/11","-1,655","836"
"2017/12/12","-2,388","-1,449"
"2017/12/13","-2,049","907"
"2017/12/14","3,815","-432"
"2017/12/15","-2,022","564"
"2017/12/18","-1,650","520"
"2017/12/19","641","671"
"2017/12/20","-3,067","-707"
"2017/12/21","-3,281","289"
"2017/12/22","1,329","2,255"
"2017/12/26","246","563"
"2017/12/27","-1,156","959"
"2017/12/28","1,793","-368"
"2017/12/29","",""
"2018/01/02","2,657","878"
"2018/01/03","4,006","600"
"2018/01/04","3,396","-35"
"2018/01/05","2,466","1,855"
"2018/01/08","3,911","1,401"
"2018/01/09","436","386"
"2018/01/10","-2,804","92"
"2018/01/11","1,743","-3"
"2018/01/12","-1,179","215"
"2018/01/15","243","1,751"
"2018/01/16","2,798","447"
"2018/01/17","658","-1,202"
"2018/01/18","934","217"
"2018/01/19","-808","-1,355"
"2018/01/22","-1,766","-720"
"2018/01/23","2,163","1,018"
"2018/01/24","-143","-666"
"2018/01/25","3,772","-524"
"2018/01/26","1,832","41"
"2018/01/29","3,246","-866"
"2018/01/30","-1,175","-401"
"2018/01/31","-6,630","-1,782"
"2018/02/01","-2,718","-1,883"
"2018/02/02","-4,728","-2,865"
"2018/02/05","-4,555","-2,255"
"2018/02/06","-2,813","13"
"2018/02/07","-1,961","-1,871"
"2018/02/08","884","82"
"2018/02/09","-3,170","-2,287"
"2018/02/12","-802","-998"
"2018/02/13","3,315","-686"
"2018/02/14","1,068","631"
"2018/02/19","285","1,149"
"2018/02/20","290","-1,404"
"2018/02/21","-992","692"
"2018/02/22","-975","-839"
"2018/02/23","1,576","-443"
"2018/02/26","-1,813","327"
"2018/02/27","58","442"
"2018/02/28","1,439","-408"
"2018/03/02","-2,328","956"
"2018/03/05","-903","107"
"2018/03/06","135","1,463"
"2018/03/07","-2,574","-2,252"
"2018/03/08","-1,755","1,306"
"2018/03/09","1,960","779"
"2018/03/12","1,936","975"
"2018/03/13","5,923","6"
"2018/03/14","-1,273","-369"
"2018/03/15","-399","247"
"2018/03/16","1,665","1,096"
"2018/03/19","-845","-595"
"2018/03/20","-1,231","758"
"2018/03/21","-682","-533"
"2018/03/22","2,118","-84"
"2018/03/23","-1,332","-321"
"2018/03/26","-1,018","1,883"
"2018/03/27","94","-1,781"
"2018/03/28","-2,515","-815"
"2018/03/29","-2,700","-169"
"2018/03/30","-1,684","75"
"2018/04/02","-256","-385"
"2018/04/03","-1,049","824"
"2018/04/04","-1,970","-895"
"2018/04/05","1,453","-13"
"2018/04/06","-2,365","-242"
"2018/04/09","-551","18"
"2018/04/10","-1,184","-152"
"2018/04/11","4,645","502"
"2018/04/12","2,323","-411"
"2018/04/13","529","873"
"2018/04/16","-372","453"
"2018/04/17","-2,766","91"
"2018/04/18","3,510","-1,032"
"2018/04/19","1,816","403"
"2018/04/20","-4,911","74"
"2018/04/23","-2,933","-1,240"
"2018/04/24","-4,390","-626"
"2018/04/25","-7,657","-926"
"2018/04/26","1,722","-384"
"2018/04/27","1,599","202"
"2018/04/30","2,431","108"
"2018/05/02","-1,668","1,499"
"2018/05/03","-3,233","-422"
"2018/05/04","-226","-155"
"2018/05/08","-323","-227"
"2018/05/09","-2,285","863"
"2018/05/10","-401","-960"
"2018/05/11","1,996","-108"
"2018/05/14","-955","-477"
"2018/05/15","-2,402","-350"
"2018/05/16","111","-786"
"2018/05/17","-2,708","729"
"2018/05/18","-385","1,077"
"2018/05/21","-762","-494"
"2018/05/23","2,755","-325"
"2018/05/24","331","1,174"
"2018/05/25","3,340","861"
"2018/05/28","-1,611","994"
"2018/05/29","-2,284","-216"
"2018/05/30","-6,905","344"
"2018/05/31","9,500","2,324"
"2018/06/01","2,408","557"
"2018/06/04","161","-496"
"2018/06/05","-89","-5"
"2018/06/07","1,400","1,359"
"2018/06/08","1,294","-736"
"2018/06/11","-108","64"
"2018/06/12","-1,260","373"
"2018/06/14","-4,766","16"
"2018/06/15","-5,493","468"
"2018/06/18","-3,195","-233"
"2018/06/19","-2,154","444"
"2018/06/20","1,144","1,553"
"2018/06/21","-1,294","-945"
"2018/06/22","57","-152"
"2018/06/25","-1,112","160"
"2018/06/26","-3,228","-548"
"2018/06/27","1,580","326"
"2018/06/28","-2,881","166"
"2018/06/29","1,666","648"
"2018/07/02","1,155","-392"
"2018/07/03","2,013","1,617"
"2018/07/04","1","-174"
"2018/07/05","-953","338"
"2018/07/06","-3,811","-656"
"2018/07/09","-592","-492"
"2018/07/10","317","360"
"2018/07/11","2,016","-624"
"2018/07/12","-178","667"
"2018/07/13","2,248","148"
"2018/07/16","-457","-683"
"2018/07/17","-890","-555"
"2018/07/18","914","-145"
"2018/07/19","518","-718"
"2018/07/20","-1,213","-544"
"2018/07/23","-314","-624"
"2018/07/24","634","1,235"
"2018/07/25","-1,496","-529"
"2018/07/26","1,285","591"
"2018/07/27","1,632","-136"
"2018/07/30","1,614","-577"
"2018/07/31","-711","-600"
"2018/08/01","1,714","104"
"2018/08/02","-480","-1,047"
"2018/08/03","1,439","-95"
"2018/08/06","18","-250"
"2018/08/07","578","-130"
"2018/08/08","3,579","-109"
"2018/08/09","-2,239","63"
"2018/08/10","-1,122","-524"
"2018/08/13","-1,740","-580"
"2018/08/14","-88","886"
"2018/08/16","-2,423","382"
"2018/08/17","1,027","695"
"2018/08/20","-555","-527"
"2018/08/21","1,069","1,125"
"2018/08/22","2,082","-425"
"2018/08/23","1,736","411"
"2018/08/24","784","238"
"2018/08/27","2,384","390"
"2018/08/28","1,432","-48"
"2018/08/29","1,150","322"
"2018/08/30","2,215","-43"
"2018/08/31","3,966","1,074"
"2018/09/03","-2,160","-247"
"2018/09/04","220","893"
"2018/09/05","-980","256"
"2018/09/06","-2,924","-68"
"2018/09/07","-7,736","299"
"2018/09/10","1,240","14"
"2018/09/11","-1,889","338"
"2018/09/12","-4,154","690"
"2018/09/13","-2,684","-288"
"2018/09/14","2,048","1,288"
"2018/09/17","1,767","-295"
"2018/09/18","-830","75"
"2018/09/19","3,861","-1,480"
"2018/09/20","2,953","-257"
"2018/09/21","8,246","808"
"2018/09/27","2,294","206"
"2018/09/28","-2,246","-859"
"2018/10/01","-535","-156"
"2018/10/02","-2,421","-973"
"2018/10/04","-5,320","-13"
"2018/10/05","-3,318","-993"
"2018/10/08","-1,789","104"
"2018/10/10","-2,305","-592"
"2018/10/11","-4,867","798"
"2018/10/12","742","226"
"2018/10/15","210","-1,561"
"2018/10/16","-673","43"
"2018/10/17","62","-1,274"
"2018/10/18","-536","-961"
"2018/10/19","-1,727","-339"
"2018/10/22","-1,109","-416"
"2018/10/23","-5,654","-1,051"
"2018/10/24","-3,286","-521"
"2018/10/25","-3,615","1,086"
"2018/10/26","-1,761","-516"
"2018/10/29","-1,608","1,049"
"2018/10/30","-1,834","1,075"
"2018/10/31","1,353","-1,151"
"2018/11/01","2,928","294"
"2018/11/02","4,407","1,275"
"2018/11/05","-638","-811"
"2018/11/06","20","-803"
"2018/11/07","-654","-92"
"2018/11/08","4,916","240"
"2018/11/09","481","-908"
"2018/11/12","402","-485"
"2018/11/13","-3,036","-142"
"2018/11/14","-1,322","45"
"2018/11/15","-1,697","-136"
"2018/11/16","-209","647"
"2018/11/19","-924","471"
"2018/11/20","-2,529","-851"
"2018/11/21","-3,905","100"
"2018/11/22","-437","-359"
"2018/11/23","368","-98"
"2018/11/26","-358","1,263"
"2018/11/27","1,951","291"
"2018/11/28","942","-567"
"2018/11/29","3,260","-109"
"2018/11/30","-366","846"
"2018/12/03","3,250","281"
"2018/12/04","1,230","600"
"2018/12/05","-1,973","-440"
"2018/12/06","-3,841","-860"
"2018/12/07","284","706"
"2018/12/10","-2,720","-270"
"2018/12/11","-1,750","-91"
"2018/12/12","-413","897"
"2018/12/13","4,831","723"
"2018/12/14","-922","-1,278"
"2018/12/17","660","78"
"2018/12/18","-1,705","856"
"2018/12/19","108","887"
"2018/12/20","-415","-161"
"2018/12/21","-2,225","644"
"2018/12/24","64","-166"
"2018/12/26","610","171"
"2018/12/27","2,394","-1,187"
"2018/12/28","2,026","696"
"2018/12/31","",""
"2019/01/02","-276","-449"
"2019/01/03","1,016","-866"
"2019/01/04","-1,261","176"
"2019/01/07","560","-53"
"2019/01/08","-255","-500"
"2019/01/09","3,849","258"
"2019/01/10","2,729","-32"
"2019/01/11","1,776","-36"
"2019/01/14","948","-452"
"2019/01/15","1,230","314"
"2019/01/16","1,009","-460"
"2019/01/17","2,353","-721"
"2019/01/18","1,141","637"
"2019/01/21","661","-87"
"2019/01/22","1,349","-223"
"2019/01/23","-977","367"
"2019/01/24","4,954","516"
"2019/01/25","8,214","708"
"2019/01/28","3,577","331"
"2019/01/29","1,940","-267"
"2019/01/30","3,138","816"
"2019/01/31","2,824","684"
"2019/02/01","2,657","597"
"2019/02/07","1,614","1,649"
"2019/02/08","-2,769","115"
"2019/02/11","-582","36"
"2019/02/12","-379","-421"
"2019/02/13","-288","1,539"
"2019/02/14","-475","133"
"2019/02/15","-1,792","-29"
"2019/02/18","457","333"
"2019/02/19","-67","588"
"2019/02/20","4,363","31"
"2019/02/21","2,079","171"
"2019/02/22","-43","-206"
"2019/02/25","-796","767"
"2019/02/26","536","-526"
"2019/02/27","-573","502"
"2019/02/28","-2,533","303"
"2019/03/04","-1,321","1,655"
"2019/03/05","-1,578","-385"
"2019/03/06","56","-768"
"2019/03/07","-6","-606"
"2019/03/08","-1,745","-17"
"2019/03/11","-1,792","-43"
"2019/03/12","-23","1,273"
"2019/03/13","1,000","-371"
"2019/03/14","2,858","514"
"2019/03/15","-1,337","-612"
"2019/03/18","-491","560"
"2019/03/19","-124","-485"
"2019/03/20","-1,218","26"
"2019/03/21","4,864","-667"
"2019/03/22","5,031","-438"
"2019/03/25","-721","-378"
"2019/03/26","365","865"
"2019/03/27","-1,558","-472"
"2019/03/28","-141","52"
"2019/03/29","892","276"
"2019/04/01","2,488","-52"
"2019/04/02","2,743","-67"
"2019/04/03","1,447","422"
"2019/04/04","2,462","208"
"2019/04/05","1,003","-33"
"2019/04/08","2,735","110"
"2019/04/09","2,099","-48"
"2019/04/10","-35","254"
"2019/04/11","3,245","521"
"2019/04/12","2,447","223"
"2019/04/15","1,780","-129"
"2019/04/16","1,539","-286"
"2019/04/17","760","349"
"2019/04/18","-1,338","-735"
"2019/04/19","-576","1,308"
"2019/04/22","-136","-152"
"2019/04/23","399","43"
"2019/04/24","235","-87"
"2019/04/25","-178","-317"
"2019/04/26","347","-95"
"2019/04/29","36","540"
"2019/04/30","418","-73"
"2019/05/02","676","673"
"2019/05/03","1,509","101"
"2019/05/07","2,018","-63"
"2019/05/08","91","-729"
"2019/05/09","-2,037","-431"
"2019/05/10","-3,233","419"
"2019/05/13","-1,392","-432"
"2019/05/14","-2,851","1,078"
"2019/05/15","-792","90"
"2019/05/16","-4,687","-1,616"
"2019/05/17","-1,993","-352"
"2019/05/20","-197","-536"
"2019/05/21","746","-657"
"2019/05/22","41","-562"
"2019/05/23","820","-812"
"2019/05/24","-3,098","-439"
"2019/05/27","-1,947","-495"
"2019/05/28","-7,189","384"
"2019/05/29","-3,830","-1,066"
"2019/05/30","480","-624"
"2019/05/31","2,058","370"
"2019/06/03","2,939","-257"
"2019/06/04","-2,015","-303"
"2019/06/05","-1,544","149"
"2019/06/07","-344","586"
"2019/06/10","1,831","-558"
"2019/06/11","1,108","119"
"2019/06/12","-23","-621"
"2019/06/13","-1,670","1,721"
"2019/06/14","-688","-1,217"
"2019/06/17","-1,511","-307"
"2019/06/18","2,610","-461"
"2019/06/19","3,050","-253"
"2019/06/20","-169","523"
"2019/06/21","135","-673"
"2019/06/24","-990","-690"
"2019/06/25","-17","-659"
"2019/06/26","176","87"
"2019/06/27","1,572","-856"
"2019/06/28","3,133","-105"
"2019/07/01","1,552","739"
"2019/07/02","337","-177"
"2019/07/03","-860","-566"
"2019/07/04","398","-376"
"2019/07/05","-242","-258"
"2019/07/08","5","-979"
"2019/07/09","230","406"
"2019/07/10","2,028","690"
"2019/07/11","3,657","-196"
"2019/07/12","-58","317"
"2019/07/15","141","-1,196"
"2019/07/16","2,515","70"
"2019/07/17","228","-421"
"2019/07/18","691","93"
"2019/07/19","1,329","-214"
"2019/07/22","2,336","-232"
"2019/07/23","2,858","-1,038"
"2019/07/24","585","2"
"2019/07/25","1,130","338"
"2019/07/26","1,176","64"
"2019/07/29","-639","3"
"2019/07/30","1,413","1,500"
"2019/07/31","-493","273"
"2019/08/01","-45","-1,075"
"2019/08/02","-3,986","697"
"2019/08/05","-3,142","-373"
"2019/08/06","-6,051","2,867"
"2019/08/07","-991","733"
"2019/08/08","-1,018","-473"
"2019/08/09","-48","-998"
"2019/08/12","-34","-482"
"2019/08/13","-1,745","-715"
"2019/08/14","-503","-655"
"2019/08/16","-936","-121"
"2019/08/19","-1,390","-172"
"2019/08/20","1,136","4"
"2019/08/21","-1,281","-260"
"2019/08/22","-1,236","-1,167"
"2019/08/23","77","350"
"2019/08/26","-1,188","-1,136"
"2019/08/27","-1,186","60"
"2019/08/28","-511","617"
"2019/08/29","-1,126","-1,147"
"2019/08/30","2,271","446"
"2019/09/02","-1,245","420"
"2019/09/03","-3,048","-470"
"2019/09/04","-3,503","609"
"2019/09/05","1,891","-45"
"2019/09/06","484","-381"
"2019/09/09","2,355","-528"
"2019/09/10","153","-217"
"2019/09/11","-2,828","302"
"2019/09/16","-1,592","233"
"2019/09/17","-798","-334"
"2019/09/18","591","-552"
"2019/09/19","2,199","329"
"2019/09/20","447","330"
"2019/09/23","-697","-550"
"2019/09/24","-2,156","203"
"2019/09/25","-3,670","-513"
"2019/09/26","3,160","125"
"2019/09/27","-249","-237"
"2019/09/30","-9","-536"
"2019/10/01","-1,434","154"
"2019/10/02","-1,149","-178"
"2019/10/04","-1,490","-231"
"2019/10/07","-220","708"
"2019/10/08","-456","2,376"
"2019/10/10","-1,388","-891"
"2019/10/11","1,115","-466"
"2019/10/14","231","344"
"2019/10/15","-567","594"
"2019/10/16","47","665"
"2019/10/17","-945","-838"
"2019/10/18","-1,300","26"
"2019/10/21","-1,229","-179"
"2019/10/22","914","1,495"
"2019/10/23","1,180","1,335"
"2019/10/24","1,747","-1,386"
"2019/10/25","586","-599"
"2019/10/28","-552","224"
"2019/10/29","-993","375"
"2019/10/30","82","-579"
"2019/10/31","367","298"
"2019/11/01","1,387","-119"
"2019/11/04","702","-424"
"2019/11/05","3,254","287"
"2019/11/06","2,375","-401"
"2019/11/07","-1,549","-664"
"2019/11/08","-1,044","-692"
"2019/11/11","-1,734","-371"
"2019/11/12","-404","71"
"2019/11/13","-272","-497"
"2019/11/14","-2,073","-176"
"2019/11/15","-1,373","981"
"2019/11/18","-1,630","207"
"2019/11/19","-130","-1,081"
"2019/11/20","-3,343","-182"
"2019/11/21","-5,730","42"
"2019/11/22","-1,864","140"
"2019/11/25","-2,586","449"
"2019/11/26","-8,576","10"
"2019/11/27","-1,437","-918"
"2019/11/28","-1,166","-334"
"2019/11/29","-4,517","-68"
"2019/12/02","-3,937","755"
"2019/12/03","-2,690","-525"
"2019/12/04","-3,965","826"
"2019/12/05","-688","-361"
"2019/12/06","427","2,001"
"2019/12/09","652","-649"
"2019/12/10","-199","-251"
"2019/12/11","-57","248"
"2019/12/12","5,554","218"
"2019/12/13","5,170","109"
"2019/12/16","-1,899","77"
"2019/12/17","5,159","259"
"2019/12/18","3,839","-229"
"2019/12/19","2,491","-216"
"2019/12/20","1,588","1,011"
"2019/12/23","-472","-626"
"2019/12/24","-1,683","-10"
"2019/12/26","-363","2,328"
"2019/12/27","661","437"
"2019/12/30","-3,404","481"
"2019/12/31","",""
"2020/01/02","-64","-648"
"2020/01/03","2,618","-1,336"
"2020/01/06","994","-750"
"2020/01/07","1,960","-314"
"2020/01/08","2,709","-414"
"2020/01/09","926","1,614"
"2020/01/10","3,792","-556"
"2020/01/13","2,580","-264"
"2020/01/14","2,629","-323"
"2020/01/15","-863","-98"
"2020/01/16","-270","13"
"2020/01/17","934","133"
"2020/01/20","627","-713"
"2020/01/21","-2,054","-527"
"2020/01/22","-749","675"
"2020/01/23","-1,379","-554"
"2020/01/28","-5,262","-46"
"2020/01/29","1,000","-378"
"2020/01/30","-2,802","-847"
"2020/01/31","-4,277","-152"
"2020/02/03","-3,071","1,539"
"2020/02/04","4,876","-325"
"2020/02/05","4,578","-417"
"2020/02/06","1,586","645"
"2020/02/07","223","-613"
"2020/02/10","-3,039","-549"
"2020/02/11","-934","187"
"2020/02/12","-2,163","-82"
"2020/02/13","2,795","-628"
"2020/02/14","945","321"
"2020/02/17","-2,287","-338"
"2020/02/18","-3,069","-1,246"
"2020/02/19","-2,212","493"
"2020/02/20","1,107","-188"
"2020/02/21","2,150","-204"
"2020/02/24","-7,860","419"
"2020/02/25","-7,696","1,206"
"2020/02/26","-8,762","-1,826"
"2020/02/27","-3,985","-2,351"
"2020/02/28","-6,312","689"
"2020/03/02","-7,832","1,202"
"2020/03/03","-3,123","-2,209"
"2020/03/04","1,534","1,000"
"2020/03/05","-1,473","-803"
"2020/03/06","-5,641","-1,482"
"2020/03/09","-13,125","-1,385"
"2020/03/10","-9,876","375"
"2020/03/11","-6,879","-2,615"
"2020/03/12","-8,910","1,469"
"2020/03/13","-11,650","1,752"
"2020/03/16","-6,814","149"
"2020/03/17","-10,030","2,491"
"2020/03/18","-5,106","-1,229"
"2020/03/19","-6,179","1,646"
"2020/03/20","-5,844","597"
"2020/03/23","-6,428","-1,302"
"2020/03/24","-818","826"
"2020/03/25","-3,262","-858"
"2020/03/26","-5,350","-897"
"2020/03/27","-3,751","-1,093"
"2020/03/30","-4,272","390"
"2020/03/31","-721","-997"
"2020/04/01","-5,782","-907"
"2020/04/02","-6,234","-962"
"2020/04/03","-2,901","-314"
"2020/04/06","-1,973","1,090"
"2020/04/07","-1,969","-1,397"
"2020/04/08","-1,360","-1,016"
"2020/04/09","-1,806","-776"
"2020/04/10","-562","-1,372"
"2020/04/13","-2,954","-938"
"2020/04/14","-300","1,769"
"2020/04/16","-5,677","729"
"2020/04/17","3,229","-371"
"2020/04/20","-4,935","-260"
"2020/04/21","-5,296","-617"
"2020/04/22","-367","-249"
"2020/04/23","-1,063","-331"
"2020/04/24","-2,322","-1,039"
"2020/04/27","192","741"
"2020/04/28","-1,268","-1,175"
"2020/04/29","2,349","-223"
"2020/05/04","-9,463","78"
"2020/05/06","-3,191","773"
"2020/05/07","-3,126","191"
"2020/05/08","468","776"
"2020/05/11","-1,746","-1,080"
"2020/05/12","-3,111","-496"
"2020/05/13","-3,207","8"
"2020/05/14","-5,541","-210"
"2020/05/15","-4,722","-519"
"2020/05/18","-864","-112"
"2020/05/19","3,707","193"
"2020/05/20","808","649"
"2020/05/21","736","286"
"2020/05/22","-4,768","-1,320"
"2020/05/25","-1,407","1,000"
"2020/05/26","144","-318"
"2020/05/27","-2,176","-3,021"
"2020/05/28","609","-370"
"2020/05/29","-1,990","1,729"
"2020/06/01","1,089","563"
"2020/06/02","-502","-92"
"2020/06/03","2,102","-912"
"2020/06/04","465","1,349"
"2020/06/05","-720","1,003"
"2020/06/08","114","140"
"2020/06/09","-231","936"
"2020/06/10","-477","622"
"2020/06/11","-1,206","-502"
"2020/06/12","-2,623","1,292"
"2020/06/15","-4,786","-1,346"
"2020/06/16","1,081","4,306"
"2020/06/17","-531","-1,149"
"2020/06/18","-1,622","-961"
"2020/06/19","468","-673"
"2020/06/22","-2,520","-215"
"2020/06/23","-547","-794"
"2020/06/24","3,516","676"
"2020/06/25","-2,802","-692"
"2020/06/26","602","194"
"2020/06/29","-2,328","-949"
"2020/06/30","-733","1,395"
"2020/07/01","-1,637","-220"
"2020/07/02","-171","1,479"
"2020/07/03","148","423"
"2020/07/06","-2,617","-609"
"2020/07/07","-3,859","-2,390"
"2020/07/08","-3,399","240"
"2020/07/09","65","-77"
"2020/07/10","-3,476","-467"
"2020/07/13","1,053","-456"
"2020/07/14","71","-118"
"2020/07/15","2,743","416"
"2020/07/16","-1,322","-1,442"
"2020/07/17","1,167","1,162"
"2020/07/20","-739","-957"
"2020/07/21","4,483","1,035"
"2020/07/22","-3","497"
"2020/07/23","-2,008","503"
"2020/07/24","841","-1,253"
"2020/07/27","1,677","855"
"2020/07/28","13,113","-95"
"2020/07/29","2,980","741"
"2020/07/30","2,228","-112"
"2020/07/31","-548","-862"
"2020/08/03","-2,719","467"
"2020/08/04","-615","-709"
"2020/08/05","-456","1,348"
"2020/08/06","1,685","-535"
"2020/08/07","-730","291"
"2020/08/10","-1,330","-915"
"2020/08/11","1,512","-376"
"2020/08/12","-1,550","-1,160"
"2020/08/13","-3,476","1,887"
"2020/08/14","-4,641","-781"
"2020/08/18","745","-890"
"2020/08/19","-2,662","1,252"
"2020/08/20","-2,805","-1,888"
"2020/08/21","1,982","182"
"2020/08/24","1,992","1,647"
"2020/08/25","1,572","345"
"2020/08/26","1,896","-782"
"2020/08/27","-257","-1,263"
"2020/08/28","-2,250","634"
"2020/08/31","-16,362","2,499"
"2020/09/01","-2,084","-1,041"
"2020/09/02","-2,541","1,502"
"2020/09/03","1,921","-51"
"2020/09/04","-4,715","-320"
"2020/09/07","-2,513","-259"
"2020/09/08","-337","-696"
"2020/09/09","-1,136","-353"
"2020/09/10","3,821","154"
"2020/09/11","-1,513","-1,893"
"2020/09/14","1,439","-107"
"2020/09/15","2,504","-297"
"2020/09/16","1,751","-70"
"2020/09/17","-1,256","-314"
"2020/09/18","1,453","1,367"
"2020/09/21","-737","-1,521"
"2020/09/22","-171","306"
"2020/09/23","-559","114"
"2020/09/24","-1,915","-393"
"2020/09/25","-899","641"
"2020/09/28","-580","818"
"2020/09/29","-712","-595"
"2020/10/05","1,743","-28"
"2020/10/06","1,701","-573"
"2020/10/07","-975","423"
"2020/10/08","7,610","28"
"2020/10/12","1,396","-195"
"2020/10/13","2,127","-599"
"2020/10/14","-367","-293"
"2020/10/15","-162","-101"
"2020/10/16","-1,713","-92"
"2020/10/19","377","266"
"2020/10/20","431","947"
"2020/10/21","-239","-721"
"2020/10/22","-738","-388"
"2020/10/23","386","591"
"2020/10/26","-1,454","321"
"2020/10/27","1,059","2,373"
"2020/10/28","93","790"
"2020/10/29","-5,386","-817"
"2020/10/30","-9,825","-2,895"
"2020/11/02","492","1,237"
"2020/11/03","2,177","708"
"2020/11/04","-2,174","100"
"2020/11/05","11,411","2,700"
"2020/11/06","7,950","-3,351"
"2020/11/09","3,337","1,460"
"2020/11/10","1,602","-1,865"
"2020/11/11","8,377","-131"
"2020/11/12","4,898","63"
"2020/11/13","5,263","-393"
"2020/11/16","4,655","1,144"
"2020/11/17","3,515","-1,301"
"2020/11/18","667","2,751"
"2020/11/19","1,056","128"
"2020/11/20","1,038","1,399"
"2020/11/23","9,888","-431"
"2020/11/24","7,269","1,806"
"2020/11/25","-419","-865"
"2020/11/26","2,517","1,230"
"2020/11/27","797","2,658"
"2020/11/30","-24,378","-576"
"2020/12/01","748","200"
"2020/12/02","5,181","285"
"2020/12/03","2,103","-279"
"2020/12/04","7,622","446"
"2020/12/07","-652","1,002"
"2020/12/08","-8,521","-916"
"2020/12/09","1,633","713"
"2020/12/10","-13,663","103"
"2020/12/11","-1,540","-90"
"2020/12/14","-3,670","778"
"2020/12/15","-3,724","-514"
"2020/12/16","932","995"
"2020/12/17","-2,587","649"
"2020/12/18","-1,939","643"
"2020/12/21","-99","805"
"2020/12/22","-1,471","-1,757"
"2020/12/23","833","1,811"
"2020/12/24","1,244","3,179"
"2020/12/28","710","2,821"
"2020/12/29","-3,172","1,147"
"2020/12/30","2,494","-629"
"2020/12/31","",""
"2021/01/04","843","-794"
"2021/01/05","-2,089","-1,332"
"2021/01/06","-4,022","-1,020"
"2021/01/07","1,113","140"
"2021/01/08","16,479","-135"
"2021/01/11","-7,259","337"
"2021/01/12","-6,284","-879"
"2021/01/13","1,886","246"
"2021/01/14","6,719","507"
"2021/01/15","-7,553","-1,431"
"2021/01/18","-2,113","263"
"2021/01/19","4,098","2,578"
"2021/01/20","-2,386","2,682"
"2021/01/21","3,664","-1,164"
"2021/01/22","-2,728","-786"
"2021/01/25","2,862","904"
"2021/01/26","-19,848","-2,092"
"2021/01/27","-6,290","-1,514"
"2021/01/28","-15,775","-1,946"
"2021/01/29","-14,312","-773"
"2021/02/01","1,328","3,691"
"2021/02/02","1,946","-362"
"2021/02/03","4,283","70"
"2021/02/04","-6,487","-1,199"
"2021/02/05","1,911","-375"
"2021/02/08","-3,558","211"
"2021/02/09","-2,275","93"
"2021/02/10","7,513","34"
"2021/02/15","7,296","1,097"
"2021/02/16","2,371","-922"
"2021/02/17","-4,866","688"
"2021/02/18","-8,607","-1,049"
"2021/02/19","-2,982","-193"
"2021/02/22","-3,207","-894"
"2021/02/23","-2,993","-448"
"2021/02/24","6,314","301"
"2021/02/25","9,749","1,293"
"2021/02/26","-28,300","-2,172"
"2021/03/02","2,104","568"
"2021/03/03","-114","-141"
"2021/03/04","-9,320","-1,075"
"2021/03/05","-3,750","-947"
"2021/03/08","-1,296","-1,778"
"2021/03/09","-5,292","903"
"2021/03/10","4,799","-1,083"
"2021/03/11","17,080","2,117"
"2021/03/12","4,068","1,683"
"2021/03/15","-2,183","-737"
"2021/03/16","-271","482"
"2021/03/17","-5,289","-523"
"2021/03/18","4,863","-15"
"2021/03/19","-5,860","885"
"2021/03/22","-5,483","-986"
"2021/03/23","-4,762","-470"
"2021/03/24","-4,871","864"
"2021/03/25","-794","-872"
"2021/03/26","2,955","-910"
"2021/03/29","490","-377"
"2021/03/30","3,435","511"
"2021/03/31","-2,916","-731"
"2021/04/01","5,723","1,345"
"2021/04/02","5,667","-109"
"2021/04/05","1,679","49"
"2021/04/06","5,812","-1,577"
"2021/04/07","3,268","559"
"2021/04/08","1,102","-47"
"2021/04/09","-1,551","549"
"2021/04/12","-3,281","364"
"2021/04/13","4,441","-265"
"2021/04/14","1,063","236"
"2021/04/15","2,628","-556"
"2021/04/16","2,749","165"
"2021/04/19","-3,224","907"
"2021/04/20","3,259","-629"
"2021/04/21","-14,325","-1,039"
"2021/04/22","-1,551","216"
"2021/04/23","-246","384"
"2021/04/26","3,907","-455"
"2021/04/27","-1,628","-1,467"
"2021/04/28","-5,943","-1,482"
"2021/04/29","-182","133"
"2021/04/30","-5,652","-168"
"2021/05/03","-4,472","-1,815"
"2021/05/04","-747","337"
"2021/05/06","-1,009","-1,927"
"2021/05/07","-1,907","-447"
"2021/05/10","2,352","-195"
"2021/05/11","-20,349","-2,184"
"2021/05/12","-27,046","-1,689"
"2021/05/13","-14,343","-299"
"2021/05/14","-4,198","822"
"2021/05/17","-6,022","-1,597"
"2021/05/18","-3,500","989"
"2021/05/20","-5,158","1,014"
"2021/05/21","-1,304","-712"
"2021/05/24","-2,207","117"
"2021/05/25","714","2,162"
"2021/05/26","-175","-15"
"2021/05/27","-2,429","1,070"
"2021/05/28","1,429","-858"
"2021/05/31","5,204","179"
"2021/06/01","-531","-169"
"2021/06/02","336","-956"
"2021/06/03","2,420","1,463"
"2021/06/04","1,754","-770"
"2021/06/07","-1,873","-992"
"2021/06/08","-2,037","-195"
"2021/06/09","-3,248","-1,040"
"2021/06/10","7,172","420"
"2021/06/11","1,765","-1,087"
"2021/06/14","-101","-320"
"2021/06/15","-1,211","-1,368"
"2021/06/16","2,875","-339"
"2021/06/17","-3,217","1,241"
"2021/06/18","-7,111","2,698"
"2021/06/21","-9,019","-772"
"2021/06/22","3,629","-1,767"
"2021/06/23","-96","949"
"2021/06/24","-1,016","-1,489"
"2021/06/25","2,485","377"
"2021/06/28","-868","872"
"2021/06/29","679","370"
"2021/06/30","70","865"
"2021/07/01","-4,088","56"
"2021/07/02","-1,216","-910"
"2021/07/05","15","1,837"
"2021/07/06","2,238","-484"
"2021/07/07","-3,405","1,717"
"2021/07/08","-4,983","-2,087"
"2021/07/09","-13,421","693"
"2021/07/12","372","-852"
"2021/07/13","2,652","1,657"
"2021/07/14","-2,740","226"
"2021/07/15","1,006","1,187"
"2021/07/16","-925","-117"
"2021/07/19","-4,582","-350"
"2021/07/20","-1,730","900"
"2021/07/21","-4,985","-1,091"
"2021/07/22","599","2,564"
"2021/07/23","1,117","700"
"2021/07/26","-3,780","-1,820"
"2021/07/27","461","-597"
"2021/07/28","-4,222","-712"
"2021/07/29","-2,292","936"
"2021/07/30","-7,184","-1,242"
"2021/08/02","-1,456","836"
"2021/08/03","6,667","-385"
"2021/08/04","9,122","762"
"2021/08/05","681","2,391"
"2021/08/06","524","28"
"2021/08/09","-2,032","-744"
"2021/08/10","-6,376","-969"
"2021/08/11","-16,215","533"
"2021/08/12","-18,842","-321"
"2021/08/13","-26,990","984"
"2021/08/17","-4,165","-683"
"2021/08/18","-2,623","1,809"
"2021/08/19","-2,710","-1,491"
"2021/08/20","-2,570","-667"
"2021/08/23","-279","3,278"
"2021/08/24","1,546","885"
"2021/08/25","1,619","-1,124"
"2021/08/26","-3,642","-1,108"
"2021/08/27","-3,718","-815"
"2021/08/30","-2,339","208"
"2021/08/31","11,230","-465"
"2021/09/01","775","569"
"2021/09/02","5,482","-830"
"2021/09/03","5,882","1,122"
"2021/09/06","620","-1,145"
"2021/09/07","-3,111","373"
"2021/09/08","-2,232","-1,795"
"2021/09/09","-3,196","-470"
"2021/09/10","-5,178","1,178"
"2021/09/13","1,424","-961"
"2021/09/14","2,984","2,160"
"2021/09/15","2,981","951"
"2021/09/16","207","-1,203"
"2021/09/17","539","873"
"2021/09/23","5,769","553"
"2021/09/24","826","-787"
"2021/09/27","3,427","424"
"2021/09/28","40","-2,073"
"2021/09/29","-6,625","808"
"2021/09/30","372","-632"
"2021/10/01","-3,035","-965"
"2021/10/05","-6,206","1,162"
"2021/10/06","-2,769","-538"
"2021/10/07","-1,050","3,368"
"2021/10/08","-485","-2,217"
"2021/10/12","-8,242","-1,650"
"2021/10/13","-2,711","2,308"
"2021/10/14","-3,845","1,869"
"2021/10/15","869","-1,113"
"2021/10/18","359","-671"
"2021/10/19","1,487","-99"
"2021/10/20","-695","-952"
"2021/10/21","538","-1,545"
"2021/10/22","-1,088","1,519"
"2021/10/25","384","-406"
"2021/10/26","1,073","1,399"
"2021/10/27","-2,885","-778"
"2021/10/28","-2,481","-697"
"2021/10/29","-8,058","361"
"2021/11/01","-3,562","664"
"2021/11/02","3,224","1,561"
"2021/11/03","-4,470","557"
"2021/11/04","3,542","136"
"2021/11/05","1,165","1,019"
"2021/11/08","-1,168","144"
"2021/11/09","-1,355","1,288"
"2021/11/10","-208","-2,199"
"2021/11/11","863","1,661"
"2021/11/12","4,324","2,227"
"2021/11/15","3,997","722"
"2021/11/16","6,478","1,295"
"2021/11/17","1,032","-668"
"2021/11/18","-472","-1,204"
"2021/11/19","2,323","778"
"2021/11/22","7,970","-1,345"
"2021/11/23","2,824","549"
"2021/11/24","3,186","825"
"2021/11/25","-925","-817"
"2021/11/26","-1,808","1,946"
"2021/11/29","455","2,393"
"2021/11/30","-1,340","-829"
"2021/12/01","9,439","418"
"2021/12/02","8,888","578"
"2021/12/03","1,547","1,611"
"2021/12/06","47","-2,588"
"2021/12/07","2,121","-869"
"2021/12/08","-798","1,550"
"2021/12/09","3,260","390"
"2021/12/10","-2,807","-2,579"
"2021/12/13","-1,339","-623"
"2021/12/14","1,815","455"
"2021/12/15","-223","101"
"2021/12/16","1,872","102"
"2021/12/17","5,318","-309"
"2021/12/20","-5,596","-1,109"
"2021/12/21","329","974"
"2021/12/22","4,233","261"
"2021/12/23","2,351","859"
"2021/12/24","1,950","1,797"
"2021/12/27","516","599"
"2021/12/28","4,528","3,437"
"2021/12/29","-1,278","-4,690"
"2021/12/30","-2,184","-272"
"2021/12/31","",""
"2022/01/03","2,615","-2,143"
"2022/01/04","883","-2,319"
"2022/01/05","6,203","-2,343"
"2022/01/06","1,794","-1,262"
"2022/01/07","6,548","573"
"2022/01/10","-879","-1,194"
"2022/01/11","4,820","-1,390"
"2022/01/12","4,579","358"
"2022/01/13","3,735","-2,547"
"2022/01/14","-2,457","-1,106"
"2022/01/17","-2,527","-1,150"
"2022/01/18","134","-503"
"2022/01/19","344","-115"
"2022/01/20","-2,784","1,555"
"2022/01/21","-2,225","-3,238"
"2022/01/24","-4,357","-1,400"
"2022/01/25","-4,411","-425"
"2022/01/26","-2,425","554"
"2022/01/27","-17,142","-3,646"
"2022/01/28","-7,067","760"
"2022/02/03","839","295"
"2022/02/04","1,945","-430"
"2022/02/07","-69","-2,770"
"2022/02/08","-939","-1,278"
"2022/02/09","2,355","127"
"2022/02/10","8,365","-2,732"
"2022/02/11","6,081","-1,205"
"2022/02/14","684","950"
"2022/02/15","-2,209","-113"
"2022/02/16","-437","2,803"
"2022/02/17","6,515","-214"
"2022/02/18","-1,507","449"
"2022/02/21","-649","-393"
"2022/02/22","-3,304","-481"
"2022/02/23","-2,668","-206"
"2022/02/24","-6,742","-1,530"
"2022/02/25","-1,242","3,432"
"2022/02/28","965","146"
"2022/03/02","-3,074","375"
"2022/03/03","1,327","-531"
"2022/03/04","-5,890","-2,206"
"2022/03/07","-11,907","-1,086"
"2022/03/08","-4,774","-746"
"2022/03/10","-4,278","-56"
"2022/03/11","-6,894","-395"
"2022/03/14","-6,391","-3,299"
"2022/03/15","-6,790","-374"
"2022/03/16","-1,319","1,491"
"2022/03/17","4,635","3,284"
"2022/03/18","-1,031","631"
"2022/03/21","-4,915","-663"
"2022/03/22","2,195","49"
"2022/03/23","571","823"
"2022/03/24","10,219","-800"
"2022/03/25","-5,549","241"
"2022/03/28","-2,643","-665"
"2022/03/29","-2,832","1,615"
"2022/03/30","-93","255"
"2022/03/31","-1,739","8,035"
"2022/04/01","-726","-427"
"2022/04/04","232","-577"
"2022/04/05","119","527"
"2022/04/06","-5,894","-1,020"
"2022/04/07","-7,696","-2,576"
"2022/04/08","-4,588","-246"
"2022/04/11","-1,357","-1,006"
"2022/04/12","-4,683","-144"
"2022/04/13","-633","341"
"2022/04/14","-2,549","-322"
"2022/04/15","-3,210","-937"
"2022/04/18","-962","-1,007"
"2022/04/19","316","1,809"
"2022/04/20","943","-1,023"
"2022/04/21","-577","-215"
"2022/04/22","-1,565","-882"
"2022/04/25","-7,099","-1,457"
"2022/04/26","-2,453","-324"
"2022/04/27","-6,811","-124"
"2022/04/28","-378","-2,518"
"2022/04/29","143","-103"
"2022/05/02","-681","31"
"2022/05/03","1,150","-13"
"2022/05/04","306","-1,246"
"2022/05/06","-4,863","-587"
"2022/05/09","-1,977","-92"
"2022/05/10","-3,177","522"
"2022/05/11","-2,900","-114"
"2022/05/12","-2,821","-682"
"2022/05/13","684","1,743"
"2022/05/16","18","-210"
"2022/05/17","-524","-7"
"2022/05/18","2,973","-20"
"2022/05/19","-909","32"
"2022/05/20","1,966","1,103"
"2022/05/23","-304","-643"
"2022/05/24","-3,254","-352"
"2022/05/25","-1,655","1,037"
"2022/05/26","377","-157"
"2022/05/27","2,760","-1,005"
"2022/05/30","3,541","1,002"
"2022/05/31","10,573","-22"
"2022/06/02","-909","-560"
"2022/06/03","-88","-1,455"
"2022/06/07","-2,089","-1,035"
"2022/06/08","-1,245","265"
"2022/06/09","-9,373","-1,204"
"2022/06/10","-8,517","-494"
"2022/06/13","-5,009","434"
"2022/06/14","-2,811","35"
"2022/06/15","-4,609","-1,469"
"2022/06/16","1,457","1,171"
"2022/06/17","-3,902","600"
"2022/06/20","-6,659","-1,574"
"2022/06/21","-3,201","924"
"2022/06/22","-3,202","-525"
"2022/06/23","-2,961","727"
"2022/06/24","-337","3,855"
"2022/06/27","2,663","-98"
"2022/06/28","-354","-2,348"
"2022/06/29","-2,329","-1,525"
"2022/06/30","-2,339","-1,630"
"2022/07/01","-3,400","-980"
"2022/07/04","-1,385","-381"
"2022/07/05","1,324","2,752"
"2022/07/06","-477","-466"
"2022/07/07","1,448","-780"
"2022/07/08","2,427","133"
"2022/07/11","-202","-1,160"
"2022/07/12","-445","-1,560"
"2022/07/13","-1,010","98"
"2022/07/14","3,988","-70"
"2022/07/15","2,622","-1,240"
"2022/07/18","6,278","-8"
"2022/07/19","393","-28"
"2022/07/20","-393","19"
"2022/07/21","4,402","-640"
"2022/07/22","359","-709"
"2022/07/25","916","-654"
"2022/07/26","14","-538"
"2022/07/27","-1,177","491"
"2022/07/28","4,116","-68"
"2022/07/29","3,416","681"
"2022/08/01","1,342","246"
"2022/08/02","2,941","-999"
"2022/08/03","4,754","808"
"2022/08/04","2,010","1,330"
"2022/08/05","3,746","576"
"2022/08/08","1,733","-454"
"2022/08/09","306","-230"
"2022/08/10","-1,050","-812"
"2022/08/11","1,417","691"
"2022/08/12","-137","66"
"2022/08/16","503","1,217"
"2022/08/17","511","-190"
"2022/08/18","3,047","-69"
"2022/08/19","3,328","-1,505"
"2022/08/22","1,171","443"
"2022/08/23","-2","256"
"2022/08/24","1,500","-99"
"2022/08/25","414","637"
"2022/08/26","2,390","-572"
"2022/08/29","-480","724"
"2022/08/30","-397","622"
"2022/08/31","7,453","635"
"2022/09/01","-2,911","-1,369"
"2022/09/02","-1,760","-783"
"2022/09/05","-676","-35"
"2022/09/06","-785","665"
"2022/09/07","-4,940","-511"
"2022/09/08","-3,857","1,156"
"2022/09/13","4,005","1,089"
"2022/09/14","-1,645","-55"
"2022/09/15","-2,243","-1,449"
"2022/09/16","-473","-922"
"2022/09/19","-5","-511"
"2022/09/20","-591","464"
"2022/09/21","-2,751","-750"
"2022/09/22","-594","-469"
"2022/09/23","-1,944","-3,101"
"2022/09/26","-34","1,224"
"2022/09/27","-2,463","448"
"2022/09/28","-1,460","-1,318"
"2022/09/29","2,209","1,369"
"2022/09/30","1,679","939"
"2022/10/04","2,172","591"
"2022/10/05","776","-2,687"
"2022/10/06","2,510","1,360"
"2022/10/07","1,001","-1,390"
"2022/10/11","1,962","-637"
"2022/10/12","2,350","-800"
"2022/10/13","2,009","-413"
"2022/10/14","2,657","1,854"
"2022/10/17","2,658","190"
"2022/10/18","774","-784"
"2022/10/19","1,477","499"
"2022/10/20","-37","-1,451"
"2022/10/21","293","-454"
"2022/10/24","1,512","1,128"
"2022/10/25","739","-929"
"2022/10/26","6,020","-581"
"2022/10/27","3,817","1,292"
"2022/10/28","-1,904","371"
"2022/10/31","2,321","264"
"2022/11/01","4,939","608"
"2022/11/02","5,252","-637"
"2022/11/03","1,716","381"
"2022/11/04","414","-513"
"2022/11/07","1,100","860"
"2022/11/08","2,824","941"
"2022/11/09","4,172","132"
"2022/11/10","-1,098","-960"
"2022/11/11","7,053","2,088"
"2022/11/14","1,429","-239"
"2022/11/15","-2,350","1,605"
"2022/11/16","915","-1,531"
"2022/11/17","-3,843","-974"
"2022/11/18","1,976","-839"
"2022/11/21","-1,653","-498"
"2022/11/22","157","-801"
"2022/11/23","896","1,272"
"2022/11/24","1,270","1,203"
"2022/11/25","3,127","-288"
"2022/11/28","-1,252","-758"
"2022/11/29","623","1,210"
"2022/11/30","11,446","-164"
"2022/12/01","337","1,500"
"2022/12/02","-4,060","-1,098"
"2022/12/05","-2,936","-406"
"2022/12/06","-990","-663"
"2022/12/07","-1,982","171"
"2022/12/08","-4,665","430"
"2022/12/09","1,003","205"
"2022/12/12","178","-124"
"2022/12/13","-1,121","-168"
"2022/12/14","2,334","1,827"
"2022/12/15","-576","88"
"2022/12/16","2,927","-253"
"2022/12/19","-234","-303"
"2022/12/20","-1,038","-614"
"2022/12/21","-1,046","364"
"2022/12/22","-45","841"
"2022/12/23","-665","-870"
"2022/12/26","-371","1,486"
"2022/12/27","502","1,147"
"2022/12/28","-3,108","-2,104"
"2022/12/29","-1,437","-1,387"
"2022/12/30","",""
"2023/01/02","53","-560"
"2023/01/03","883","-174"
"2023/01/04","2,610","-174"
"2023/01/05","5,023","-1,534"
"2023/01/06","3,157","843"
"2023/01/09","6,573","281"
"2023/01/10","-20","-652"
"2023/01/11","349","1,506"
"2023/01/12","4,858","-585"
"2023/01/13","5,715","-726"
"2023/01/16","3,000","526"
"2023/01/17","1,792","-647"
"2023/01/18","731","121"
"2023/01/19","5,721","-53"
"2023/01/20","2,310","56"
"2023/01/25","7,682","1,670"
"2023/01/26","8,123","1,030"
"2023/01/27","9,740","186"
"2023/01/30","155","-312"
"2023/01/31","-4,751","988"
"2023/02/01","1,959","2,022"
"2023/02/02","5,557","2,126"
"2023/02/03","5,868","58"
"2023/02/06","-3,134","-185"
"2023/02/07","-579","856"
"2023/02/08","5,926","712"
"2023/02/09","1,501","1,745"
"2023/02/10","488","-1,070"
"2023/02/13","671","801"
"2023/02/14","609","1,143"
"2023/02/15","-2,687","-329"
"2023/02/16","696","1,919"
"2023/02/17","1,196","-2,104"
"2023/02/20","-3,154","2,017"
"2023/02/21","299","-133"
"2023/02/22","-1,951","-3,065"
"2023/02/23","109","-88"
"2023/02/24","-3,004","-765"
"2023/02/27","-3,249","64"
"2023/02/28","-2,868","625"
"2023/03/02","5,333","-642"
"2023/03/03","-909","2,413"
"2023/03/06","3,271","-1,250"
"2023/03/07","3,406","-224"
"2023/03/08","577","-517"
"2023/03/09","-9,732","-2,494"
"2023/03/10","-3,265","-1,660"
"2023/03/13","186","1,477"
"2023/03/14","-6,398","-2,153"
"2023/03/15","-746","3,614"
"2023/03/16","-887","-3,250"
"2023/03/17","801","1,600"
"2023/03/20","-2,062","-356"
"2023/03/21","-557","-1,644"
"2023/03/22","2,040","339"
"2023/03/23","2,145","1,097"
"2023/03/24","1,243","-2,450"
"2023/03/27","-946","-3,021"
"2023/03/28","-414","-1,137"
"2023/03/29","286","801"
"2023/03/30","2,632","-1,228"
"2023/03/31","6,877","-1,371"
"2023/04/03","-1,641","91"
"2023/04/04","-3,127","-741"
"2023/04/05","-175","1,921"
"2023/04/06","-4,915","-2,118"
"2023/04/07","6,951","978"
"2023/04/10","7,405","-1,758"
"2023/04/11","1,871","-567"
"2023/04/12","2,352","2,117"
"2023/04/13","-3,463","964"
"2023/04/14","1,871","76"
"2023/04/17","-168","-4"
"2023/04/18","3,888","-1,240"
"2023/04/19","-69","-1,218"
"2023/04/20","1,542","-2,395"
"2023/04/21","2,778","-1,582"
"2023/04/24","-335","-248"
"2023/04/25","86","-1,081"
"2023/04/26","-925","-1,500"
"2023/04/27","2,801","580"
"2023/04/28","2,978","-3,649"
"2023/05/02","3,448","1,620"
"2023/05/03","-914","-1,801"
"2023/05/04","396","-1,346"
"2023/05/08","2,530","-568"
"2023/05/09","1,152","-1,094"
"2023/05/10","1,155","-87"
"2023/05/11","18","-580"
"2023/05/12","-2,475","-487"
"2023/05/15","-498","-1,171"
"2023/05/16","2,283","-655"
"2023/05/17","1,640","2,297"
"2023/05/18","5,379","-910"
"2023/05/19","5,579","843"
"2023/05/22","2,995","2,169"
"2023/05/23","-535","601"
"2023/05/24","935","-1,490"
"2023/05/25","2,244","-1,225"
"2023/05/26","9,113","-211"
"2023/05/30","6,751","1,146"
"2023/05/31","2,156","1,519"
"2023/06/01","-82","557"
"2023/06/02","3,728","-301"
"2023/06/05","-195","-227"
"2023/06/07","-403","2,082"
"2023/06/08","-3,838","-2,243"
"2023/06/09","4,808","997"
"2023/06/12","-3,420","435"
"2023/06/13","1,368","2,056"
"2023/06/14","1,128","-3,156"
"2023/06/15","-641","173"
"2023/06/16","4,280","732"
"2023/06/19","-3,604","-2,016"
"2023/06/20","-2,812","-153"
"2023/06/21","-2,000","-1,878"
"2023/06/22","-1,068","542"
"2023/06/23","-1,878","-753"
"2023/06/26","150","1,408"
"2023/06/27","-1,083","-2,178"
"2023/06/28","-3,923","-1,441"
"2023/06/29","553","-504"
"2023/06/30","-1,784","-72"
"2023/07/03","-133","4,726"
"2023/07/04","-594","-943"
"2023/07/05","2,560","408"
"2023/07/06","-1,684","-1,098"
"2023/07/07","-451","-337"
"2023/07/10","-1,557","-974"
"2023/07/11","2,687","3,207"
"2023/07/12","2,188","-1,930"
"2023/07/13","2,173","1,778"
"2023/07/14","6,152","217"
"2023/07/17","-1,646","544"
"2023/07/18","-1,551","4,992"
"2023/07/19","-403","-380"
"2023/07/20","1,627","-642"
"2023/07/21","-2,904","-458"
"2023/07/24","-1,709","1,026"
"2023/07/25","-13,534","4,503"
"2023/07/26","-9,467","8,777"
"2023/07/27","823","2,142"
"2023/07/28","602","2,846"
"2023/07/31","-2,923","-473"
"2023/08/01","1,978","-2,285"
"2023/08/02","-701","-3,268"
"2023/08/03","-1,508","-676"
"2023/08/04","-2,453","-915"
"2023/08/07","2,811","-1,998"
"2023/08/08","-1,419","150"
"2023/08/09","3,657","2,546"
"2023/08/10","-2,331","-984"
"2023/08/11","-1,906","-272"
"2023/08/14","-1,202","-1,323"
"2023/08/16","-19","-1,645"
"2023/08/17","-12","394"
"2023/08/18","-1,080","-2,146"
"2023/08/21","-340","2,055"
"2023/08/22","-148","657"
"2023/08/23","206","-1,636"
"2023/08/24","1,106","3,327"
"2023/08/25","-1,915","594"
"2023/08/28","-135","1,172"
"2023/08/29","-1,612","1,313"
"2023/08/30","-165","2,329"
"2023/08/31","-2,157","4,417"
"2023/09/01","3,691","-2,190"
"2023/09/04","4,128","-32"
"2023/09/05","1,618","731"
"2023/09/06","-693","-75"
"2023/09/07","-59","-1,368"
"2023/09/08","-3,552","-495"
"2023/09/11","238","-629"
"2023/09/12","-2,981","-1,408"
"2023/09/13","1,133","-1,289"
"2023/09/14","-5,173","1,484"
"2023/09/15","478","-1,544"
"2023/09/18","-3,745","-133"
"2023/09/19","-16","-865"
"2023/09/20","-1,676","-1,104"
"2023/09/21","-686","-1,052"
"2023/09/22","-1,278","-71"
"2023/09/25","-1,322","-1,177"
"2023/09/26","-426","-910"
"2023/09/27","-282","-80"
"2023/10/04","-4,230","-2,591"
"2023/10/05","-2,721","739"
"2023/10/06","-3,263","1,836"
"2023/10/10","-2,078","570"
"2023/10/11","-1,196","1,843"
"2023/10/12","-580","-915"
"2023/10/13","-1,611","-2,752"
"2023/10/16","-2,106","-1,201"
"2023/10/17","4,282","92"
"2023/10/18","3,461","-992"
"2023/10/19","-1,381","-782"
"2023/10/20","2,103","-537"
"2023/10/23","-2,584","759"
"2023/10/24","-1,543","905"
"2023/10/25","-3,457","-1,220"
"2023/10/26","-4,800","432"
"2023/10/27","-3,801","131"
"2023/10/30","-663","756"
"2023/10/31","-3,273","-1,521"
"2023/11/01","-1,273","331"
"2023/11/02","1,401","2,816"
"2023/11/03","1,340","-1,206"
"2023/11/06","7,115","4,834"
"2023/11/07","4,112","-2,300"
"2023/11/08","-137","322"
"2023/11/09","2,832","-35"
"2023/11/10","504","-299"
"2023/11/13","138","-68"
"2023/11/14","-911","2,814"
"2023/11/15","5,544","1,515"
"2023/11/16","4,571","-211"
"2023/11/17","-752","-1,811"
"2023/11/20","1,000","1,871"
"2023/11/21","3,529","150"
"2023/11/22","1,430","-537"
"2023/11/23","1,185","199"
"2023/11/24","-2,148","-53"
"2023/11/27","-1,063","339"
"2023/11/28","-947","1,681"
"2023/11/29","799","1,486"
"2023/11/30","1,253","1,353"
"2023/12/01","-1,767","-765"
"2023/12/04","2,571","-216"
"2023/12/05","294","1,045"
"2023/12/06","-1,457","171"
"2023/12/07","361","-1,544"
"2023/12/08","2,038","1,896"
"2023/12/11","53","-430"
"2023/12/12","749","-18"
"2023/12/13","-1,309","-625"
"2023/12/14","6,252","1,380"
"2023/12/15","8,565","1,032"
"2023/12/18","594","1,846"
"2023/12/19","-921","-57"
"2023/12/20","4,804","192"
"2023/12/21","131","795"
"2023/12/22","-373","884"
"2023/12/26","823","285"
"2023/12/27","2,249","2,543"
"2023/12/28","7,017","753"
"2023/12/29","",""
"2024/01/02","2,282","1,284"
"2024/01/03","-973","-879"
"2024/01/04","1,149","-1,322"
"2024/01/05","-510","1,413"
"2024/01/08","1,700","12"
"2024/01/09","656","1,423"
"2024/01/10","-238","-2,289"
"2024/01/11","22,962","809"
"2024/01/12","-2,119","-1,699"
"2024/01/15","-498","132"
"2024/01/16","-1,839","-118"
"2024/01/17","-9,056","-1,765"
"2024/01/18","-1,326","975"
"2024/01/19","7,028","440"
"2024/01/22","3,001","-387"
"2024/01/23","1,411","-380"
"2024/01/24","726","-1,422"
"2024/01/25","457","-682"
"2024/01/26","3,789","1,785"
"2024/01/29","5,468","-2,143"
"2024/01/30","-134","335"
"2024/01/31","892","-838"
"2024/02/01","10,452","1,394"
"2024/02/02","19,344","682"
"2024/02/05","1,795","-1,193"
"2024/02/06","3,378","-296"
"2024/02/07","5,390","524"
"2024/02/08","4,113","1,458"
"2024/02/13","9,608","2,596"
"2024/02/14","1,077","-573"
"2024/02/15","-93","-869"
"2024/02/16","5,643","-2,164"
"2024/02/19","6,158","558"
"2024/02/20","1,081","817"
"2024/02/21","-648","-1,138"
"2024/02/22","1,694","874"
"2024/02/23","1,465","-878"
"2024/02/26","1,192","-29"
"2024/02/27","359","-171"
"2024/02/28","4,779","1,550"
"2024/02/29","1,795","686"
"2024/03/04","7,702","2,220"
"2024/03/05","855","-705"
"2024/03/06","-3,774","-110"
"2024/03/07","-3,246","-1,983"
"2024/03/08","1,821","2,876"
"2024/03/11","-1,062","-799"
"2024/03/12","-3,723","1,205"
"2024/03/13","3,348","-1,272"
"2024/03/14","4,726","-1,610"
"2024/03/15","-10,355","-771"
"2024/03/18","-869","1,897"
"2024/03/19","-2,414","-848"
"2024/03/20","8,538","59"
"2024/03/21","18,783","3,686"
"2024/03/22","6,668","-503"
"2024/03/25","-433","1,977"
"2024/03/26","6,230","722"
"2024/03/27","2,929","549"
"2024/03/28","735","-115"
"2024/03/29","7,823","337"
"2024/04/01","2,707","685"
"2024/04/02","10,065","-2,265"
"2024/04/03","5","-363"
"2024/04/04","5,864","1,021"
"2024/04/05","-1,131","-1,094"
"2024/04/08","2,061","-1,532"
"2024/04/09","3,036","-209"
"2024/04/11","10,651","-250"
"2024/04/12","146","-297"
"2024/04/15","-2,381","-714"
"2024/04/16","-2,703","-1,563"
"2024/04/17","-1,692","-307"
"2024/04/18","5,746","2,581"
"2024/04/19","-3,489","-3,569"
"2024/04/22","-7,504","-752"
"2024/04/23","-253","-466"
"2024/04/24","4,924","1,835"
"2024/04/25","-2,892","-2,458"
"2024/04/26","4,731","-753"
"2024/04/29","3,452","1,404"
"2024/04/30","2,384","-551"
"2024/05/02","27","-673"
"2024/05/03","945","-363"
"2024/05/07","11,155","1,230"
"2024/05/08","4,001","10"
"2024/05/09","-3,587","-234"
"2024/05/10","1,483","-170"
"2024/05/13","201","-875"
"2024/05/14","845","2,109"
"2024/05/16","4,257","417"
"2024/05/17","-2,415","-1,350"
"2024/05/20","-161","-492"
"2024/05/21","-1,066","-53"
"2024/05/22","2,941","-166"
"2024/05/23","3,618","598"
"2024/05/24","-3,135","-64"
"2024/05/27","-1,367","612"
"2024/05/28","442","961"
"2024/05/29","-10,274","-726"
"2024/05/30","-7,849","403"
"2024/05/31","-13,369","2,592"
"2024/06/03","1,890","1,341"
"2024/06/04","-2,113","1,055"
"2024/06/05","5,916","520"
"2024/06/07","2,861","3,247"
"2024/06/10","170","-1,416"
"2024/06/11","-2,240","150"
"2024/06/12","2,342","317"
"2024/06/13","15,449","1,949"
"2024/06/14","7,315","-1,650"
"2024/06/17","-1,374","-27"
"2024/06/18","6,493","-94"
"2024/06/19","2,757","1,053"
"2024/06/20","4,966","-584"
"2024/06/21","-3,424","962"
"2024/06/24","-5,299","29"
"2024/06/25","610","814"
"2024/06/26","4,335","-1,127"
"2024/06/27","5,136","-527"
"2024/06/28","322","570"
"2024/07/01","-633","109"
"2024/07/02","-333","-1,043"
"2024/07/03","1,014","1,905"
"2024/07/04","3,218","209"
"2024/07/05","13,130","524"
"2024/07/08","5,284","802"
"2024/07/09","3,274","-624"
"2024/07/10","5,269","-526"
"2024/07/11","6,105","-23"
"2024/07/12","-5,501","846"
"2024/07/15","-770","1,085"
"2024/07/16","1,883","-890"
"2024/07/17","-2,566","-232"
"2024/07/18","-3,495","819"
"2024/07/19","-4,202","-350"
"2024/07/22","-854","-1,798"
"2024/07/23","2,470","1,251"
"2024/07/24","-2,635","-327"
"2024/07/25","-6,767","-1,341"
"2024/07/26","-473","420"
"2024/07/29","4,474","1,037"
"2024/07/30","-2,449","-1,033"
"2024/07/31","1,493","-603"
"2024/08/01","4,410","354"
"2024/08/02","-8,479","-1,501"
"2024/08/05","-15,238","5,482"
"2024/08/06","-1,742","3,547"
"2024/08/07","-187","-1,598"
"2024/08/08","-5,196","-2,014"
"2024/08/09","2","513"
"2024/08/12","785","-1,555"
"2024/08/13","1,333","-1,751"
"2024/08/14","3,918","827"
"2024/08/16","12,108","1,083"
"2024/08/19","-1,196","-1,092"
"2024/08/20","2,929","1,039"
"2024/08/21","311","-3,352"
"2024/08/22","687","-829"
"2024/08/23","-2,952","1,129"
"2024/08/26","-4,667","-1,031"
"2024/08/27","-4,075","-16"
"2024/08/28","-3,435","-808"
"2024/08/29","-4,208","-241"
"2024/08/30","-3,790","1,939"
"2024/09/02","2,387","-538"
"2024/09/03","-2,907","-580"
"2024/09/04","-9,888","267"
"2024/09/05","-5,858","-199"
"2024/09/06","-2,661","-857"
"2024/09/09","-5,422","867"
"2024/09/10","-6,708","-1,912"
"2024/09/11","-10,351","316"
"2024/09/12","2,782","2,119"
"2024/09/13","-9,577","-1,250"
"2024/09/19","-11,756","1,731"
"2024/09/20","-337","1,322"
"2024/09/23","-7,023","-371"
"2024/09/24","-3,773","974"
"2024/09/25","-5,701","109"
"2024/09/26","4,953","1,845"
"2024/09/27","2,659","-778"
"2024/09/30","-10,032","-494"
"2024/10/02","-3,074","-212"
"2024/10/04","428","804"
"2024/10/07","292","765"
"2024/10/08","-3,810","-904"
"2024/10/10","1,626","-958"
"2024/10/11","-5,991","635"
"2024/10/14","915","-508"
"2024/10/15","2,904","-265"
"2024/10/16","-6,597","-1,362"
"2024/10/17","-4,049","28"
"2024/10/18","-4,785","-324"
"2024/10/21","221","1,574"
"2024/10/22","-2,814","-1,450"
"2024/10/23","2,116","486"
"2024/10/24","-6,074","-757"
"2024/10/25","-3,909","247"
"2024/10/28","-1,283","1,798"
"2024/10/29","-1,177","-104"
"2024/10/30","-3,357","-688"
"2024/10/31","-8,583","1,558"
"2024/11/01","-390","-394"
"2024/11/04","297","3,302"
"2024/11/05","-1,444","-1,086"
"2024/11/06","-1,031","-605"
"2024/11/07","1,046","-862"
"2024/11/08","-132","2,294"
"2024/11/11","-4,817","-825"
"2024/11/12","-3,064","-47"
"2024/11/13","-6,308","-78"
"2024/11/14","-2,333","-30"
"2024/11/15","-595","867"
"2024/11/18","-530","-320"
"2024/11/19","-3,300","-312"
"2024/11/20","-1,823","-557"
"2024/11/21","-2,593","-806"
"2024/11/22","1,175","927"
"2024/11/25","-747","638"
"2024/11/26","-690","-2,069"
"2024/11/27","-3,349","87"
"2024/11/28","-4,919","-839"
"2024/11/29","-7,494","-1,131"
"2024/12/02","-1,309","1,241"
"2024/12/03","5,655","2,328"
"2024/12/04","-4,071","-148"
"2024/12/05","-3,174","-223"
"2024/12/06","-2,841","355"
"2024/12/09","1,027","2,050"
"2024/12/10","-1,047","2,925"
"2024/12/11","-1,376","-690"
"2024/12/12","-209","-529"
"2024/12/13","-1,739","61"
"2024/12/16","-4,339","-1,168"
"2024/12/17","-7,020","-1,239"
"2024/12/18","3,924","94"
"2024/12/19","-4,338","-163"
"2024/12/20","-8,224","-820"
"2024/12/23","1,448","1,305"
"2024/12/24","-62","-75"
"2024/12/26","204","-193"
"2024/12/27","-1,739","-288"
"2024/12/30","-1,207","2,373"
"2024/12/31","",""