,Unnamed: 0,회사명,stock_code,상장일,kospi200(-20),nasdaq(-20),putcall(-20),VIXCLS,미국10년물국채금리수익률(-20),원자료
0,532,포시에스,189690,2015-02-11,-0.053391053391053434,0.027059988569934523,0.05607476635513997,16.96,0.08032345013477094,2.051
1,68,세화아이엠씨,145210,2015-03-19,0.04982817869415812,0.011803740432327237,-0.3389830508474576,14.07,-0.09613572101790757,1.825
2,67,엔에스쇼핑,138250,2015-03-27,0.05850585058505864,-0.020181186818816865,-0.04255319148936165,15.07,0.0,1.77
3,531,유지인트,195990,2015-04-13,-0.016435986159169635,0.02549801731198742,-0.07070707070707061,13.94,-0.060270009643201394,1.732
4,530,제노포커스,187420,2015-05-29,0.028846153846153744,0.031683212734193944,0.32432432432432434,13.84,0.01089015151515138,1.745
5,529,픽셀플러스,87600,2015-06-12,0.08307210031347956,0.006278205861192765,-0.2109375,13.78,0.06580125335720677,1.762
6,528,싸이맥스,160980,2015-06-17,0.25021949078138706,-0.002855995148419721,-0.14736842105263148,14.5,0.051936218678815704,1.8
7,66,에스케이디앤디,210980,2015-06-23,0.15210355987055024,0.024086277848839988,-0.09195402298850575,12.11,0.11455399061032878,1.795
8,527,세미콘라이트,214310,2015-06-25,-0.009345794392523255,0.004792128622483016,0.10204081632653073,14.01,0.11775788977861512,1.814
9,526,코아스템,166480,2015-06-26,0.019062748212867353,0.008315563820440186,0.18181818181818188,14.02,0.13612812058407897,1.818
10,525,에스엔텍,160600,2015-06-26,0.019062748212867353,0.008315563820440186,0.18181818181818188,14.02,0.13612812058407897,1.818
11,65,경보제약,214390,2015-06-29,-0.048120300751879785,-0.00047618402624982625,0.2619047619047621,18.85,0.13330279431974357,1.793
12,524,민앤지,214180,2015-06-30,0.09790732436472327,-0.023254080400218813,0.2872340425531916,18.23,0.027360988526037078,1.793
13,523,유테크,178780,2015-06-30,0.09790732436472327,-0.023254080400218813,0.2872340425531916,18.23,0.027360988526037078,1.793
14,522,동운아나텍,94170,2015-06-30,0.09790732436472327,-0.023254080400218813,0.2872340425531916,18.23,0.027360988526037078,1.793
15,64,토니모리,214420,2015-07-10,0.12180451127819536,-0.03150212604885394,-0.12844036697247718,16.83,-0.026879462410751676,1.806
16,63,이노션,214320,2015-07-17,-0.0877697841726619,0.0058893968027113885,-0.019230769230769273,11.95,0.009425878320479697,1.784
17,521,펩트론,87010,2015-07-22,0.03537735849056589,0.009308030459135308,-0.07407407407407418,12.12,-0.017699115044247926,1.749
18,520,파마리서치프로덕트,214450,2015-07-24,0.03712480252764627,0.0066938465190002905,-0.19811320754716988,13.74,-0.0828617623282134,1.706
19,519,로지시스,67730,2015-07-29,0.036029411764705976,0.020521858669886095,-0.1351351351351352,12.5,-0.0729295426452411,1.716
20,518,아이쓰리시스템,214430,2015-07-30,0.03960396039603964,0.019670357177991038,-0.23199999999999998,12.13,-0.04065381391450129,1.735
21,517,아시아경제,127710,2015-07-31,0.0072727272727273196,0.02386999649668753,-0.19658119658119655,12.12,-0.01441048034934489,1.768
22,516,흥국에프엔비,189980,2015-08-07,-0.11291369240752758,0.011753355303073976,0.0,13.39,-0.08953393295175804,1.783
23,515,파인텍,131760,2015-08-17,0.08152173913043459,-0.03269289334758574,0.030303030303030276,13.02,-0.0752100840336134,1.723
24,62,AJ네트웍스,95570,2015-08-21,0.13632901751713633,-0.041492435743981204,0.07058823529411762,28.03,-0.08355437665782495,1.709
25,514,웹스,196700,2015-08-24,0.3959276018099549,-0.06622109701632584,0.16470588235294126,40.74,-0.07716606498194956,1.693
26,513,인포마크,175140,2015-09-23,-0.20356676816006958,0.05552657776999581,0.04444444444444429,22.13,-0.022018348623853212,1.619
27,60,동일제강,2690,2015-09-24,-0.0304968027545498,0.011750872766060905,-0.19626168224299068,23.47,-0.018256503879507058,1.63
28,61,아이콘트롤스,39570,2015-09-24,-0.0304968027545498,0.011750872766060905,-0.19626168224299068,23.47,-0.018256503879507058,1.63
29,512,타이거일렉,219130,2015-09-25,0.06434023991275906,-0.016254871185611863,0.11578947368421066,23.62,-0.02564102564102566,1.615
30,511,제너셈,217190,2015-09-25,0.06434023991275906,-0.016254871185611863,0.11578947368421066,23.62,-0.02564102564102566,1.615
31,59,LIG넥스원,79550,2015-10-02,-0.1767857142857142,-0.022482290456321996,-0.06593406593406603,20.94,-0.04176442984514317,1.584
32,510,에치디프로,214870,2015-10-13,-0.21927710843373494,-0.0045015518349021955,-0.01941747572815533,17.67,-0.09843205574912894,1.638
33,509,에이티젠,182400,2015-10-23,-0.2080830147460404,0.0498345897124719,-0.02127659574468077,14.46,-0.03336510962821726,1.65
34,508,연우,115960,2015-11-02,-0.2301028695181374,0.056991305164817874,-0.08791208791208793,14.15,0.04275996112730818,1.658
35,507,더블유게임즈,192080,2015-11-04,-0.20750293083235638,0.0738820507986171,0.0,15.51,0.07409200968523,1.677
36,58,제주항공,89590,2015-11-06,-0.14276768941765816,0.061540596734818154,0.1976744186046513,14.33,0.06985645933014362,1.729
37,57,금호에이치티,214330,2015-11-11,-0.06852637962401453,0.06280567665416714,-0.22962962962962963,16.06,0.1827848101265821,1.798
38,506,나무가,190510,2015-11-12,-0.07788944723618096,0.040434471145627704,0.18085106382978733,18.37,0.15453194650817226,1.787
39,505,유앤아이,56090,2015-11-12,-0.07788944723618096,0.040434471145627704,0.18085106382978733,18.37,0.15453194650817226,1.787
40,504,케어젠,214370,2015-11-17,0.08263395739186574,0.021235512158737535,0.47872340425531923,18.84,0.09763170613823102,1.758
41,503,네오오토,212560,2015-11-18,0.04024982650936848,0.03014385982398493,-0.09821428571428581,16.85,0.11834319526627213,1.752
42,502,케이디켐,221980,2015-11-19,0.032413793103448274,0.03153431302203136,0.10869565217391308,16.99,0.12080867850098631,1.736
43,501,하이즈항공,221840,2015-11-25,-0.14431586113002037,0.0013972822658701034,0.3033707865168538,15.19,0.06568300809138505,1.769
44,56,세진중공업,75580,2015-11-30,-0.11917808219178083,0.01459708523992087,0.06593406593406592,16.13,0.02113970588235281,1.785
45,500,미래테크놀로지,213090,2015-12-01,0.06286982248520712,-0.0036043378525567604,0.3626373626373627,14.67,-0.0045085662759241085,1.772
46,499,멕아이씨에스,58110,2015-12-14,-0.08228980322003576,0.0011344294431259172,-0.050359712230215736,22.73,-0.06120651695288415,1.732
47,498,뉴트리바이오텍,222040,2015-12-16,0.17501670006680015,0.0018732062272943661,0.3333333333333335,17.86,-0.002199736031676336,1.748
48,496,파크시스템스,140860,2015-12-17,0.189327485380117,-0.000802000382912893,0.04081632653061229,18.94,0.022696929238985364,1.726
49,497,보광산업,225530,2015-12-17,0.189327485380117,-0.000802000382912893,0.04081632653061229,18.94,0.022696929238985364,1.726
50,495,메가엠디,133750,2015-12-18,0.0717488789237668,-0.014011701680763267,-0.24242424242424243,20.7,-0.017226148409893893,1.693
51,493,씨트리,47920,2015-12-21,0.08174178762414064,-0.03562050855505128,-0.22580645161290325,18.7,-0.017387427552385093,1.658
52,494,강스템바이오텍,217730,2015-12-21,0.08174178762414064,-0.03562050855505128,-0.22580645161290325,18.7,-0.017387427552385093,1.658
53,491,아진산업,13310,2015-12-22,0.2124105011933175,-0.026175518395954667,0.0,16.6,-0.019651630192050074,1.672
54,492,덱스터,206560,2015-12-22,0.2124105011933175,-0.026175518395954667,0.0,16.6,-0.019651630192050074,1.672
55,490,한국맥널티,222980,2015-12-23,0.16295707472178056,-0.0199302333703808,-0.288135593220339,15.57,0.0013428827215757888,1.668
56,488,육일씨엔에쓰,191410,2015-12-24,0.052091554853985755,-0.013723228657010478,0.17045454545454541,15.74,0.015737410071942293,1.662
57,489,이에스브이,223310,2015-12-24,0.052091554853985755,-0.013723228657010478,0.17045454545454541,15.74,0.015737410071942293,1.662
58,487,휴젤,145020,2015-12-24,0.052091554853985755,-0.013723228657010478,0.17045454545454541,15.74,0.015737410071942293,1.662
59,55,잇츠스킨,226320,2015-12-28,0.03965785381026432,-0.01541286720582613,-0.04123711340206182,16.91,0.01035103510351032,1.677
60,54,코리아오토글라스,152330,2015-12-29,0.011830201809325036,-0.013248005554283293,-0.17741935483870963,16.08,0.010869565217391353,1.655
61,486,에스와이패널,109610,2015-12-29,0.011830201809325036,-0.013248005554283293,-0.17741935483870963,16.08,0.010869565217391353,1.655
62,485,한솔씨앤피,221610,2016-01-27,0.4037138927097663,-0.09389431252462721,-0.2058823529411764,23.11,-0.13214904679376072,1.604
63,484,크리스탈신소재,900250,2016-01-28,0.38057553956834544,-0.12525010608388576,0.13402061855670122,22.42,-0.12685265911072363,1.618
64,483,유니트론텍,142210,2016-02-02,0.09359296482412072,-0.05766154314363314,0.08256880733944949,21.98,-0.12907548012505576,1.516
65,482,아이엠텍,226350,2016-02-03,0.04509921828021657,-0.07655838211141153,-0.38888888888888884,21.65,-0.14654377880184322,1.496
66,53,제이에스코퍼레이션,194370,2016-02-04,-0.031019978969505813,-0.06855583141383625,-0.217741935483871,21.84,-0.12377850162866455,1.494
67,481,안트로젠,65660,2016-02-15,0.3002770083102493,-0.07544098726977244,-0.14545454545454561,,-0.1462102689486552,1.484
68,480,큐리언트,115180,2016-02-29,-0.12350182386659725,-0.005088910689284076,-0.07272727272727275,20.55,-0.0953846153846154,1.454
69,479,AP위성통신,211270,2016-03-04,-0.17690982194141303,0.043875646562061776,0.19491525423728806,16.86,-0.0043407487791644606,1.522
70,478,팬젠,222110,2016-03-11,-0.3955654101995565,0.09264943775170265,-0.07964601769911495,16.5,0.10882016036655218,1.55
71,52,대림씨엔에스,4440,2016-03-30,-0.19660352710646634,0.033482603262850574,-0.5,13.56,-0.01258894362342633,1.45
72,477,동양파일,228340,2016-04-06,-0.028792134831460703,0.04196986739430986,-0.04587155963302758,14.09,-0.06062261059530316,1.458
73,476,씨엠에스에듀,225330,2016-04-07,-0.023477622890682337,0.05270010957753635,-0.019230769230769273,16.16,-0.0648936170212765,1.468
74,475,레이언스,228850,2016-04-11,-0.05971223021582739,0.021526875380403654,-0.05660377358490576,16.26,-0.13282828282828274,1.466
75,51,해태제과식품,101530,2016-05-11,-0.0351951032899771,-0.02780035679897863,0.020000000000000018,14.69,-0.006795016987542479,1.417
76,50,용평리조트,70960,2016-05-27,-0.08084772370486648,0.02647133616504882,0.2906976744186047,13.12,-0.0027247956403269047,1.468
77,474,에스티팜,237690,2016-06-23,0.4030226700251889,-0.012578487112128167,-0.2596153846153846,17.25,-0.0781420765027322,1.337
78,473,녹십자랩셀,144510,2016-06-23,0.4030226700251889,-0.012578487112128167,-0.2596153846153846,17.25,-0.0781420765027322,1.337
79,49,해성디에스,195870,2016-06-24,0.5516652433817251,0.0016871496415167275,-0.15315315315315325,25.76,-0.05780659103187469,1.249
80,472,로스웰,900260,2016-06-30,0.25706940874036,-0.038643322665129265,0.0,15.63,-0.15675375208449138,1.247
81,471,피앤씨테크,237750,2016-07-04,0.09314140558848427,-0.020202264687178673,-0.1724137931034483,,-0.1617731721358665,1.224
82,470,대유위니아,71460,2016-07-14,-0.17373853211009183,0.03532621950634507,-0.10810810810810823,12.82,-0.06713109563014563,1.205
83,469,장원테크,174880,2016-07-15,-0.2131979695431473,0.0390388571470035,-0.1711711711711712,12.67,-0.04593420235878343,1.221
84,468,우리손에프앤지,73560,2016-07-27,-0.1383776414451261,0.08912857284094522,-0.11009174311926617,12.83,0.03032300593276216,1.222
85,467,엔지스테크널러지,208860,2016-07-28,-0.07338129496402879,0.07544281186247837,-0.134453781512605,12.72,0.01898305084745755,1.203
86,48,두올,16740,2016-07-29,-0.017815646785437678,0.06449129584137103,0.3750000000000002,11.87,0.03571428571428581,1.216
87,466,팍스넷,38160,2016-08-01,0.017770597738287375,0.06160529708010509,-0.24806201550387597,12.44,0.006245662734212232,1.212
88,465,에코마케팅,230360,2016-08-08,-0.10795454545454541,0.04660187427783935,0.010101010101010166,11.5,0.05507631055076323,1.246
89,464,헝셩그룹,900270,2016-08-18,-0.09355828220858886,0.03050124300535817,0.01098901098901095,11.43,-0.01650793650793647,1.228
90,463,자이글,234920,2016-09-06,-0.06535947712418311,0.007051367249094831,-0.01851851851851849,12.02,0.06345009914078004,1.3
91,462,유니테크노,241690,2016-09-20,0.20360824742268036,-0.001824793563245497,0.49411764705882355,15.92,0.09213051823416518,1.336
92,47,엘에스전선 아시아,229640,2016-09-22,0.13684210526315788,0.01485144484344647,-0.1711711711711712,12.02,0.016584766584766708,1.296
93,46,화승엔터프라이즈,241590,2016-10-04,0.22058823529411753,0.004730929867698963,0.33000000000000007,13.63,0.016239850093691555,1.276
94,461,미투온,201490,2016-10-10,0.3136531365313653,0.015447325924580424,0.1376146788990824,13.38,0.01472320376914027,1.335
95,460,수산아이앤티,50960,2016-10-11,0.30595667870036114,0.03363947856554006,0.0,15.36,0.0394581861012957,1.373
96,459,앤디포스,238090,2016-10-12,0.3890386343216532,0.014113503162219265,0.0,15.91,0.04309327036599764,1.353
97,458,에이치시티,72990,2016-10-17,-0.10184595798854246,-0.003986534893349658,-0.24817518248175185,16.21,0.0906344410876132,1.35
98,457,인텔리안테크,189300,2016-10-18,0.03854389721627416,-0.007923583172982696,-0.15748031496062986,15.28,0.09270704573547595,1.353
99,456,골든센츄리,900280,2016-10-19,-0.002865329512894088,-0.009695672352390772,0.12605042016806745,14.41,0.07407407407407396,1.352
100,455,GRT,900290,2016-10-25,0.009463722397476504,0.0007765439908766769,-0.0992366412213741,13.46,0.1234096692111959,1.398
101,45,JW생명과학,234080,2016-10-27,0.04691164972634887,-0.003583098443280641,0.24705882352941178,15.36,0.12077596996245288,1.418
102,453,에이치엘사이언스,239610,2016-10-28,0.06082725060827254,-0.018077896302004848,-0.1428571428571428,16.19,0.13706207744314702,1.438
103,454,코스메카코리아,241710,2016-10-28,0.06082725060827254,-0.018077896302004848,-0.1428571428571428,16.19,0.13706207744314702,1.438
104,452,인크로스,216050,2016-10-31,-0.062367115520907124,-0.020896573030923737,0.06766917293233066,17.06,0.09408284023668645,1.438
105,451,로고스바이오,238120,2016-11-03,0.24728850325379614,-0.037928388730330775,0.29292929292929304,22.08,0.04526987811955885,1.428
106,450,오가닉티코스메틱,900300,2016-11-04,0.1896067415730338,-0.044212408436884565,0.09677419354838723,22.51,0.025495750708215414,1.431
107,449,클리오,237880,2016-11-09,0.11999999999999988,-0.00869051559003653,0.09782608695652173,14.38,0.06414662084765177,1.402
108,44,삼성바이오로직스,207940,2016-11-10,0.2679394338380514,0.007239086251627391,0.12745098039215685,14.74,0.14570637119113572,1.465
109,43,두산밥캣,241560,2016-11-18,0.06828528072837625,0.014564292981757987,-0.00917431192660556,12.85,0.3080865603644647,1.736
110,448,에이치엔티,176440,2016-11-28,-0.14373716632443534,0.040234257584559785,-0.2692307692307693,13.15,0.2758247701460248,1.764
111,447,뉴파워프라즈마,144960,2016-11-30,-0.24869565217391298,0.043918953488416124,-0.2265625,13.33,0.2550629447181172,1.71
112,446,오션브릿지,241790,2016-12-01,-0.24439197166469895,0.04272008004432193,-0.24264705882352944,14.07,0.3270405330372017,1.726
113,42,핸즈코퍼레이션,143210,2016-12-02,-0.2971211298207497,0.03809491541391852,-0.4606741573033708,14.12,0.3558011049723757,1.745
114,445,신라젠,215600,2016-12-06,-0.2033898305084746,0.02762592346013104,0.01980198019801982,11.79,0.31345733041575485,1.737
115,444,애니젠,196300,2016-12-07,-0.3618899273104882,0.026862429566460788,0.07826086956521738,12.22,0.28740581270182974,1.736
116,443,마이크로프랜드,147760,2016-12-12,-0.29271206690561524,0.03960011191913626,-0.32885906040268453,12.64,0.09405501330967181,1.734
117,442,티에스인베스트먼트,246690,2016-12-15,-0.19673295454545447,0.026836848560862547,-0.06481481481481488,12.79,0.11754462342185468,1.697
118,441,DSC인베스트먼트,241520,2016-12-19,-0.21212121212121204,0.021732627716303243,-0.14545454545454561,11.71,0.12316335350043217,1.694
119,440,퓨전데이타,195440,2016-12-21,-0.09959183673469396,0.01811799121495361,-0.028037383177570097,11.27,0.08704883227176219,1.687
120,439,유바이오로직스,206650,2017-01-24,0.13544415127528597,0.01937064170645586,-0.23913043478260876,11.07,-0.062475595470519396,1.628
121,438,서플러스글로벌,140070,2017-01-25,0.08608695652173926,0.02531170925210069,0.06896551724137945,10.81,-0.018710191082802585,1.647
122,41,호전실업,111110,2017-02-02,0.07651245551601416,0.03024464165487495,0.1807228915662651,11.93,0.054940374787052715,1.674
123,437,피씨엘,241820,2017-02-23,-0.22177742193755,0.03611700228518466,0.07526881720430101,11.71,-0.03861464968152861,1.676
124,436,모바일어플라이언스,87260,2017-02-24,-0.19224422442244227,0.03188750565649978,0.042553191489361764,11.47,-0.044650040225261534,1.666
125,435,에프엔에스테크,83500,2017-02-27,-0.12079378774805871,0.03259803073798717,0.39240506329113933,12.09,-0.07028112449799206,1.663
126,434,신신제약,2800,2017-02-28,-0.15243415802075022,0.04421139373662997,-0.027272727272727337,12.92,-0.04014598540145997,1.67
127,433,에스디생명공학,217480,2017-03-02,-0.1206611570247933,0.04632218679807387,0.04081632653061229,11.81,-0.006467259498787348,1.713
128,40,덴티움,145720,2017-03-15,0.06112702960840477,0.0128403118781244,-0.2989690721649484,11.63,0.04205046055266326,1.759
129,432,아스타,246720,2017-03-20,0.1227544910179641,0.010690942153703586,-0.306930693069307,11.34,0.028383381324557755,1.67
130,431,코미코,183300,2017-03-23,0.3539094650205761,-0.0023767638926681656,-0.39,13.12,0.03801295896328294,1.666
131,430,서진시스템,178320,2017-03-27,0.21295387634936214,-0.005656812385262944,-0.3545454545454546,12.5,0.008760951188986343,1.65
132,429,와이엠티,251370,2017-04-27,0.08750000000000013,0.021649698605303414,-0.4130434782608695,10.36,-0.048740190004130435,1.673
133,428,하나머티리얼즈,166090,2017-04-28,0.06871609403254975,0.02275826232719602,-0.15000000000000002,10.82,-0.03725408120552531,1.675
134,39,넷마블게임즈,251270,2017-05-12,-0.003385240352064889,0.053540401853923614,-0.31496062992125984,10.4,0.06450177935943047,1.71
135,427,필옵틱스,161580,2017-06-01,0.07416462917685407,0.02074420447676051,-0.2857142857142857,9.89,-0.062074829931972775,1.645
136,426,삼양옵틱스,225190,2017-06-02,-0.031107738998482515,0.028227266093010517,0.44999999999999996,9.75,-0.05869842620161625,1.63
137,425,보라티알,250000,2017-06-08,-0.20185758513931873,0.02744915964408312,-0.05681818181818188,10.16,-0.09068115336397808,1.637
138,424,제일홀딩스,3380,2017-06-30,-0.08770555990602968,-0.02560336706395816,-0.1724137931034483,11.18,0.050023158869847206,1.698
139,423,아우딘퓨쳐스,227610,2017-07-12,0.039552880481513286,-0.004351881317351536,0.08045977011494254,10.3,0.0910351201478743,1.762
140,422,브이원텍,251630,2017-07-13,0.0017079419299743659,0.010699105826492694,-0.028037383177570097,9.9,0.07710171853228043,1.745
141,421,힘스,238490,2017-07-20,-0.05008944543828264,0.024236613867016255,-0.054545454545454564,9.58,0.0592350746268655,1.74
142,420,이즈미디어,181340,2017-07-26,-0.13522537562604353,0.04320257306042974,0.3600000000000001,9.6,0.0286722540802824,1.729
143,419,셀트리온헬스케어,91990,2017-07-28,-0.1349999999999999,0.03870870636761459,-0.22935779816513768,10.29,0.006510416666666741,1.723
144,418,디앤씨미디어,263720,2017-08-01,-0.08838203848895232,0.03896198340291601,-0.040000000000000036,10.09,-0.016281062553556214,1.733
145,417,지니언스,263860,2017-08-02,-0.11532625189681334,0.03447974475748561,-0.19565217391304357,10.28,-0.0318006016330038,1.73
146,416,데이타솔루션,263800,2017-08-03,-0.12163202463433409,0.044862753537867395,0.0786516853932584,10.44,-0.04096283783783783,1.737
147,415,모트렉스,118990,2017-08-04,0.03932151117964522,0.03043350049851168,0.2808988764044942,10.03,-0.06999161777032703,1.742
148,414,컬러레이,900310,2017-08-10,0.43641354071363225,0.012413878759877539,0.16161616161616155,16.04,-0.042163543441226525,1.824
149,413,알에스오토메이션,140670,2017-08-11,0.5867689357622246,-0.01514464138483329,-0.008474576271186418,15.51,-0.0561749571183533,1.804
150,412,이더블유케이,258610,2017-08-22,0.33300198807157044,-0.031040980118676953,-0.1351351351351352,11.35,-0.06389365351629506,1.803
151,411,덕우전자,263600,2017-08-28,-0.058004640371229654,-0.01299281975547939,-0.22807017543859642,11.32,-0.05531358885017412,1.758
152,410,펄어비스,263750,2017-09-14,0.09926168990976225,0.018136814114277477,-0.0775862068965516,10.44,-0.014375561545372895,1.742
153,409,샘코,263540,2017-09-15,-0.1198473282442748,0.03329683596714994,-0.009345794392523366,10.17,0.0009153318077801398,1.739
154,408,앱클론,174900,2017-09-18,-0.17076808351976147,0.03731027401192932,0.3020833333333335,10.15,0.002275830678197588,1.742
155,407,엠플러스,259630,2017-09-20,-0.10071371927042028,0.02601673117789005,-0.07142857142857151,9.78,0.013080739738385194,1.775
156,406,선익시스템,171090,2017-09-20,-0.10071371927042028,0.02601673117789005,-0.07142857142857151,9.78,0.013080739738385194,1.775
157,405,신흥에스이씨,243840,2017-09-27,-0.022411128284389403,0.012420086328576163,-0.07608695652173925,9.87,0.05025833724753426,1.887
158,404,유티아이,179900,2017-09-27,-0.022411128284389403,0.012420086328576163,-0.07608695652173925,9.87,0.05025833724753426,1.887
159,403,에스엔피월드,263920,2017-09-28,-0.09310850439882712,0.013339442685679881,0.02083333333333326,9.55,0.0814606741573034,1.888
160,402,야스,255440,2017-09-29,-0.05314371257485018,0.003856175075361401,0.0,9.51,0.08863743517208866,1.888
161,401,상신전자,263810,2017-10-16,-0.2354903268845897,0.02341875995670817,0.35789473684210527,9.91,0.018352730528200523,1.927
162,400,영화테크,265560,2017-10-26,0.058169375534645074,0.017113317382765114,0.12222222222222223,11.3,0.054569077522736986,2.182
163,38,테이팩스,55490,2017-10-31,0.0024271844660195274,0.025605852219438452,0.0,10.18,0.019354838709677358,2.164
164,399,스튜디오드래곤,253450,2017-11-24,-0.05814905814905824,0.04736933624708772,0.4923076923076921,9.67,-0.036853002070393326,2.169
165,37,삼양패키징,272550,2017-11-29,-0.05437352245862881,0.02745228935886579,0.10000000000000009,10.7,-0.019392917369308482,2.112
166,398,비즈니스온,138580,2017-11-30,-0.05850654349499618,0.0160589404071243,0.2911392405063291,11.28,0.016602809706257826,2.075
167,397,대원,7680,2017-12-01,0.008403361344537785,0.0236830522424889,0.12162162162162149,11.43,0.035591766723842344,2.081
168,396,체리부로,66360,2017-12-04,-0.03843364757070333,0.012292207937981026,0.17948717948717952,11.68,0.01941328731665215,2.083
169,395,에스트래픽,234300,2017-12-05,-0.049568965517241326,-0.0016311680813985152,-0.012048192771084376,11.33,0.024179620034542326,2.112
170,394,메카로,241770,2017-12-06,-0.018154311649016708,-0.0008229913495362284,0.013157894736842035,11.02,0.008140531276778162,2.084
171,393,씨티케이코스메틱스,260930,2017-12-07,0.13450292397660824,-0.0018765663525007747,0.0,10.16,0.0,2.094
172,36,진에어,272450,2017-12-08,0.22952295229522957,0.009302159373534735,-0.26956521739130435,9.58,-0.016652789342214813,2.094
173,35,동양피스톤,92780,2017-12-08,0.22952295229522957,0.009302159373534735,-0.26956521739130435,9.58,-0.016652789342214813,2.094
174,392,디바이스이엔지,187870,2017-12-20,0.02441150828247607,0.014771644868328826,0.010752688172043001,9.72,0.05717970765262259,2.087
175,391,시스웍,269620,2017-12-26,-0.04102976669348346,0.011839747674645906,-0.03296703296703296,10.25,0.04355108877721947,2.129
176,390,씨앤지하이테크,264660,2018-01-25,-0.013147718484145421,0.06903010396017306,-0.08536585365853655,11.58,0.08792111750205422,2.215
177,389,SG,255220,2018-01-26,-0.032558139534883734,0.06799210344553885,0.32894736842105265,11.08,0.09106029106029112,2.222
178,388,배럴,267790,2018-02-01,0.18985270049099823,0.04896309347379657,-0.28712871287128716,13.47,0.10599266204647373,2.249
179,387,카페24,42000,2018-02-08,1.0589812332439679,-0.01420127939564697,0.3500000000000001,33.46,0.1170674024438314,2.272
180,386,알리코제약,260660,2018-02-12,1.0144312393887946,-0.053238758679764575,0.30107526881720426,25.61,0.11951410658307227,2.302
181,385,동구바이오제약,6620,2018-02-13,0.8348856900931414,-0.03346350444571988,0.3452380952380951,24.97,0.12603387160299317,2.278
182,384,린드먼아시아,277070,2018-03-14,-0.3657817109144542,0.07093452730876271,-0.2644628099173554,17.23,-0.023686920700308978,2.274
183,383,에코마이스터,64510,2018-03-15,-0.3004153207198893,0.04944131065375057,-0.2654867256637168,16.59,-0.029938059187887167,2.268
184,34,애경산업,18250,2018-03-22,0.010265700483091944,0.018751527129678758,0.16455696202531644,23.34,-0.013018156903049083,2.256
185,382,케어랩스,263700,2018-03-28,0.2498279421885754,-0.036326048712316816,0.0439560439560438,22.87,-0.03107541899441335,2.222
186,381,제노레이,122310,2018-05-28,-0.15881561238223418,0.04278636751741094,0.08791208791208782,,-0.008121827411167515,2.208
187,380,세종메디칼,258830,2018-05-29,-0.1386410432395333,0.052018968580170855,0.5454545454545454,17.02,-0.023584905660377298,2.189
188,379,현대사료,16790,2018-06-01,0.06749816581071166,0.04993830826386825,0.2857142857142858,13.46,-0.03083700440528636,2.193
189,378,파워넷,37030,2018-06-07,-0.06572068707991041,0.04759323625065659,0.06666666666666665,12.13,0.003373819163292824,2.217
190,377,EDGC,245620,2018-06-26,0.23839999999999995,0.01830842655003062,-0.010101010101010055,15.92,0.032974910394265367,2.148
191,376,SV인베스트먼트,289080,2018-07-06,0.4040485829959515,-0.006370557120933373,-0.12048192771084332,13.37,-0.03900949796472175,2.101
192,375,아이큐어,175250,2018-07-12,0.12518968133535657,0.002717058544131623,0.17582417582417587,12.58,-0.03236797274275982,2.09
193,374,올릭스,226950,2018-07-18,-0.10273081924577376,0.016766392735991564,0.048192771084337505,12.1,-0.02621722846441943,2.087
194,373,엠코르셋,204020,2018-07-23,-0.10012919896640826,0.01655834583473892,-0.18367346938775508,12.62,0.004510756419153328,2.077
195,372,한국유니온제약,80720,2018-07-26,-0.1682634730538921,0.06543383699543615,0.12941176470588234,12.14,0.04683098591549295,2.071
196,33,롯데정보통신,286940,2018-07-27,-0.17892768079800492,0.04644387711576692,0.21518987341772133,13.03,0.04265734265734267,2.112
197,32,티웨이항공,91810,2018-08-01,-0.2538593481989707,0.02254132448162327,0.24096385542168686,13.15,0.04222378606615074,2.124
198,371,휴네시온,290270,2018-08-02,-0.2785467128027682,0.015931058545438193,0.3287671232876712,12.19,0.06036004235792447,2.113
199,370,에스에스알,275630,2018-08-06,-0.16272788656313297,0.007195478315042525,0.2804878048780488,11.27,0.032540237928621485,2.097
200,369,디아이티,110990,2018-08-07,-0.10079193664506847,0.012949785794862168,0.2197802197802199,10.93,0.02720613882106737,2.082
201,368,대유,290380,2018-08-10,-0.12404287901990818,0.008407867749689713,0.19277108433734935,13.16,0.035348179568752025,2.04
202,367,바이오솔루션,86820,2018-08-20,-0.01005025125628145,-0.0032568811623802096,0.2749999999999999,12.49,-0.032432432432432434,1.985
203,366,에이피티씨,89970,2018-08-23,-0.11519078473722111,0.004701868913919327,0.15625000000000022,12.41,-0.0539906103286385,1.963
204,365,액트로,290740,2018-08-28,-0.1106060606060606,0.04511461621329049,-0.09615384615384626,12.5,-0.039162727886563165,1.965
205,364,명성티엔에스,257370,2018-09-13,-0.16131284916201116,0.02316787759466843,0.16304347826086962,12.37,0.032752613240418116,1.921
206,31,우진아이엔에스,10400,2018-09-14,-0.16533720087019577,0.02654062769170884,0.07843137254901977,12.07,0.0384078212290504,1.96
207,363,크리스에프앤씨,110790,2018-10-01,-0.012302284710017597,-0.007792049993202155,0.08510638297872353,12.0,0.07092941998602376,2.022
208,30,하나제약,293480,2018-10-02,0.014873140857392775,-0.006667720724548132,0.05208333333333348,12.05,0.06487232574189084,2.015
209,362,푸드나무,290720,2018-10-04,0.014604810996563522,0.01291977178745074,0.3974358974358976,14.22,0.10528144544822782,2.066
210,361,에스퓨얼셀,288620,2018-10-15,0.36783439490445846,-0.05052058126802883,-0.16216216216216217,21.3,0.057782231128924444,2.051
211,359,로보티즈,108490,2018-10-26,0.8647430117222723,-0.09047707905703806,0.09411764705882364,24.16,0.019902120717781413,1.968
212,360,옵티팜,153710,2018-10-26,0.8647430117222723,-0.09047707905703806,0.09411764705882364,24.16,0.019902120717781413,1.968
213,358,엘앤씨바이오,290650,2018-11-01,0.7349703640982217,-0.0727976587812188,-0.0825688073394496,19.34,-0.011923438970818934,1.942
214,357,노바텍,285490,2018-11-02,0.5235885537509668,-0.045502009749261885,-0.25233644859813087,19.51,-0.030621713578719567,1.982
215,356,대보마그네틱,290670,2018-11-06,0.4082798001427552,-0.0528778577520127,0.09890109890109877,19.91,-0.001559575795383572,1.984
216,355,셀리버리,268600,2018-11-09,-0.033760186263096514,0.004533846098033756,-0.06451612903225812,17.36,0.022734449005367807,1.96
217,354,노바렉스,194700,2018-11-14,0.15796019900497527,-0.05781073008672877,0.14736842105263182,21.25,-0.020579981290926086,1.922
218,353,디자인,227100,2018-11-15,0.15487804878048794,-0.0465923140555764,0.06000000000000005,19.98,-0.01573811772112066,1.943
219,352,디케이앤디,263020,2018-11-20,-0.06932773109243695,-0.05499937565987367,0.030000000000000027,22.48,-0.03405865657521279,1.94
220,351,파멥신,208340,2018-11-21,-0.020073956682514438,-0.028076653095895132,0.13541666666666674,20.8,-0.016072002571520527,1.946
221,350,디알젬,263690,2018-11-22,-0.08558994197292069,-0.028076653095895132,-0.19354838709677424,,-0.01951375559820856,1.942
222,349,싸이토젠,217330,2018-11-22,-0.08558994197292069,-0.028076653095895132,-0.19354838709677424,,-0.01951375559820856,1.942
223,29,아시아나IDT,267850,2018-11-23,-0.17885816235504015,-0.04729075871566246,0.1071428571428572,21.52,-0.0038999025024374356,1.914
224,348,네오펙트,290660,2018-11-28,-0.1478770131771595,-0.011023955109200845,-0.12,18.49,-0.028580501746586218,1.92
225,347,티앤알바이오팹,246710,2018-11-28,-0.1478770131771595,-0.011023955109200845,-0.12,18.49,-0.028580501746586218,1.92
226,345,티로보틱스,117730,2018-11-29,-0.1096446700507614,-0.0019586989672770727,0.04999999999999982,18.79,-0.023292916400765806,1.889
227,344,남화산업,111710,2018-11-29,-0.1096446700507614,-0.0019586989672770727,0.04999999999999982,18.79,-0.023292916400765806,1.889
228,346,엠아이텍,179290,2018-11-29,-0.1096446700507614,-0.0019586989672770727,0.04999999999999982,18.79,-0.023292916400765806,1.889
229,343,베스파,299910,2018-12-03,-0.05879371515458698,-0.003595246761224913,-0.18000000000000005,16.44,-0.06497969384567326,1.924
230,342,에코캡,128540,2018-12-05,-0.1298701298701299,0.015372079721589271,-0.027027027027027084,,-0.0994748223663886,1.901
231,341,대유에이피,290120,2018-12-07,0.20075997466751128,-0.050522106049598836,-0.27826086956521734,23.23,-0.09227871939736343,1.834
232,339,이노메트리,302430,2018-12-12,-0.01689545934530101,-0.023474946265038765,-0.23584905660377353,21.46,-0.07930924208506551,1.803
233,340,골든브릿지이안5호,307870,2018-12-12,-0.01689545934530101,-0.023474946265038765,-0.23584905660377353,21.46,-0.07930924208506551,1.803
234,338,뉴트리,270870,2018-12-13,-0.05840611353711789,-0.014242731353944715,-0.01041666666666663,20.65,-0.06398713826366553,1.795
235,337,전진바이오팜,110020,2018-12-14,-0.12561983471074378,-0.009256789122816023,0.0439560439560438,21.63,-0.049592169657422525,1.781
236,336,머큐리,100590,2018-12-14,-0.12561983471074378,-0.009256789122816023,0.0439560439560438,21.63,-0.049592169657422525,1.781
237,335,에이비엘바이오,298380,2018-12-19,-0.0491803278688524,-0.03479697244615887,0.5199999999999998,25.58,-0.07895595432300162,1.783
238,334,위지윅스튜디오,299900,2018-12-20,-0.03041825095057027,-0.039368481595119076,-0.043010752688172116,28.38,-0.09885807504078303,1.8
239,333,디케이티,290550,2018-12-21,0.004870129870129913,-0.06365805066513675,0.0888888888888888,30.11,-0.0781352593565332,1.838
240,332,유틸렉스,263050,2018-12-24,0.047699214365881204,-0.0873312428915256,0.01980198019801982,36.07,-0.08859104282445251,1.846
241,331,비피도,238200,2018-12-26,0.11626575028636865,-0.12552230893385374,0.125,30.41,-0.10127409343351845,1.807
242,28,에어부산,298690,2018-12-27,0.23945267958950955,-0.0745958910389738,0.08333333333333348,29.96,-0.07321899736147752,1.81
243,330,웹케시,53580,2019-01-25,-0.35464581416743324,0.07919920609857667,0.15384615384615397,17.42,0.0,1.812
244,329,노랑풍선,104620,2019-01-30,-0.23100303951367773,0.0592303967024046,-0.09756097560975607,17.66,0.02924420812761097,1.827
245,328,이노테라피,246960,2019-02-01,-0.13641425389755013,0.12659398690724832,-0.3555555555555556,16.14,-0.013118440779610219,1.803
246,327,천보,278280,2019-02-11,-0.04012944983818767,0.046865258992220715,0.4057971014492754,15.97,-0.026607538802660757,1.781
247,326,셀리드,299660,2019-02-20,0.057960893854748674,0.06643678747715986,-0.04761904761904756,14.02,-0.04145454545454541,1.802
248,325,에코프로비엠,247540,2019-03-05,-0.11653914067098281,0.031307047519757436,0.1875,14.74,0.007396449704142105,1.836
249,27,드림텍,192650,2019-03-14,-0.06214331008243501,0.030056449529503926,0.2962962962962963,13.5,-0.011299435028248483,1.793
250,324,이지케어텍,99750,2019-03-22,-0.07226428079834812,0.041370742667452554,0.1333333333333333,16.48,-0.04333082140165778,1.8
251,26,현대오토에버,307950,2019-03-28,0.008940852819807388,0.014716184445057623,0.04444444444444429,14.43,-0.1236658078763343,1.679
252,323,아모그린텍,125210,2019-03-29,-0.03679793415106525,0.009719081183832357,0.10810810810810811,13.71,-0.133381660021747,1.69
253,322,컴퍼니케이,307930,2019-05-23,0.2657232704402517,-0.0453078978438578,-0.2989690721649484,16.92,-0.06077348066298338,1.648
254,321,마이크로디지탈,305090,2019-06-05,0.0991787744788375,-0.05482832999586751,0.16666666666666674,16.09,-0.14647887323943654,1.542
255,320,까스텔바쟉,308100,2019-06-10,-0.14786832164058294,-0.022084270569689868,-0.3893129770992366,15.94,-0.13275072825634626,1.533
256,319,압타바이오,293780,2019-06-12,-0.17728531855955687,0.01138789851363331,-0.2222222222222222,15.91,-0.09760201935212443,1.469
257,318,에이에프더블류,312610,2019-07-01,-0.16685912240184764,0.09180667897409944,0.05747126436781613,14.06,-0.03277108433734943,1.479
258,317,펌텍코리아,251970,2019-07-04,-0.17982989064398547,0.07043908302272772,-0.08490566037735858,,-0.07920792079207917,1.416
259,316,아이스크림에듀,289010,2019-07-11,-0.01746138347884485,0.052588832563644994,0.28125,12.93,-0.015289058767319674,1.419
260,315,세틀뱅크,234340,2019-07-12,-0.030555555555555558,0.045796122000876904,-0.14414414414414423,12.39,0.02831094049904026,1.424
261,314,플리토,300080,2019-07-17,-0.12708333333333333,0.03380990483098789,0.14130434782608692,13.97,0.03794972893050752,1.399
262,313,에이스토리,241840,2019-07-19,0.002178649237472907,0.01936328532275544,-0.08571428571428574,14.45,-0.016027197668771476,1.327
263,312,대모,317850,2019-07-24,-0.06334519572953745,0.04650516008049843,-0.098901098901099,12.07,0.013658536585365866,1.321
264,311,윌링스,313760,2019-07-25,-0.013629842180774676,0.05202671741847764,0.24137931034482762,12.74,0.01787487586891756,1.302
265,310,세경하이테크,148150,2019-07-30,0.12453392990305745,0.024986518369536137,0.37142857142857144,13.94,0.044028340080971784,1.301
266,308,슈프리마아이디,317770,2019-08-01,0.16273764258555135,0.0006352258649580111,0.2134831460674158,17.87,0.03028747433264889,1.309
267,309,한국바이오젠,318000,2019-08-01,0.16273764258555135,0.0006352258649580111,0.2134831460674158,17.87,0.03028747433264889,1.309
268,307,덕산테코피아,317330,2019-08-02,0.15653495440729492,-0.006208187374643681,0.0,17.61,-0.06718979892103982,1.26
269,306,코윈테크,282880,2019-08-05,0.10566298342541436,-0.011645546388100114,-0.07633587786259544,24.59,-0.10009765625,1.172
270,305,레이,228670,2019-08-08,0.37822349570200564,-0.04065499428375341,0.27368421052631575,16.91,-0.19692020531964527,1.165
271,304,에스피시스템스,317830,2019-08-14,0.3228527607361964,-0.020628682521530606,0.26785714285714257,22.1,-0.1669114047968674,1.149
272,303,나노브릭,286750,2019-08-19,0.30129672006102215,-0.03756023510901452,0.45679012345678993,16.88,-0.23804878048780476,1.093
273,302,마니커에프앤지,195500,2019-08-20,0.20043891733723473,-0.03012704756318585,0.4814814814814814,17.5,-0.2261790182868142,1.101
274,301,네오크레마,311390,2019-08-22,0.10399999999999987,-0.026501064155760923,-0.11111111111111116,16.68,-0.23619779164666355,1.13
275,300,한독크린텍,256150,2019-09-05,-0.16995841995841987,0.014504930610772737,-0.2727272727272727,16.27,-0.14426992437463637,1.259
276,299,라닉스,317120,2019-09-18,-0.10847044485070079,0.029874588502450283,-0.16666666666666663,13.95,0.13764927718416087,1.309
277,298,올리패스,244460,2019-09-20,-0.06060606060606055,0.02396200696220485,-0.17708333333333326,15.32,0.16568819308545346,1.332
278,297,녹십자웰빙,234690,2019-10-14,0.1049888309754281,-0.01183534998757374,0.1717171717171717,14.57,-0.05914270211611505,1.281
279,296,아톤,158430,2019-10-17,-0.09295967190704035,-0.007173477781892479,0.050000000000000044,13.79,-0.023503077783995407,1.375
280,295,라온피플,300120,2019-10-18,-0.09620596205962062,0.00482652979960041,-0.02941176470588236,14.25,0.016260162601626105,1.375
281,294,팜스빌,318010,2019-10-22,-0.017045454545454586,0.021186914336208007,0.07766990291262132,14.46,0.0914043583535109,1.379
282,293,엔바이오니아,317870,2019-10-24,-0.10006807351940084,0.01109869936945751,0.33333333333333326,13.71,0.041838538597525066,1.396
283,292,케이엔제이,272110,2019-10-25,-0.15492957746478875,0.031005213783063423,-0.010526315789473717,12.65,0.04979253112033177,1.435
284,291,캐리소프트,317530,2019-10-29,-0.08148148148148138,0.052766080979185226,-0.034482758620689724,13.2,0.12844036697247696,1.499
285,25,지누스,13890,2019-10-30,-0.11023102310231025,0.06314499975915999,0.11764705882352944,12.33,0.14740787008119915,1.481
286,290,티라유텍,322180,2019-10-31,-0.06984553391537951,0.05484075932175814,0.38749999999999996,13.22,0.15710560625814862,1.466
287,24,자이에스앤디,317400,2019-11-06,-0.1268705270006506,0.06717572154204099,-0.04807692307692313,12.62,0.170132325141777,1.53
288,289,아이티엠반도체,84850,2019-11-07,-0.1113243761996161,0.05783710655837426,-0.36111111111111116,12.73,0.09580838323353302,1.541
289,288,라파스,214260,2019-11-11,-0.0356643356643358,0.053010091524108516,-0.1578947368421052,12.69,0.13411078717201175,1.5
290,23,한화시스템,272210,2019-11-13,0.028636021100226117,0.04454722324446081,-0.16190476190476188,13.0,0.1048710601719196,1.51
291,287,제테마,216080,2019-11-14,0.03823088455772106,0.03987440100342243,0.08080808080808088,13.05,0.08057142857142852,1.515
292,286,에스제이그룹,306040,2019-11-18,-0.0527456647398844,0.04628694055750393,-0.07207207207207211,12.46,0.01830282861896837,1.518
293,22,현대에너지솔루션,322000,2019-11-19,0.01909854851031323,0.05498817118565169,0.18085106382978733,12.86,0.026583710407239725,1.485
294,285,우양,103840,2019-11-20,0.0226928895612708,0.05552731228498087,-0.11111111111111116,12.78,0.010180995475113086,1.45
295,284,씨에스베어링,297090,2019-11-21,0.06893939393939386,0.0416490351825205,0.13829787234042556,13.13,-0.013551665725578643,1.462
296,283,티움바이오,321550,2019-11-22,0.08196721311475397,0.031916293831681264,-0.020408163265306145,12.34,-0.0127848804891606,1.456
297,21,센트랄모텍,308170,2019-11-25,0.017595307917888547,0.023287277906836712,0.22619047619047628,11.87,-0.040108401084010925,1.475
298,282,노터스,278650,2019-11-27,0.02599277978339365,0.041419801027274605,-0.009009009009009028,11.75,-0.019154929577464674,1.456
299,281,코리아센터,290510,2019-11-29,0.041603630862329766,0.04978309171763318,0.04807692307692313,12.62,0.037339556592765444,1.385
300,280,태웅로직스,124560,2019-12-10,-0.002930402930403031,0.01861349099957388,0.25,15.68,-0.055497925311203344,1.39
301,279,제이엘케이인스펙션,322510,2019-12-11,-0.03754512635379059,0.015329774506902094,-0.01869158878504673,14.99,-0.025912215758857715,1.381
302,278,신테카바이오,226330,2019-12-17,-0.01849112426035504,0.030911331047970725,0.01041666666666674,12.29,0.048712206047032414,1.363
303,277,메드팩토,235980,2019-12-19,-0.10399449035812669,0.03530189757119495,-0.03124999999999989,12.5,0.08220720720720709,1.383
304,276,브릿지바이오,288330,2019-12-20,-0.04899135446685887,0.04479195404001146,-0.2524271844660194,12.51,0.0852625635234332,1.392
305,275,메탈라이프,327260,2019-12-24,-0.01688951442646025,0.036276919839767885,-0.10909090909090913,12.67,0.10740953475014359,1.37
306,274,천랩,311690,2019-12-26,-0.002888086642599208,0.03526279772525043,-0.22857142857142854,12.65,0.07255343082114729,1.367
307,273,피피아이,62970,2019-12-26,-0.002888086642599208,0.03526279772525043,-0.22857142857142854,12.65,0.07255343082114729,1.367
308,272,서남,294630,2020-02-20,0.26231783483691884,0.04618721237842105,-0.13888888888888895,15.56,-0.0941652224147892,1.234
309,271,레몬,294140,2020-02-28,0.3913945049248315,-0.07876704560252645,0.18018018018018012,40.11,-0.15348837209302313,1.104
310,270,켄코아에어로스페이스,274090,2020-03-03,0.7759651984774332,-0.03463998697551651,0.5119047619047621,36.82,-0.28134747348721156,1.11
311,269,제이앤티씨,204270,2020-03-04,0.6176631925397695,-0.08279281677605244,0.21999999999999997,31.99,-0.39417828987265013,1.029
312,268,서울바이오시스,92190,2020-03-06,0.3496862521391899,-0.0870818481593637,0.09677419354838701,41.94,-0.42035398230088494,1.078
313,267,플레이디,237820,2020-03-12,1.2541966426858515,-0.18238921025529398,0.11363636363636354,75.47,-0.458307597282273,1.062
314,266,엔피디,198080,2020-03-16,2.1386946386946386,-0.1907579414109447,-0.38888888888888884,82.69,-0.3770595690747782,1.099
315,265,드림씨아이에스,223250,2020-05-22,-0.35477689570216264,0.07532096594474313,-0.3987341772151899,28.16,0.12396694214876036,0.837
316,264,에스씨엠생명과학,298060,2020-06-17,0.44466800804828965,0.0773829939837598,0.03749999999999987,33.47,0.07391304347826089,0.874
317,263,엘이티,297890,2020-06-22,0.34705184012663226,0.06665497183815483,0.268041237113402,31.77,0.053110773899848196,0.846
318,262,마크로밀엠브레인,169330,2020-07-01,0.20707070707070718,0.038816778110596806,0.6307692307692307,28.62,-0.11796246648793562,0.847
319,20,에스케이바이오팜,326030,2020-07-02,0.16387699493966523,0.05603483602291104,0.037735849056603765,27.68,-0.18060606060606055,0.831
320,261,위더스제약,330350,2020-07-03,0.07858546168958735,0.05603483602291104,0.5000000000000002,,-0.18060606060606055,0.838
321,260,신도기연,290520,2020-07-06,-0.09562043795620434,0.040100529194244006,-0.018867924528301883,27.94,-0.2508398656215005,0.854
322,259,에이프로,262260,2020-07-16,-0.36648793565683646,0.06457373553993784,-0.2952380952380953,28.0,-0.1364256480218281,0.829
323,258,솔트룩스,304100,2020-07-23,-0.3713768115942029,0.08042651071894236,-0.31092436974789917,26.08,-0.11634756995581752,0.798
324,257,더네이쳐홀딩스,298540,2020-07-27,-0.3299583085169744,0.06210375269994883,-0.03418803418803418,24.74,-0.08281250000000007,0.803
325,256,엠투아이,347890,2020-07-29,-0.23344481605351164,0.03413144236314314,-0.4,24.1,-0.12006079027355632,0.811
326,255,와이팜,332570,2020-07-31,-0.07546408393866022,0.0372446583452386,-0.21153846153846156,24.46,-0.18535127055306422,0.796
327,254,이루다,164060,2020-08-06,-0.07698887938408905,0.04272478875826602,-0.034482758620689724,22.65,-0.10440456769983675,0.807
328,253,한국파마,32300,2020-08-10,-0.06601777401608122,0.05968147275150315,0.12345679012345667,22.13,-0.08414239482200658,0.83
329,252,영림원소프트랩,60850,2020-08-12,-0.02750740584003375,0.022020785097552675,-0.16216216216216217,22.28,0.01579778830963674,0.827
330,251,브랜드엑스코퍼레이션,337930,2020-08-13,-0.026405451448040962,0.05140527889358171,0.010526315789473717,22.13,0.08899676375404542,0.815
331,250,셀레믹스,331920,2020-08-21,0.34190476190476193,0.08701677815161402,0.07438016528925617,22.54,0.11073253833049423,0.854
332,249,아이디피,332370,2020-08-24,0.19511111111111124,0.07360577395417978,-0.18584070796460161,22.37,0.034146341463414664,0.824
333,248,피엔케이,347740,2020-09-09,0.03872932985204525,0.006016062153266111,0.8225806451612903,28.81,0.013372956909361022,0.915
334,247,카카오게임즈,293490,2020-09-10,0.0818022747156606,0.011743235997869528,0.27083333333333326,29.71,-0.02649930264993028,0.915
335,246,이오플로우,294090,2020-09-14,-0.03985828166519034,-0.015041790579968795,0.032786885245901676,25.85,-0.03323699421965309,0.919
336,245,압타머사이언스,291650,2020-09-16,-0.13986874487284662,-0.0018303295324871849,-0.0964912280701753,26.04,-0.007299270072992692,0.91
337,244,핌스,347770,2020-09-18,-0.17032354034957242,-0.03148437549440597,0.5108695652173911,25.83,0.08333333333333326,0.907
338,243,비비씨,318410,2020-09-21,-0.18343419062027233,-0.045838817889539585,0.1276595744680853,27.78,0.06574923547400591,0.904
339,242,박셀바이오,323990,2020-09-22,-0.0535931790499391,-0.05280621459176493,-0.060869565217391175,26.86,-0.02761627906976727,0.897
340,241,원방테크,53080,2020-09-24,-0.09478324761204993,-0.08847527350517004,-0.16279069767441856,28.51,-0.10212201591511927,0.857
341,240,넥스틴,348210,2020-10-08,-0.16634429400386852,0.040753340738316046,-0.28260869565217384,26.36,0.14956011730205265,0.907
342,19,빅히트,352820,2020-10-15,-0.032749077490774936,0.0786826895182986,0.04761904761904767,26.97,0.055152394775036306,0.877
343,239,피플바이오,304840,2020-10-19,0.050548402479733134,0.08282552619974948,0.17475728155339798,29.18,0.11958146487294452,0.891
344,238,바이브컴퍼니,301300,2020-10-28,-0.13340683572216105,0.023625664923269785,-0.008620689655172376,40.28,0.12390670553935856,0.914
345,237,센코,347000,2020-10-29,-0.10868733256792962,-0.028397066271345972,-0.1504424778761061,37.59,0.13991163475699553,0.927
346,236,위드텍,348350,2020-10-30,0.035585765693722404,0.009983757788237568,0.24778761061946897,38.02,0.1803977272727273,0.935
347,235,소룩스,290690,2020-11-06,0.05523809523809531,0.026855859898485823,0.0,24.86,-0.016688061617458283,0.943
348,18,교촌에프앤비,339770,2020-11-12,-0.03679552864462032,0.0061943294220101475,-0.28431372549019607,25.35,0.3220568335588634,0.969
349,234,네패스아크,330860,2020-11-17,-0.07574391343552744,0.03539617019955932,-0.05747126436781613,22.71,0.15903307888040707,0.96
350,233,고바이오랩,348150,2020-11-18,-0.09872029250457037,0.03610453556420179,-0.00917431192660556,23.84,0.049939098660170655,0.949
351,232,티앤엘,340570,2020-11-20,-0.11369863013698622,0.03086430871614998,0.09433962264150941,23.7,0.0011890606420927874,0.963
352,17,에이플러스에셋,244920,2020-11-20,-0.11369863013698622,0.03086430871614998,0.09433962264150941,23.7,0.0011890606420927874,0.963
353,231,하나기술,299030,2020-11-25,-0.14942035208243887,0.09376938672482282,-0.01041666666666663,21.25,0.14341085271317833,0.971
354,230,제일전기공업,199820,2020-11-26,-0.1961389961389961,0.09376938672482282,-0.14184397163120566,,0.06137184115523464,0.981
355,229,엔에프씨,265740,2020-12-02,-0.1834343434343434,0.10703216821496997,-0.42753623188405787,21.17,0.20492866407263288,0.982
356,228,앱코,129890,2020-12-02,-0.1834343434343434,0.10703216821496997,-0.42753623188405787,21.17,0.20492866407263288,0.982
357,227,포인트모바일,318020,2020-12-03,-0.08935018050541521,0.06544769427546249,-0.3271028037383178,21.28,0.2245430809399478,0.975
358,226,클리노믹스,352770,2020-12-04,-0.07911683532658687,0.040892513266742814,-0.03157894736842093,20.79,0.11097560975609766,0.966
359,16,명신산업,9900,2020-12-07,-0.02641334569045395,0.04783429808231299,-0.02985074626865669,21.3,0.05303030303030298,0.961
360,225,퀀타매트릭스,317690,2020-12-09,0.0009671179883945502,0.08905328162014303,0.34246575342465757,22.27,-0.057318321392016314,0.966
361,224,엔젠바이오,354200,2020-12-10,0.015113350125944391,0.04687768242476942,-0.231578947368421,22.52,0.06228765571913919,0.973
362,223,인바이오,352940,2020-12-11,0.013151239251391056,0.05945722573144674,0.02020202020202011,23.31,0.008908685968819663,0.98
363,222,티엘비,356860,2020-12-14,-0.03170731707317065,0.046374725474942924,0.3170731707317074,24.72,-0.016465422612513714,0.986
364,221,알체라,347860,2020-12-21,-0.011116725618999457,0.07597403811643133,0.5316455696202531,25.16,0.10011641443538988,0.959
365,220,프리시젼바이오,335810,2020-12-22,0.03685007571933374,0.07254578729738737,0.16842105263157903,24.23,0.059887005649717384,0.945
366,219,석경에이티,357550,2020-12-23,0.09750240153698364,0.06406441254769613,0.23140495867768607,23.31,0.04421768707482987,0.932
367,218,엔비티,236810,2021-01-21,0.6222005842259009,0.056090199979460964,0.8468468468468466,21.32,0.16938110749185653,0.971
368,217,선진뷰티사이언스,86710,2021-01-27,0.29602420051858247,0.05633118797886838,-0.08064516129032262,37.21,0.09893617021276602,0.982
369,216,씨앤투스성진,352700,2021-01-28,0.3596856218215443,0.03271382838252479,0.09999999999999987,30.21,0.09395248380129573,0.977
370,215,모비릭스,348030,2021-01-28,0.3596856218215443,0.03271382838252479,0.09999999999999987,30.21,0.09395248380129573,0.977
371,214,핑거,163730,2021-01-29,0.4979628791308286,0.03629838043900535,0.3974358974358976,33.09,0.14847161572052392,0.971
372,15,솔루엠,248070,2021-02-02,0.30282227307398935,0.055513818007903115,0.009803921568627416,25.56,0.12984293193717278,0.98
373,213,와이더플래닛,321820,2021-02-03,0.2101449275362317,0.061925484978419876,-0.3306451612903226,22.91,0.05389797882579406,0.978
374,212,레인보우로보틱스,277810,2021-02-03,0.2101449275362317,0.061925484978419876,-0.3306451612903226,22.91,0.05389797882579406,0.978
375,211,아이퀘스트,262840,2021-02-05,0.09869773817683347,0.05435322955511879,0.3163265306122449,20.87,0.015192135835567333,0.982
376,210,오로스테크놀로지,322310,2021-02-24,-0.06247842595788744,-0.01180527460414671,-0.32558139534883723,21.34,0.3257650542941759,1.006
377,209,유일에너테크,340930,2021-02-25,-0.03534511503834603,0.024668826339710348,-0.04385964912280682,28.89,0.30418250950570336,0.995
378,208,뷰노,338220,2021-02-26,-0.05066303978238684,-0.01632509966133744,-0.24242424242424243,27.95,0.4285714285714286,1.02
379,207,나노씨엠에스,247660,2021-03-09,-0.08047411104179669,-0.09854982876553331,0.015503875968992276,24.03,0.38189655172413794,1.206
380,206,싸이버원,356890,2021-03-11,0.05561653860226867,-0.06467691804042686,0.16379310344827602,21.91,0.3055793991416307,1.179
381,205,프레스티지바이오로직스,334970,2021-03-11,0.05561653860226867,-0.06467691804042686,0.16379310344827602,21.91,0.3055793991416307,1.179
382,204,바이오다인,314930,2021-03-17,-0.03189792663476865,-0.03536717391124966,-0.16541353383458646,19.23,0.2644305772230888,1.177
383,14,SK바이오사이언스,302440,2021-03-18,-0.04104769351055504,-0.024533091648906713,-0.09722222222222221,21.58,0.26908249807247486,1.133
384,203,라이프시맨틱스,347700,2021-03-23,-0.1425470332850941,-0.006510126472573097,0.08737864077669921,20.3,0.26209977661950856,1.132
385,202,제노코,361390,2021-03-24,-0.14617083946980847,-0.02722976581766534,0.24137931034482762,21.2,0.18221574344023317,1.115
386,201,자이언트스텝,289220,2021-03-24,-0.14617083946980847,-0.02722976581766534,0.24137931034482762,21.2,0.18221574344023317,1.115
387,200,엔시스,333620,2021-04-01,-0.30711864406779654,0.04113660832094479,0.028037383177570208,17.33,0.12010276172125889,1.138
388,199,이삭엔지니어링,351330,2021-04-21,-0.2091589608102158,0.04222724492466501,-0.18947368421052624,17.5,-0.029739776951672847,1.11
389,198,해성티피씨,59270,2021-04-21,-0.2091589608102158,0.04222724492466501,-0.18947368421052624,17.5,-0.029739776951672847,1.11
390,197,쿠콘,294570,2021-04-28,-0.11448140900195691,0.08009190267844124,0.06363636363636349,17.28,-0.06823394495412849,1.105
391,13,SK아이이테크놀로지,361610,2021-05-11,0.048367593712212775,-0.042457489900576406,-0.47580645161290325,21.84,-0.00987654320987652,1.128
392,196,에이치피오,357230,2021-05-14,0.24431818181818166,-0.06599254072178262,0.37634408602150526,18.81,0.04339622641509422,1.116
393,195,씨앤씨인터내셔널,352480,2021-05-17,0.09710391822827935,-0.03483989162819068,-0.09420289855072461,19.72,0.01552795031055898,1.107
394,194,샘씨엔에스,252990,2021-05-20,0.015033407572383028,-0.03753470305268136,0.18181818181818188,20.67,0.08690012970168604,1.103
395,193,삼영에스앤씨,361670,2021-05-21,0.008970976253298346,-0.034320886898285385,-0.16546762589928055,20.15,0.04425914047466328,1.095
396,192,진시스템,363250,2021-05-26,0.034313725490195957,-0.028030709769878315,0.15151515151515138,17.36,-0.03165735567970196,1.161
397,191,제주맥주,276730,2021-05-26,0.034313725490195957,-0.028030709769878315,0.15151515151515138,17.36,-0.03165735567970196,1.161
398,190,에이디엠코리아,187660,2021-06-03,-0.015393724097098938,0.012804062696508911,-0.1071428571428572,18.04,0.012101910828025364,1.191
399,189,엘비루셈,376190,2021-06-11,-0.29497716894977166,0.06821641980388371,-0.171875,15.65,-0.12110091743119267,1.276
400,188,이노뎁,303530,2021-06-18,-0.25435540069686413,0.04621907366478695,-0.10447761194029859,20.7,-0.06900800985828714,1.313
401,187,아모센스,357580,2021-06-25,-0.14269208549971113,0.04611362573351774,-0.45138888888888884,15.62,-0.051865907653383836,1.441
402,186,오비고,352910,2021-07-13,-0.04954640614096306,0.039445116233148836,0.31132075471698095,17.12,-0.08126259234385491,1.424
403,12,에스디바이오센서,137310,2021-07-16,-0.10807113543091651,0.026959314187452676,0.028571428571428692,18.45,-0.09840609840609849,1.451
404,185,큐라클,365270,2021-07-22,0.08625336927223737,0.0252400875528902,0.5822784810126582,17.69,-0.13809206137424956,1.397
405,184,맥스트,377030,2021-07-27,0.10537190082644643,0.023461257625506438,0.15596330275229353,19.36,-0.12203389830508482,1.38
406,183,HK이노엔,195940,2021-08-09,0.04111600587371522,0.00695838319467601,-0.3237410071942446,16.72,-0.046052631578947456,1.436
407,11,크래프톤,259960,2021-08-10,0.13784860557768908,0.012435866233166726,-0.24347826086956514,16.79,-0.06558533145275036,1.432
408,182,원티드랩,376980,2021-08-11,0.11950655358519646,0.009773993528725988,0.10526315789473695,16.06,0.003706449221645647,1.419
409,181,플래티어,367000,2021-08-12,0.1595092024539877,0.015265611145189428,-0.0092592592592593,15.59,0.02613374327440443,1.413
410,10,한컴라이프케어,372910,2021-08-17,0.013114754098360715,0.02033811475064784,-0.07643312101910837,17.91,0.03764320785597386,1.402
411,180,딥노이드,315640,2021-08-17,0.013114754098360715,0.02033811475064784,-0.07643312101910837,17.91,0.03764320785597386,1.402
412,9,롯데렌탈,89860,2021-08-19,-0.03970223325062039,-0.010806522298618781,-0.11199999999999988,21.67,-0.013312451057165164,1.36
413,179,브레인즈컴퍼니,99390,2021-08-19,-0.03970223325062039,-0.010806522298618781,-0.11199999999999988,21.67,-0.013312451057165164,1.36
414,8,아주스틸,139990,2021-08-20,0.2205479452054795,-0.019896231691827082,0.46739130434782616,18.56,-0.02966432474629177,1.364
415,178,바이젠셀,308080,2021-08-25,-0.008253968253968291,0.01742376503302734,-0.27611940298507465,16.79,0.047657512116316525,1.435
416,7,일진하이솔루스,271940,2021-09-01,-0.0013531799729363803,0.03238787459458092,-0.255639097744361,16.11,0.10762711864406782,1.417
417,177,와이엠텍,273640,2021-09-10,0.13697657913413774,0.029156497065288667,-0.06956521739130417,20.95,0.010911925175370207,1.501
418,6,현대중공업,329180,2021-09-17,-0.18393234672304448,0.04402001961883428,-0.22368421052631582,20.81,0.06454183266932279,1.535
419,176,바이오플러스,99430,2021-09-27,0.05490956072351416,-0.005406642961598207,0.0,18.76,0.1351562500000001,1.566
420,175,프롬바이오,377220,2021-09-28,-0.014241486068111375,-0.019384387591540597,-0.1384615384615384,23.25,0.1407804131599084,1.609
421,174,실리콘투,257720,2021-09-29,0.017316017316017174,-0.046696987263480594,-0.18103448275862066,22.56,0.19014626635873766,1.603
422,173,원준,382840,2021-10-07,0.49384404924760616,-0.048945934369517774,0.38372093023255816,19.54,0.17810331534309953,1.704
423,172,아스플로,159010,2021-10-07,0.49384404924760616,-0.048945934369517774,0.38372093023255816,19.54,0.17810331534309953,1.704
424,171,씨유테크,376290,2021-10-08,0.4424157303370786,-0.030529655073676887,0.11494252873563227,18.77,0.17349218168279967,1.701
425,5,케이카,381970,2021-10-13,0.5207060420909706,-0.045879956641394326,0.1132075471698113,18.64,0.20552147239263796,1.824
426,170,지아이텍,382480,2021-10-21,0.14831606217616589,0.0046132304589732165,0.20338983050847448,15.01,0.15679442508710784,1.836
427,169,차백신연구소,261780,2021-10-22,0.1421188630490955,0.011164496754948239,0.037735849056603765,15.43,0.16724019270474866,1.889
428,168,아이패밀리에스씨,114840,2021-10-28,0.026139817629179385,0.05448699881706043,0.0736842105263158,16.53,0.03887399463806984,2.017
429,166,리파인,377450,2021-10-29,-0.04364857302742031,0.06050923751136428,-0.34328358208955223,16.26,0.07713310580204769,2.103
430,167,지앤비에스엔지니어링,382800,2021-10-29,-0.04364857302742031,0.06050923751136428,-0.34328358208955223,16.26,0.07713310580204769,2.103
431,165,엔켐,348370,2021-11-01,0.06916426512968288,0.08718816474913837,0.06730769230769229,16.41,0.05401755570560418,2.108
432,4,카카오페이,377300,2021-11-03,-0.1856738925541941,0.07914057119091811,-0.0267857142857143,15.1,0.012434554973821843,2.036
433,164,피코그램,376180,2021-11-03,-0.1856738925541941,0.07914057119091811,-0.0267857142857143,15.1,0.012434554973821843,2.036
434,163,지니너스,389030,2021-11-08,-0.11968734733756714,0.1025382521579501,0.09565217391304359,17.22,-0.10626535626535616,1.906
435,162,디어유,376300,2021-11-10,-0.1236611489776046,0.09023695495832507,-0.02752293577981657,18.73,-0.06679636835278857,1.877
436,161,비트나인,357880,2021-11-10,-0.1236611489776046,0.09023695495832507,-0.02752293577981657,18.73,-0.06679636835278857,1.877
437,159,지오엘리먼트,311320,2021-11-11,-0.0010982976386600951,0.05392006372934732,-0.0357142857142857,17.66,0.03562005277044866,1.913
438,160,아이티아이즈,372800,2021-11-11,-0.0010982976386600951,0.05392006372934732,-0.0357142857142857,17.66,0.03562005277044866,1.913
439,158,트윔,290090,2021-11-17,-0.0992667794698251,0.056354894540382006,-0.31690140845070425,17.11,-0.012048192771084376,1.974
440,157,알비더블유,361570,2021-11-22,-0.04580152671755733,0.054557450091395454,-0.2018348623853211,19.17,-0.052051439069197736,2.018
441,156,마인즈랩,377480,2021-11-23,0.003724394785847407,0.04063150363682877,-0.11650485436893199,19.38,0.013664596273291751,2.031
442,155,케이티비네트워크,298870,2021-12-16,0.10095579450418168,-0.02235899018676024,0.030927835051546504,20.57,-0.08128544423440454,1.766
443,154,오토앤,353590,2022-01-20,0.07692307692307687,-0.06523852531459762,0.0181818181818183,25.59,0.2759807295251204,2.119
444,153,케이옥션,102370,2022-01-24,0.17333333333333334,-0.12038622872932403,0.5499999999999998,29.9,0.19837508463100884,2.112
445,3,LG에너지솔루션,373220,2022-01-27,0.5003021148036253,-0.14106739903084675,0.04950495049504955,30.49,0.2428666224286664,2.217
446,151,스코넥,276040,2022-02-04,0.4325000000000001,-0.07970633047722364,0.23584905660377364,23.22,0.04022662889518425,2.194
447,152,이지트로닉스,377330,2022-02-04,0.4325000000000001,-0.07970633047722364,0.23584905660377364,23.22,0.04022662889518425,2.194
448,150,아셈스,136410,2022-02-07,0.2677925211097709,-0.05609910370893534,0.044642857142856984,22.86,0.09173789173789171,2.237
449,149,나래나노텍,137080,2022-02-08,0.2323059360730595,-0.062047159166139565,-0.058252427184466105,21.44,0.0990836197021765,2.303
450,148,바이오에프디엔씨,251120,2022-02-21,0.26226012793176956,-0.0037911612246047666,-0.0625,,0.08502252252252251,2.363
451,147,퓨런티어,370090,2022-02-23,0.30888429752066116,-0.011652790313030681,-0.16129032258064513,31.02,0.03790710090763483,2.317
452,146,브이씨,365900,2022-02-24,0.12057728119180622,-0.037263728164102616,0.11403508771929838,30.32,0.10815307820299513,2.226
453,145,스톤브릿지벤처스,330730,2022-02-25,0.03160700685453155,0.009047521777380219,-0.3836477987421384,27.59,0.10798650168728896,2.244
454,144,풍원정밀,371950,2022-02-28,-0.03987112364075707,-0.0055153994053214195,0.141509433962264,30.15,0.10426008968609857,2.242
455,142,비씨엔씨,146320,2022-03-03,0.038381309970796806,-0.04616112185866139,0.1339285714285714,30.48,0.02287581699346397,2.195
456,143,노을,376930,2022-03-03,0.038381309970796806,-0.04616112185866139,0.1339285714285714,30.48,0.02287581699346397,2.195
457,141,모아데이타,288980,2022-03-10,0.3746438746438747,-0.08521661645035139,-0.1652892561983471,30.23,-0.04503181595692618,2.267
458,140,유일로보틱스,388720,2022-03-18,0.027803099361896066,-0.0074317661333849205,0.31521739130434767,23.87,0.1245459263103268,2.231
459,139,공구우먼,366030,2022-03-23,-0.11601513240857497,0.08217303015117916,0.36144578313252995,23.57,0.19169169169169153,2.426
460,138,세아메카닉스,396300,2022-03-24,-0.22612470402525653,0.033325176944827506,0.1730769230769229,21.67,0.1624365482233503,2.455
461,137,지투파워,388050,2022-04-01,-0.24593048834139897,0.06813258423719049,0.10399999999999987,19.63,0.3500287852619459,2.784
462,136,포바이포,389140,2022-04-28,0.2823803967327887,-0.1352515849066096,-0.31159420289855067,29.99,0.19847328244274798,2.925
463,135,대명에너지,389260,2022-05-16,0.10804727068092301,-0.11456038625474896,-0.2090909090909091,27.47,0.024851242562128117,3.046
464,134,가온칩스,399720,2022-05-20,0.21765056648777592,-0.11299612631606493,0.04081632653061229,29.43,-0.023407917383820864,3.011
465,133,청담글로벌,362320,2022-06-03,-0.1024987251402345,-6.413857102594012e-05,0.15454545454545454,24.79,-0.07288351368555068,3.121
466,132,범한퓨얼셀,382900,2022-06-17,0.2891304347826087,-0.06518860171444874,-0.14634146341463405,31.13,0.14598278335724535,3.745
467,131,위니아에이드,377460,2022-06-23,0.24405628335759344,-0.018764352766676318,0.17647058823529416,29.05,0.15244347191830787,3.608
468,129,보로노이,310210,2022-06-24,0.30316742081447967,-0.017713546660080404,0.18947368421052624,27.23,0.1261392635800218,3.523
469,130,레이저쎌,412350,2022-06-24,0.30316742081447967,-0.017713546660080404,0.18947368421052624,27.23,0.1261392635800218,3.523
470,128,넥스트칩,396270,2022-07-01,0.3579545454545452,-0.10458476689723673,-0.3307086614173229,26.7,0.025841550493029608,3.439
471,127,코난테크놀로지,402030,2022-07-07,0.4511764705882353,-0.0668061981629583,-0.26126126126126137,26.08,-0.03676953381483905,3.262
472,126,영창케미칼,112290,2022-07-14,-0.01770657672849907,0.038716007875017056,-0.02857142857142858,26.4,-0.08137715179968696,3.26
473,125,HPSP,403870,2022-07-15,-0.09577355564172152,0.013698349307071478,-0.21599999999999997,24.23,-0.08449396471680581,3.205
474,124,루닛,328130,2022-07-21,-0.21643518518518534,0.07641040384494069,-0.09734513274336276,23.11,-0.019100032372936226,3.294
475,123,에이프릴바이오,397030,2022-07-28,-0.18870292887029283,0.07644826530891269,0.6000000000000001,22.33,-0.07689758037785877,3.13
476,122,성일하이텍,365340,2022-07-28,-0.18870292887029283,0.07644826530891269,0.6000000000000001,22.33,-0.07689758037785877,3.13
477,121,아이씨에이치,368600,2022-07-29,-0.23436196830692246,0.10280862412925029,0.26315789473684204,21.33,-0.07545863620629978,3.009
478,2,수산인더스트리,126720,2022-08-01,-0.26090569173244704,0.11348471309754049,0.2142857142857142,22.84,-0.09345156889495221,3.081
479,120,새빗켐,107600,2022-08-04,-0.21822033898305093,0.09007650419797475,0.2530120481927711,21.44,-0.09799999999999998,3.114
480,119,에이치와이티씨,148930,2022-08-09,-0.2648949849978568,0.12248224633648097,0.38297872340425543,21.77,-0.07438572871087179,3.134
481,118,대성하이텍,129920,2022-08-22,-0.20192795535261288,0.0782971780423678,-0.02970297029702973,23.8,0.06020662629141427,3.245
482,1,쏘카,403550,2022-08-22,-0.20192795535261288,0.0782971780423678,-0.02970297029702973,23.8,0.06020662629141427,3.245
483,117,오픈엣지테크놀로지,394280,2022-09-26,0.25571340333539205,-0.10490946312632454,-0.25,32.26,0.18400770712909442,4.548
484,116,알피바이오,314140,2022-09-29,0.5220377790497996,-0.06470443410211535,0.329896907216495,31.84,0.14667075790119677,4.303
485,115,더블유씨피,393890,2022-09-30,0.4997111496244946,-0.08889338748106246,-0.03124999999999989,31.62,0.18372456964006267,4.186
486,114,모델솔루션,417970,2022-10-07,0.2639264467279612,-0.08578050238631685,-0.03809523809523818,31.36,0.15475113122171935,4.276
487,113,이노룰스,296640,2022-10-07,0.2639264467279612,-0.08578050238631685,-0.03809523809523818,31.36,0.15475113122171935,4.276
488,112,오에스피,368970,2022-10-14,0.45328350240256254,-0.06981324663090038,-0.2542372881355932,32.02,0.1432706222865412,4.207
489,111,에스비비테크,389500,2022-10-17,0.3017944535073409,-0.10521264220876303,-0.12962962962962976,31.37,0.15140240412135064,4.239
490,110,탑머티리얼,360070,2022-10-18,0.27548353371667544,-0.06557958282970422,-0.04854368932038844,30.5,0.12412440459512464,4.242
491,109,샤페론,378800,2022-10-19,0.16395112016293267,-0.03990930830172834,0.03703703703703698,30.76,0.1338426711941143,4.331
492,108,핀텔,291810,2022-10-20,0.20383817427385886,-0.03490615811478104,-0.05405405405405406,29.98,0.11536388140161713,4.35
493,107,플라즈맵,405000,2022-10-21,0.15576923076923066,-0.02328776970659807,0.00952380952380949,29.69,0.1480878763222131,4.495
494,106,산돌,419120,2022-10-27,-0.008467400508043954,0.02174437777905114,0.2021276595744681,27.39,0.05949233209941829,4.254
495,105,저스템,417840,2022-10-28,-0.1681083113952614,0.02052360072339887,-0.20155038759689925,25.75,0.025594149908592323,4.112
496,104,큐알티,405100,2022-11-02,-0.1552621048419367,-0.023123003988978152,-0.06306306306306309,25.86,0.07802929427430105,4.095
497,102,뉴로메카,348340,2022-11-04,-0.09242618741976893,-0.029050725619537365,-0.15841584158415845,24.55,0.06712962962962976,4.118
498,103,제이아이테크,417500,2022-11-04,-0.09242618741976893,-0.029050725619537365,-0.15841584158415845,24.55,0.06712962962962976,4.118
499,101,디티앤씨알오,383930,2022-11-11,-0.11403508771929827,0.07680755878715528,-0.031914893617021156,22.52,0.037721518987341884,3.834
500,100,윤성에프앤씨,372170,2022-11-14,-0.1815573770491803,0.060654029232843465,0.05102040816326525,23.73,-0.05269699229430769,3.85
501,98,티쓰리,204610,2022-11-17,-0.1734608985024958,0.05358727224084503,0.18867924528301883,23.93,-0.10826486225229581,3.804
502,99,티에프이,425420,2022-11-17,-0.1734608985024958,0.05358727224084503,0.18867924528301883,23.93,-0.10826486225229581,3.804
503,97,엔젯,419080,2022-11-18,-0.16081871345029242,0.026265892818330583,0.4390243902439024,23.12,-0.10961493030947311,3.787
504,96,인벤티지랩,389470,2022-11-22,-0.18241848947585648,-0.015591434839110407,-0.32800000000000007,21.29,-0.09583235224864606,3.844
505,95,펨트론,168360,2022-11-24,-0.189873417721519,0.018541619081715366,-0.15533980582524276,20.42,-0.07936111804342394,3.689
506,94,SAMG엔터,419530,2022-12-06,-0.10055027513756865,0.06393294995002807,-0.11578947368421055,22.17,-0.15054528212422946,3.633
507,0,바이오노트,377740,2022-12-22,0.045697329376854556,-0.05103534320373326,-0.16799999999999993,21.97,0.0032777929527452176,3.567
508,92,한주라이트메탈,198940,2023-01-19,-0.04653802497162318,0.03897006565803651,-0.125,20.52,-0.08491589799240362,3.248
509,93,티이엠씨,425040,2023-01-19,-0.04653802497162318,0.03897006565803651,-0.125,20.52,-0.08491589799240362,3.248
510,91,미래반도체,254490,2023-01-27,-0.0327677004095962,0.1271989840902188,-0.0505050505050505,18.51,-0.09615880381541642,3.304
511,90,오브젠,417860,2023-01-30,-0.03822019395322318,0.10914395030403834,-0.2637362637362637,19.94,-0.09590100541376645,3.271
512,89,삼기이브이,419050,2023-02-03,-0.05998899284534964,0.18394331767268746,0.03409090909090917,18.33,-0.04438202247191014,3.11
513,88,스튜디오미르,408900,2023-02-07,-0.010710259301014546,0.11769847246868159,-0.08333333333333326,18.66,0.00802213001383123,3.315
514,87,꿈비,407400,2023-02-09,-0.039517014270032846,0.08954255080609941,0.26086956521739135,20.71,0.04965156794425085,3.401
515,86,샌즈랩,411080,2023-02-15,0.09715639810426535,0.09155240767851769,-0.08080808080808077,18.23,0.11265935369107605,3.502
516,85,제이오,418550,2023-02-16,0.07893175074183967,0.1122641037427008,-0.15053763440860213,20.17,0.11885848779052655,3.504
517,84,바이오인프라,199730,2023-03-02,0.05644241733181321,-0.03696919448670366,0.011111111111111072,19.59,0.1740152851263963,3.878
518,83,나노팀,417010,2023-03-03,0.07201405152224827,-0.06047460948130412,-0.04395604395604402,18.49,0.15430520034100592,3.791
519,82,자람테크놀로지,389020,2023-03-07,-0.021082621082621156,-0.017809535052435543,0.1298701298701299,19.59,0.07746670290839908,3.726
520,81,금양그린파워,282720,2023-03-13,0.0017113519680547196,-0.0494303235465573,-0.07339449541284415,26.52,0.0,3.435
521,80,LB인베스트먼트,309960,2023-03-29,-0.09282245008094991,0.029579523450069534,0.3296703296703296,19.12,-0.10565848773159747,3.249
522,79,지아이이노베이션,358570,2023-03-30,-0.11796832332058982,0.04041355273071634,0.33333333333333326,19.02,-0.12210733628754322,3.24
523,78,마이크로투나노,424980,2023-04-26,-0.06996904024767792,0.007091115592502417,-0.1293103448275862,18.84,-0.046550757150869315,3.259
524,77,에스바이오메딕스,304360,2023-05-04,-0.017578125,0.0023730981046881094,-0.017699115044247593,20.09,0.01846805933999396,3.21
525,76,트루엔,417790,2023-05-17,-0.12265978050355075,0.015284676589388146,0.47499999999999987,16.87,-0.01392369813422456,3.274
526,75,모니터랩,434480,2023-05-19,-0.08882907133243612,0.05105669306892735,-0.1717171717171717,16.81,0.023262331838564965,3.34
527,74,씨유박스,340810,2023-05-19,-0.08882907133243612,0.05105669306892735,-0.1717171717171717,16.81,0.023262331838564965,3.34
528,73,기가비스,420770,2023-05-24,-0.020188425302826274,0.05954779586277259,-0.09411764705882353,20.03,0.07343976777939054,3.378
529,72,진영,285800,2023-06-01,0.041520056298381514,0.07567026892615503,-0.13265306122448983,15.65,0.0614264919941776,3.478
530,71,나라셀라,405920,2023-06-02,-0.049039098740887965,0.09481381544059642,-0.1351351351351352,14.6,0.026803535785571597,3.436
531,70,마녀공장,439090,2023-06-08,-0.047255038220986756,0.06488147125072263,0.05617977528089879,13.65,0.09529309846953504,3.543
532,69,큐라티스,348080,2023-06-15,-0.0029433406916850036,0.09006870311542037,-0.30508474576271183,14.5,0.02933188484519289,3.626
