"시점",선행종합지수(2020=100),선행종합지수(2020=100),선행종합지수(2020=100),선행종합지수 전월비(%),선행종합지수 전월비(%),선행종합지수 전월비(%),재고순환지표(전월차)(%p),재고순환지표(전월차)(%p),재고순환지표(전월차)(%p),경제심리지수(전월차)(p),경제심리지수(전월차)(p),경제심리지수(전월차)(p),기계류내수출하지수(선박제외)(전월비)(%),기계류내수출하지수(선박제외)(전월비)(%),기계류내수출하지수(선박제외)(전월비)(%),건설수주액(전월비)(%),건설수주액(전월비)(%),건설수주액(전월비)(%),수출입물가비율(전월비)(%),수출입물가비율(전월비)(%),수출입물가비율(전월비)(%),코스피(전월비)(%),코스피(전월비)(%),코스피(전월비)(%),장단기금리차(전월차)(%p),장단기금리차(전월차)(%p),장단기금리차(전월차)(%p),선행지수 순환변동치,선행지수 순환변동치,선행지수 순환변동치,〔순환변동치 전월차〕(p),〔순환변동치 전월차〕(p),〔순환변동치 전월차〕(p),선행지수 전년동월비(%),선행지수 전년동월비(%),선행지수 전년동월비(%),〔전년동월비 전월차〕(%p),〔전년동월비 전월차〕(%p),〔전년동월비 전월차〕(%p),동행종합지수(2020=100),동행종합지수(2020=100),동행종합지수(2020=100),동행종합지수 전월비(%),동행종합지수 전월비(%),동행종합지수 전월비(%),광공업생산지수(전월비)(%),광공업생산지수(전월비)(%),광공업생산지수(전월비)(%),서비스업생산지수(도소매업제외)(전월비)(%),서비스업생산지수(도소매업제외)(전월비)(%),서비스업생산지수(도소매업제외)(전월비)(%),건설기성액(전월비)(%),건설기성액(전월비)(%),건설기성액(전월비)(%),소매판매액지수(전월비)(%),소매판매액지수(전월비)(%),소매판매액지수(전월비)(%),내수출하지수(전월비)(%),내수출하지수(전월비)(%),내수출하지수(전월비)(%),수입액(전월비)(%),수입액(전월비)(%),수입액(전월비)(%),비농림어업취업자수(전월비)(%),비농림어업취업자수(전월비)(%),비농림어업취업자수(전월비)(%),동행지수 순환변동치,동행지수 순환변동치,동행지수 순환변동치,〔순환변동치 전월차〕(p),〔순환변동치 전월차〕(p),〔순환변동치 전월차〕(p),후행종합지수(2020=100),후행종합지수(2020=100),후행종합지수(2020=100),후행종합지수 전월비(%),후행종합지수 전월비(%),후행종합지수 전월비(%),생산자제품재고지수(전월비)(%),생산자제품재고지수(전월비)(%),생산자제품재고지수(전월비)(%),소비자물가지수변화율(서비스)(전월차)(%p),소비자물가지수변화율(서비스)(전월차)(%p),소비자물가지수변화율(서비스)(전월차)(%p),소비재수입액(전월비)(%),소비재수입액(전월비)(%),소비재수입액(전월비)(%),취업자수(전월비)(%),취업자수(전월비)(%),취업자수(전월비)(%),CP유통수익률(전월차)(%p),CP유통수익률(전월차)(%p),CP유통수익률(전월차)(%p)
"시점",원데이터,전년동월 대비 증감,증감률,원데이터,전년동월 대비 증감,증감률,원데이터,전년동월 대비 증감,증감률,원데이터,전년동월 대비 증감,증감률,원데이터,전년동월 대비 증감,증감률,원데이터,전년동월 대비 증감,증감률,원데이터,전년동월 대비 증감,증감률,원데이터,전년동월 대비 증감,증감률,원데이터,전년동월 대비 증감,증감률,원데이터,전년동월 대비 증감,증감률,원데이터,전년동월 대비 증감,증감률,원데이터,전년동월 대비 증감,증감률,원데이터,전년동월 대비 증감,증감률,원데이터,전년동월 대비 증감,증감률,원데이터,전년동월 대비 증감,증감률,원데이터,전년동월 대비 증감,증감률,원데이터,전년동월 대비 증감,증감률,원데이터,전년동월 대비 증감,증감률,원데이터,전년동월 대비 증감,증감률,원데이터,전년동월 대비 증감,증감률,원데이터,전년동월 대비 증감,증감률,원데이터,전년동월 대비 증감,증감률,원데이터,전년동월 대비 증감,증감률,원데이터,전년동월 대비 증감,증감률,원데이터,전년동월 대비 증감,증감률,원데이터,전년동월 대비 증감,증감률,원데이터,전년동월 대비 증감,증감률,원데이터,전년동월 대비 증감,증감률,원데이터,전년동월 대비 증감,증감률,원데이터,전년동월 대비 증감,증감률,원데이터,전년동월 대비 증감,증감률
"2015.01",82.4,3.3,4.2,0.6,0.2,50.0,1.7,-0.1,-5.6,0.7,-0.2,-22.2,-1.3,0.5,27.8,12.0,12.2,6100.0,2.8,2.9,2900.0,-0.4,1.0,71.4,-0.06,-0.10,-200.0,100.1,0.3,0.3,0.3,0.4,400.0,4.2,-0.1,-2.3,0.3,,,87.2,2.3,2.7,0.3,-0.2,-40.0,0.3,0.0,0.0,-0.1,-0.6,-120.0,1.0,2.0,200.0,0.7,-0.6,-46.2,0.0,0.1,100.0,0.8,-0.2,-20.0,0.2,-0.1,-33.3,99.5,-0.9,-0.9,0.0,-0.2,-100.0,85.2,2.7,3.3,0.2,0.0,0.0,-0.7,-1.1,-275.0,0.0,,,1.0,3.1,147.6,0.1,-0.2,-66.7,0.0,,
"2015.02",82.7,3.4,4.3,0.4,0.1,33.3,-0.8,-2.1,-161.5,1.8,0.3,20.0,-1.2,-1.1,-1100.0,4.1,1.3,46.4,1.6,1.8,900.0,0.0,1.2,100.0,-0.07,-0.10,-250.0,100.2,0.4,0.4,0.1,,,4.3,0.0,0.0,0.1,,,87.8,2.6,3.1,0.7,0.3,75.0,0.6,0.1,20.0,0.2,-0.4,-66.7,2.0,4.0,200.0,1.4,,,0.6,,,0.4,0.0,0.0,0.2,-0.1,-33.3,99.8,-0.6,-0.6,0.3,,,85.5,2.8,3.4,0.4,0.2,100.0,0.1,0.3,150.0,0.0,0.1,100.0,3.0,1.2,66.7,0.1,-0.2,-66.7,0.0,,
"2015.03",83.2,3.7,4.7,0.6,0.3,100.0,-2.0,-2.3,-766.7,1.6,0.6,60.0,0.8,1.1,366.7,23.1,32.9,335.7,0.9,0.8,800.0,1.2,1.8,300.0,-0.07,0.00,-75.0,100.4,0.7,0.7,0.2,0.3,300.0,4.5,0.3,7.1,0.2,0.3,300.0,87.8,2.3,2.7,0.0,-0.4,-100.0,-0.5,-0.7,-350.0,0.9,0.0,0.0,-0.4,0.6,60.0,-0.5,-0.6,-600.0,-0.9,-0.5,-125.0,-0.2,-1.7,-113.3,0.1,-0.2,-66.7,99.4,-1.2,-1.2,-0.4,-0.6,-300.0,85.7,2.7,3.3,0.2,-0.2,-50.0,0.5,1.1,183.3,0.0,-0.1,-100.0,1.4,-0.9,-39.1,0.1,-0.2,-66.7,-0.1,,
"2015.04",83.5,3.7,4.6,0.4,0.0,0.0,-0.7,0.4,36.4,1.7,1.0,142.9,1.7,1.4,466.7,-2.7,-8.6,-145.8,-0.1,0.0,0.0,3.2,2.5,357.1,-0.01,0.00,66.7,100.5,0.9,0.9,0.1,0.2,200.0,4.6,0.5,12.2,0.1,0.2,200.0,88.0,2.4,2.8,0.2,0.1,100.0,0.4,0.2,100.0,0.4,0.5,500.0,-1.1,-1.9,-237.5,0.8,2.1,161.5,0.7,1.1,275.0,-1.5,-2.7,-225.0,0.0,-0.2,-100.0,99.3,-1.1,-1.1,-0.1,0.1,50.0,85.9,2.5,3.0,0.2,-0.3,-60.0,1.4,0.7,100.0,0.0,-0.1,-100.0,-0.3,-4.0,-108.1,0.0,-0.2,-100.0,-0.1,,
"2015.05",84.0,4.1,5.1,0.6,0.5,500.0,-0.2,1.3,86.7,-0.3,0.4,57.1,-1.2,-0.7,-140.0,19.3,24.5,471.2,0.3,,,2.5,1.5,150.0,0.08,0.10,366.7,100.6,1.1,1.1,0.1,0.2,200.0,4.8,0.8,20.0,0.2,0.3,300.0,87.8,2.2,2.6,-0.2,,,-0.9,-0.2,-28.6,0.0,0.1,100.0,-1.0,-1.4,-350.0,-0.3,-0.5,-250.0,-0.6,-0.4,-200.0,-0.8,0.0,0.0,0.0,0.1,100.0,98.8,-1.3,-1.3,-0.5,-0.2,-66.7,86.0,2.4,2.9,0.1,-0.1,-50.0,0.8,0.6,300.0,0.0,-0.2,-100.0,-1.7,0.1,5.6,-0.1,0.0,0.0,-0.1,,
"2015.06",84.2,4.1,5.1,0.2,-0.1,-33.3,-1.4,-0.2,-16.7,-3.2,-2.0,-166.7,0.2,0.3,300.0,-3.2,-15.9,-125.2,0.4,0.5,500.0,0.8,0.1,14.3,0.11,0.20,257.1,100.5,1.0,1.0,-0.1,,,4.7,0.8,20.5,-0.1,0.0,0.0,88.0,2.2,2.6,0.2,0.0,0.0,0.0,0.2,100.0,-0.1,-0.3,-150.0,2.3,1.2,109.1,-0.6,-0.8,-400.0,0.7,0.4,133.3,-0.4,-0.1,-33.3,0.1,,,98.7,-1.3,-1.3,-0.1,0.0,0.0,86.2,2.4,2.9,0.2,0.0,0.0,1.5,1.6,1600.0,0.0,,,-0.4,0.5,55.6,0.0,-0.1,-100.0,-0.1,,
"2015.07",84.4,4.1,5.1,0.2,0.0,0.0,-1.2,-1.9,-271.4,-2.7,-0.4,-17.4,-0.8,-1.2,-300.0,-1.2,0.4,25.0,0.4,0.1,33.3,-0.8,-1.3,-260.0,0.15,0.30,215.4,100.3,0.9,0.9,-0.2,-0.1,-100.0,4.6,0.9,24.3,-0.1,0.1,50.0,88.3,2.3,2.7,0.3,0.1,50.0,-0.5,-0.4,-400.0,0.2,-0.4,-66.7,1.5,2.9,207.1,-0.5,-1.4,-155.6,0.1,-0.3,-75.0,1.4,1.6,800.0,0.2,0.1,100.0,98.6,-1.4,-1.4,-0.1,,,86.5,2.5,3.0,0.3,0.1,50.0,1.0,,,0.1,,,0.3,0.0,0.0,0.1,,,-0.1,,
"2015.08",84.7,4.1,5.1,0.4,0.0,0.0,-0.7,,,-1.6,-0.6,-60.0,3.3,3.5,1750.0,-4.4,-22.1,-124.9,0.9,0.4,80.0,-2.6,-3.7,-336.4,0.03,0.10,160.0,100.3,0.8,0.8,0.0,-0.1,-100.0,4.6,0.9,24.3,0.0,,,88.9,2.6,3.0,0.7,0.4,133.3,1.1,1.3,650.0,0.5,-0.1,-16.7,1.5,2.2,314.3,-0.2,-0.8,-133.3,2.0,2.2,1100.0,1.6,1.8,900.0,0.2,-0.2,-50.0,99.1,-1.0,-1.0,0.5,0.4,400.0,86.9,2.6,3.1,0.5,0.1,25.0,1.5,1.6,1600.0,0.1,,,2.3,-0.2,-8.0,0.1,-0.2,-66.7,-0.1,0.0,0.0
"2015.09",85.1,4.1,5.1,0.5,0.0,0.0,1.5,0.6,66.7,1.8,0.7,63.6,0.7,0.8,800.0,25.0,25.9,2877.8,0.7,-0.3,-30.0,-2.0,-2.8,-350.0,-0.03,0.00,-50.0,100.4,0.8,0.8,0.1,0.0,0.0,4.8,1.0,26.3,0.2,0.1,100.0,89.7,3.3,3.8,0.9,0.8,800.0,1.0,2.1,190.9,0.5,0.4,400.0,3.8,4.6,575.0,1.4,1.6,800.0,1.3,2.3,230.0,1.2,-0.9,-42.9,0.2,0.0,0.0,99.7,-0.1,-0.1,0.6,0.9,300.0,87.2,2.6,3.1,0.3,-0.1,-25.0,0.4,0.2,100.0,0.1,,,0.2,-3.2,-94.1,0.2,0.0,0.0,0.0,0.1,100.0
"2015.10",85.4,4.1,5.0,0.4,0.0,0.0,2.0,2.5,500.0,0.6,0.5,500.0,0.5,0.4,400.0,0.8,-2.6,-76.5,0.0,-1.3,-100.0,-0.6,0.7,53.8,-0.09,-0.10,-400.0,100.4,0.7,0.7,0.0,-0.1,-100.0,4.7,0.9,23.7,-0.1,,,90.4,4.1,4.8,0.8,0.9,900.0,1.0,2.5,166.7,0.3,-0.1,-25.0,1.2,1.6,400.0,1.6,2.2,366.7,0.8,2.0,166.7,1.0,0.2,25.0,0.2,0.1,100.0,100.2,0.8,0.8,0.5,0.9,225.0,87.5,2.8,3.3,0.3,0.2,200.0,0.1,,,0.0,,,2.0,1.3,185.7,0.1,0.0,0.0,0.0,0.1,100.0
"2015.11",85.6,4.0,4.9,0.2,-0.2,-50.0,0.3,-1.8,-85.7,-0.1,0.1,50.0,-1.9,-3.7,-205.6,3.7,21.6,120.7,-0.1,-1.7,-106.3,0.9,2.6,152.9,0.00,0.00,100.0,100.2,0.4,0.4,-0.2,-0.3,-300.0,4.6,0.8,21.1,-0.1,,,90.5,4.1,4.7,0.1,0.0,0.0,-0.2,,,0.0,-0.1,-100.0,0.0,0.8,100.0,0.9,1.5,250.0,-0.5,,,-0.4,-1.6,-133.3,0.2,,,100.0,0.8,0.8,-0.2,0.0,0.0,87.6,2.7,3.2,0.1,-0.1,-50.0,-0.6,-0.8,-400.0,0.0,,,-1.9,-2.1,-1050.0,0.1,,,0.0,0.1,100.0
"2015.12",85.6,3.7,4.5,0.0,-0.4,-100.0,-1.2,-3.3,-157.1,-1.0,0.5,33.3,-2.1,-1.1,-110.0,-27.7,-26.4,-2030.8,0.4,-1.8,-81.8,0.5,2.2,129.4,0.02,0.00,200.0,99.8,0.0,0.0,-0.4,,,4.1,0.2,5.1,-0.5,-0.6,-600.0,90.6,3.7,4.3,0.1,-0.5,-83.3,-0.8,-1.8,-180.0,0.5,0.6,600.0,-0.5,,,0.8,-0.6,-42.9,-0.3,-1.0,-142.9,-0.8,-3.4,-130.8,0.2,0.1,100.0,99.9,0.4,0.4,-0.1,-0.4,-133.3,87.9,2.9,3.4,0.3,0.2,200.0,-0.7,-0.1,-16.7,0.1,,,1.9,3.4,226.7,0.2,,,0.1,,
"2016.01",85.7,3.3,4.0,0.1,-0.5,-83.3,-3.0,-4.7,-276.5,-1.2,-1.9,-271.4,-3.7,-2.4,-184.6,1.5,-10.5,-87.5,1.2,-1.6,-57.1,-2.1,-1.7,-425.0,-0.01,0.10,83.3,99.5,-0.6,-0.6,-0.3,-0.6,-200.0,3.8,-0.4,-9.5,-0.3,-0.6,-200.0,90.6,3.4,3.9,0.0,-0.3,-100.0,-0.5,-0.8,-266.7,-0.1,0.0,0.0,0.6,-0.4,-40.0,0.0,-0.7,-100.0,-0.6,,,-1.6,-2.4,-300.0,0.1,-0.1,-50.0,99.6,0.1,0.1,-0.3,,,88.2,3.0,3.5,0.3,0.1,50.0,0.6,1.3,185.7,0.1,,,0.1,-0.9,-90.0,0.1,0.0,0.0,0.0,,
"2016.02",85.7,3.0,3.6,0.0,-0.4,-100.0,-1.8,-1.0,-125.0,-1.4,-3.2,-177.8,-3.0,-1.8,-150.0,1.8,-2.3,-56.1,0.7,-0.9,-56.3,-1.8,,,-0.12,-0.10,-71.4,99.1,-1.1,-1.1,-0.4,-0.5,-500.0,3.4,-0.9,-20.9,-0.4,-0.5,-500.0,90.7,2.9,3.3,0.1,-0.6,-85.7,0.1,-0.5,-83.3,0.3,0.1,50.0,2.2,0.2,10.0,0.0,-1.4,-100.0,-0.5,-1.1,-183.3,-0.4,-0.8,-200.0,0.0,-0.2,-100.0,99.5,-0.3,-0.3,-0.1,-0.4,-133.3,88.5,3.0,3.5,0.3,-0.1,-25.0,1.2,1.1,1100.0,0.1,,,0.6,-2.4,-80.0,0.0,-0.1,-100.0,0.0,,
"2016.03",86.0,2.8,3.4,0.4,-0.2,-33.3,0.3,2.3,115.0,0.1,-1.5,-93.8,1.2,0.4,50.0,12.3,-10.8,-46.8,0.0,-0.9,-100.0,0.1,-1.1,-91.7,-0.10,0.00,-42.9,99.2,-1.2,-1.2,0.1,-0.1,-50.0,3.3,-1.2,-26.7,-0.1,-0.3,-150.0,90.8,3.0,3.4,0.1,,,0.7,1.2,240.0,-0.1,-1.0,-111.1,0.4,0.8,200.0,0.1,0.6,120.0,0.1,1.0,111.1,-0.8,-0.6,-300.0,-0.2,-0.3,-300.0,99.3,-0.1,-0.1,-0.2,0.2,50.0,88.7,3.0,3.5,0.2,0.0,0.0,1.5,1.0,200.0,0.1,,,-1.6,-3.0,-214.3,-0.2,-0.3,-300.0,-0.1,0.0,0.0
"2016.04",86.3,2.8,3.4,0.3,-0.1,-25.0,1.6,2.3,328.6,1.1,-0.6,-35.3,1.1,-0.6,-35.3,5.9,8.6,318.5,-1.0,-0.9,-900.0,1.8,-1.4,-43.8,-0.07,-0.10,-600.0,99.2,-1.3,-1.3,0.0,-0.1,-100.0,3.3,-1.3,-28.3,0.0,-0.1,-100.0,90.9,2.9,3.3,0.1,-0.1,-50.0,0.1,-0.3,-75.0,0.4,0.0,0.0,0.9,2.0,181.8,-0.1,-0.9,-112.5,0.2,-0.5,-71.4,-0.8,0.7,46.7,-0.1,,,99.2,-0.1,-0.1,-0.1,0.0,0.0,88.8,2.9,3.4,0.1,-0.1,-50.0,0.0,-1.4,-100.0,0.0,,,-0.3,0.0,0.0,-0.1,,,0.0,0.1,100.0
"2016.05",86.7,2.7,3.2,0.5,-0.1,-16.7,3.0,3.2,1600.0,0.9,1.2,400.0,3.0,4.2,350.0,-8.1,-27.4,-142.0,-1.2,-1.5,-500.0,1.1,-1.4,-56.0,-0.01,-0.10,-112.5,99.3,-1.3,-1.3,0.1,0.0,0.0,3.3,-1.5,-31.3,0.0,-0.2,-100.0,91.4,3.6,4.1,0.6,0.8,400.0,0.7,1.6,177.8,0.1,,,1.2,2.2,220.0,1.0,1.3,433.3,0.5,1.1,183.3,1.3,2.1,262.5,0.1,,,99.5,0.7,0.7,0.3,0.8,160.0,89.0,3.0,3.5,0.2,0.1,100.0,-0.5,-1.3,-162.5,0.0,,,1.3,3.0,176.5,0.0,0.1,100.0,0.0,0.1,100.0
"2016.06",86.9,2.7,3.2,0.2,0.0,0.0,2.2,3.6,257.1,0.2,3.4,106.3,0.6,0.4,200.0,-2.9,0.3,9.4,-0.9,-1.3,-325.0,0.0,-0.8,-100.0,0.00,-0.10,-100.0,99.3,-1.2,-1.2,0.0,0.1,100.0,3.2,-1.5,-31.9,-0.1,0.0,0.0,91.8,3.8,4.3,0.4,0.2,100.0,0.3,,,0.5,0.6,600.0,2.1,-0.2,-8.7,0.5,1.1,183.3,0.1,-0.6,-85.7,0.1,0.5,125.0,0.3,0.2,200.0,99.7,1.0,1.0,0.2,0.3,300.0,89.2,3.0,3.5,0.2,0.0,0.0,-0.9,-2.4,-160.0,0.0,,,1.9,2.3,575.0,0.2,,,0.0,0.1,100.0
"2016.07",87.3,2.9,3.4,0.5,0.3,150.0,2.4,3.6,300.0,-0.3,2.4,88.9,1.4,2.2,275.0,3.4,4.6,383.3,-0.3,-0.7,-175.0,0.1,0.9,112.5,-0.02,-0.20,-113.3,99.3,-1.0,-1.0,0.0,0.2,100.0,3.3,-1.3,-28.3,0.1,0.2,200.0,92.3,4.0,4.5,0.5,0.2,66.7,0.6,1.1,220.0,0.4,0.2,100.0,2.5,1.0,66.7,-0.1,0.4,80.0,0.4,0.3,300.0,0.1,-1.3,-92.9,0.3,0.1,50.0,99.9,1.3,1.3,0.2,0.3,300.0,89.4,2.9,3.4,0.2,-0.1,-33.3,-0.5,-1.5,-150.0,0.0,-0.1,-100.0,-1.9,-2.2,-733.3,0.2,0.1,100.0,-0.1,0.0,0.0
"2016.08",87.7,3.0,3.5,0.5,0.1,25.0,0.2,0.9,128.6,0.9,2.5,156.3,0.9,-2.4,-72.7,19.7,24.1,547.7,0.0,-0.9,-100.0,1.2,3.8,146.2,-0.01,0.00,-133.3,99.5,-0.8,-0.8,0.2,,,3.5,-1.1,-23.9,0.2,,,92.7,3.8,4.3,0.4,-0.3,-42.9,-0.7,-1.8,-163.6,0.4,-0.1,-20.0,2.4,0.9,60.0,-0.1,0.1,50.0,0.1,-1.9,-95.0,1.1,-0.5,-31.3,0.3,0.1,50.0,100.1,1.0,1.0,0.2,-0.3,-60.0,89.5,2.6,3.0,0.1,-0.4,-80.0,-0.9,-2.4,-160.0,-0.1,-0.2,-200.0,-0.1,-2.4,-104.3,0.3,0.2,200.0,-0.1,0.0,0.0
"2016.09",88.1,3.0,3.5,0.5,0.0,0.0,-0.1,-1.6,-106.7,1.0,-0.8,-44.4,1.2,0.5,71.4,2.9,-22.1,-88.4,0.4,-0.3,-42.9,1.1,3.1,155.0,-0.01,0.00,66.7,99.7,-0.7,-0.7,0.2,0.1,100.0,3.7,-1.1,-22.9,0.2,0.0,0.0,92.7,3.0,3.3,0.0,-0.9,-100.0,-0.4,-1.4,-140.0,0.3,-0.2,-40.0,1.2,-2.6,-68.4,-1.3,-2.7,-192.9,0.4,-0.9,-69.2,-0.2,-1.4,-116.7,0.1,-0.1,-50.0,99.9,0.2,0.2,-0.2,-0.8,-133.3,89.7,2.5,2.9,0.2,-0.1,-33.3,-0.4,-0.8,-200.0,-0.1,-0.2,-200.0,-0.3,-0.5,-250.0,0.1,-0.1,-50.0,0.0,,
"2016.10",88.5,3.1,3.6,0.5,0.1,25.0,-1.0,-3.0,-150.0,0.1,-0.5,-83.3,2.9,2.4,480.0,1.9,1.1,137.5,-0.1,,,0.5,1.1,183.3,0.05,0.10,155.6,99.9,-0.5,-0.5,0.2,,,3.9,-0.8,-17.0,0.2,0.3,300.0,92.8,2.4,2.7,0.1,-0.7,-87.5,-0.6,-1.6,-160.0,-0.2,-0.5,-166.7,1.9,0.7,58.3,0.8,-0.8,-50.0,-0.3,-1.1,-137.5,-0.8,-1.8,-180.0,0.1,-0.1,-50.0,99.8,-0.4,-0.4,-0.1,-0.6,-120.0,89.9,2.4,2.7,0.2,-0.1,-33.3,-0.8,-0.9,-900.0,0.0,,,2.7,0.7,35.0,0.1,0.0,0.0,0.0,,
"2016.11",88.9,3.3,3.9,0.5,0.3,150.0,1.6,1.3,433.3,-0.6,-0.5,-500.0,2.0,3.9,205.3,-11.1,-14.8,-400.0,0.3,0.4,400.0,-0.9,-1.8,-200.0,0.16,,,100.1,-0.1,-0.1,0.2,0.4,200.0,4.0,-0.6,-13.0,0.1,0.2,200.0,93.3,2.8,3.1,0.5,0.4,400.0,1.3,1.5,750.0,-0.4,,,2.2,,,0.0,-0.9,-100.0,1.4,1.9,380.0,1.6,2.0,500.0,0.0,-0.2,-100.0,100.1,0.1,0.1,0.3,0.5,250.0,90.1,2.5,2.9,0.2,0.1,100.0,-0.1,0.5,83.3,0.0,,,0.8,2.7,142.1,0.0,-0.1,-100.0,0.0,,
"2016.12",89.3,3.7,4.3,0.4,,,2.2,3.4,283.3,-1.3,-0.3,-30.0,2.5,4.6,219.0,-2.3,25.4,91.7,-0.2,-0.6,-150.0,-0.3,-0.8,-160.0,0.18,0.20,800.0,100.3,0.5,0.5,0.2,0.6,150.0,4.3,0.2,4.9,0.3,0.8,160.0,93.8,3.2,3.5,0.5,0.4,400.0,0.8,1.6,200.0,-0.1,-0.6,-120.0,1.1,1.6,320.0,1.4,0.6,75.0,0.8,1.1,366.7,-1.1,-0.3,-37.5,0.2,0.0,0.0,100.3,0.4,0.4,0.2,0.3,300.0,90.3,2.4,2.7,0.2,-0.1,-33.3,-1.1,-0.4,-57.1,-0.1,-0.2,-200.0,0.4,-1.5,-78.9,0.2,0.0,0.0,0.0,-0.1,-100.0
"2017.01",89.7,4.0,4.7,0.4,0.3,300.0,3.6,6.6,220.0,-0.1,1.1,91.7,1.4,5.1,137.8,-12.1,-13.6,-906.7,-0.3,-1.5,-125.0,0.4,2.5,119.0,0.13,0.10,1400.0,100.5,1.0,1.0,0.2,0.5,166.7,4.4,0.6,15.8,0.1,0.4,133.3,94.3,3.7,4.1,0.5,,,2.0,2.5,500.0,0.4,0.5,500.0,-0.8,-1.4,-233.3,-0.2,,,1.7,2.3,383.3,0.7,2.3,143.8,0.1,0.0,0.0,100.6,1.0,1.0,0.3,0.6,200.0,90.6,2.4,2.7,0.3,0.0,0.0,-0.8,-1.4,-233.3,0.1,0.0,0.0,0.1,0.0,0.0,0.1,0.0,0.0,0.1,,
"2017.02",90.2,4.5,5.3,0.6,,,1.6,3.4,188.9,0.6,2.0,142.9,0.4,3.4,113.3,16.2,14.4,800.0,-0.4,-1.1,-157.1,1.7,3.5,194.4,0.04,0.20,133.3,100.7,1.6,1.6,0.2,0.6,150.0,4.7,1.3,38.2,0.3,0.7,175.0,94.6,3.9,4.3,0.3,0.2,200.0,0.1,0.0,0.0,0.3,0.0,0.0,0.6,-1.6,-72.7,0.5,,,-1.1,-0.6,-120.0,1.8,2.2,550.0,0.2,,,100.7,1.2,1.2,0.1,0.2,200.0,90.8,2.3,2.6,0.2,-0.1,-33.3,-0.5,-1.7,-141.7,0.0,-0.1,-100.0,0.4,-0.2,-33.3,0.1,,,0.0,,
"2017.03",90.6,4.6,5.3,0.4,0.0,0.0,0.4,0.1,33.3,2.2,2.1,2100.0,0.8,-0.4,-33.3,-8.7,-21.0,-170.7,0.2,,,1.9,1.8,1800.0,0.01,0.10,110.0,100.9,1.7,1.7,0.2,0.1,100.0,4.8,1.5,45.5,0.1,0.2,200.0,95.0,4.2,4.6,0.4,0.3,300.0,1.0,0.3,42.9,0.2,0.3,300.0,1.6,1.2,300.0,-0.4,-0.5,-500.0,-0.4,-0.5,-500.0,1.8,2.6,325.0,0.1,0.3,150.0,100.8,1.5,1.5,0.1,0.3,150.0,91.1,2.4,2.7,0.3,0.1,50.0,0.6,-0.9,-60.0,0.0,-0.1,-100.0,1.8,3.4,212.5,0.1,0.3,150.0,0.0,0.1,100.0
"2017.04",91.0,4.7,5.4,0.4,0.1,33.3,-1.8,-3.4,-212.5,1.3,0.2,18.2,0.2,-0.9,-81.8,18.2,12.3,208.5,0.6,1.6,160.0,1.6,-0.2,-11.1,0.02,0.10,128.6,101.2,2.0,2.0,0.3,,,5.0,1.7,51.5,0.2,,,95.2,4.3,4.7,0.2,0.1,100.0,-0.4,-0.5,-500.0,0.1,-0.3,-75.0,2.5,1.6,177.8,0.3,0.4,400.0,-0.9,-1.1,-550.0,1.4,2.2,275.0,0.1,0.2,200.0,100.9,1.7,1.7,0.1,0.2,200.0,91.4,2.6,2.9,0.3,0.2,200.0,1.2,,,0.0,,,1.4,1.7,566.7,0.1,0.2,200.0,0.0,,
"2017.05",91.3,4.6,5.3,0.3,-0.2,-40.0,-3.2,-6.2,-206.7,1.0,0.1,11.1,1.1,-1.9,-63.3,-14.0,-5.9,-72.8,0.5,1.7,141.7,3.4,2.3,209.1,0.02,0.00,300.0,101.3,2.0,2.0,0.1,0.0,0.0,5.0,1.7,51.5,0.0,,,95.6,4.2,4.6,0.4,-0.2,-33.3,0.0,-0.7,-100.0,0.4,0.3,300.0,-0.2,-1.4,-116.7,-0.3,-1.3,-130.0,0.6,0.1,20.0,2.0,0.7,53.8,0.1,0.0,0.0,101.0,1.5,1.5,0.1,-0.2,-66.7,91.6,2.6,2.9,0.2,0.0,0.0,1.5,2.0,400.0,-0.1,,,-0.4,-1.7,-130.8,0.0,,,0.0,,
"2017.06",91.8,4.9,5.6,0.5,0.3,150.0,-2.1,-4.3,-195.5,0.0,-0.2,-100.0,1.4,0.8,133.3,8.9,11.8,406.9,0.5,1.4,155.6,3.6,,,-0.02,,,101.5,2.2,2.2,0.2,,,5.2,2.0,62.5,0.2,0.3,300.0,95.8,4.0,4.4,0.2,-0.2,-50.0,-1.1,-1.4,-466.7,0.2,-0.3,-60.0,-0.8,-2.9,-138.1,0.5,0.0,0.0,0.2,0.1,100.0,2.2,2.1,2100.0,0.0,-0.3,-100.0,101.0,1.3,1.3,0.0,-0.2,-100.0,91.8,2.6,2.9,0.2,0.0,0.0,0.7,1.6,177.8,-0.1,,,0.3,-1.6,-84.2,0.0,-0.2,-100.0,0.0,,
"2017.07",92.1,4.8,5.5,0.3,-0.2,-40.0,-1.2,-3.6,-150.0,-0.1,0.2,66.7,0.4,-1.0,-71.4,-18.1,-21.5,-632.4,0.6,0.9,300.0,3.7,3.6,3600.0,0.02,0.00,200.0,101.6,2.3,2.3,0.1,,,5.1,1.8,54.5,-0.1,-0.2,-200.0,95.9,3.6,3.9,0.1,-0.4,-80.0,-0.1,-0.7,-116.7,0.3,-0.1,-25.0,0.4,-2.1,-84.0,0.0,0.1,100.0,0.6,0.2,50.0,-1.2,-1.3,-1300.0,0.1,-0.2,-66.7,100.9,1.0,1.0,-0.1,-0.3,-150.0,92.1,2.7,3.0,0.3,0.1,50.0,0.2,0.7,140.0,-0.1,,,2.5,4.4,231.6,0.1,-0.1,-50.0,0.0,0.1,100.0
"2017.08",92.5,4.8,5.5,0.4,-0.1,-20.0,0.5,0.3,150.0,-0.1,-1.0,-111.1,0.3,-0.6,-66.7,13.2,-6.5,-33.0,0.2,,,1.0,-0.2,-16.7,0.03,0.00,400.0,101.8,2.3,2.3,0.2,0.0,0.0,5.1,1.6,45.7,0.0,-0.2,-100.0,96.2,3.5,3.8,0.3,-0.1,-25.0,-0.3,0.4,57.1,0.4,0.0,0.0,0.1,-2.3,-95.8,-0.1,0.0,0.0,0.6,0.5,500.0,1.3,0.2,18.2,0.0,-0.3,-100.0,101.0,0.9,0.9,0.1,-0.1,-50.0,92.4,2.9,3.2,0.3,0.2,200.0,-0.4,0.5,55.6,0.0,0.1,100.0,4.2,4.3,4300.0,0.1,-0.2,-66.7,0.0,0.1,100.0
"2017.09",92.7,4.6,5.2,0.2,-0.3,-60.0,0.3,0.4,400.0,-0.3,-1.3,-130.0,-2.1,-3.3,-275.0,1.8,-1.1,-37.9,-0.3,-0.7,-175.0,0.0,-1.1,-100.0,0.04,0.10,500.0,101.8,2.1,2.1,0.0,-0.2,-100.0,4.9,1.2,32.4,-0.2,-0.4,-200.0,96.7,4.0,4.3,0.5,,,0.5,0.9,225.0,0.5,0.2,66.7,4.1,2.9,241.7,0.4,1.7,130.8,0.4,0.0,0.0,-0.7,-0.5,-250.0,0.1,0.0,0.0,101.3,1.4,1.4,0.3,0.5,250.0,92.6,2.9,3.2,0.2,0.0,0.0,0.0,0.4,100.0,0.0,0.1,100.0,0.8,1.1,366.7,0.1,0.0,0.0,0.0,,
"2017.10",93.0,4.5,5.1,0.3,-0.2,-40.0,-0.5,0.5,50.0,1.0,0.9,900.0,-1.6,-4.5,-155.2,1.6,-0.3,-15.8,-0.6,-0.5,-500.0,1.0,0.5,100.0,0.10,0.10,100.0,101.8,1.9,1.9,0.0,-0.2,-100.0,4.8,0.9,23.1,-0.1,-0.3,-150.0,96.7,3.9,4.2,0.0,-0.1,-100.0,0.3,0.9,150.0,0.1,0.3,150.0,-2.1,-4.0,-210.5,0.3,-0.5,-62.5,0.5,0.8,266.7,-1.0,-0.2,-25.0,0.0,-0.1,-100.0,101.1,1.3,1.3,-0.2,-0.1,-100.0,92.8,2.9,3.2,0.2,0.0,0.0,0.9,1.7,212.5,0.0,,,-2.5,-5.2,-192.6,0.1,0.0,0.0,0.0,,
"2017.11",93.1,4.2,4.7,0.1,-0.4,-80.0,-1.6,-3.2,-200.0,0.6,1.2,200.0,-2.4,-4.4,-220.0,-13.2,-2.1,-18.9,-0.7,-1.0,-333.3,2.2,3.1,344.4,0.11,-0.10,-31.3,101.6,1.5,1.5,-0.2,-0.4,-200.0,4.5,0.5,12.5,-0.3,-0.4,-400.0,97.1,3.8,4.1,0.4,-0.1,-20.0,0.3,-1.0,-76.9,-0.2,0.2,50.0,0.0,-2.2,-100.0,1.7,,,0.2,-1.2,-85.7,0.3,-1.3,-81.3,0.1,,,101.3,1.2,1.2,0.2,-0.1,-33.3,93.0,2.9,3.2,0.2,0.0,0.0,0.7,0.8,800.0,0.0,,,-1.3,-2.1,-262.5,0.1,,,0.0,,
"2017.12",93.2,3.9,4.4,0.1,-0.3,-75.0,-5.1,-7.3,-331.8,1.0,2.3,176.9,-2.1,-4.6,-184.0,-1.4,0.9,39.1,-0.8,-0.6,-300.0,1.3,1.6,533.3,0.02,-0.20,-88.9,101.4,1.1,1.1,-0.2,-0.4,-200.0,4.1,-0.2,-4.7,-0.4,-0.7,-233.3,96.8,3.0,3.2,-0.3,-0.8,-160.0,-0.5,-1.3,-162.5,-0.3,-0.2,-200.0,-3.9,-5.0,-454.5,0.1,-1.3,-92.9,-1.1,-1.9,-237.5,-0.2,0.9,81.8,0.1,-0.1,-50.0,100.7,0.4,0.4,-0.6,-0.8,-400.0,93.4,3.1,3.4,0.4,0.2,100.0,1.8,2.9,263.6,0.0,0.1,100.0,0.6,0.2,50.0,0.2,0.0,0.0,0.1,,
"2018.01",93.5,3.8,4.2,0.3,-0.1,-25.0,-3.1,-6.7,-186.1,-0.9,-0.8,-800.0,3.1,1.7,121.4,24.2,36.3,300.0,-1.0,-0.7,-233.3,0.5,0.1,25.0,-0.02,-0.20,-115.4,101.5,1.0,1.0,0.1,-0.1,-50.0,4.0,-0.4,-9.1,-0.1,-0.2,-200.0,97.2,2.9,3.1,0.4,-0.1,-20.0,0.0,-2.0,-100.0,0.3,-0.1,-25.0,4.0,4.8,600.0,1.0,1.2,600.0,-0.7,-2.4,-141.2,0.4,-0.3,-42.9,0.1,0.0,0.0,100.9,0.3,0.3,0.2,-0.1,-33.3,93.7,3.1,3.4,0.3,0.0,0.0,0.6,1.4,175.0,-0.2,-0.3,-300.0,3.0,2.9,2900.0,0.2,0.1,100.0,0.1,0.0,0.0
"2018.02",93.8,3.6,4.0,0.3,-0.3,-50.0,-2.1,-3.7,-231.3,-0.4,-1.0,-166.7,1.9,1.5,375.0,2.4,-13.8,-85.2,-0.4,0.0,0.0,-1.3,-3.0,-176.5,-0.02,-0.10,-150.0,101.4,0.7,0.7,-0.1,-0.3,-150.0,3.8,-0.9,-19.1,-0.2,-0.5,-166.7,97.5,2.9,3.1,0.3,0.0,0.0,0.1,0.0,0.0,0.5,0.2,66.7,-0.1,-0.7,-116.7,0.1,-0.4,-80.0,-0.6,0.5,45.5,1.9,0.1,5.6,-0.1,-0.3,-150.0,101.0,0.3,0.3,0.1,0.0,0.0,93.9,3.1,3.4,0.2,0.0,0.0,0.6,1.1,220.0,0.0,,,1.9,1.5,375.0,-0.1,-0.2,-200.0,0.0,,
"2018.03",94.0,3.4,3.8,0.2,-0.2,-50.0,-0.1,-0.5,-125.0,-1.4,-3.6,-163.6,1.7,0.9,112.5,-0.4,8.3,95.4,-0.7,-0.9,-450.0,-0.2,-2.1,-110.5,0.07,0.10,600.0,101.4,0.5,0.5,0.0,-0.2,-100.0,3.7,-1.1,-22.9,-0.1,-0.2,-200.0,97.7,2.7,2.8,0.2,-0.2,-50.0,0.3,-0.7,-70.0,0.3,0.1,50.0,-1.3,-2.9,-181.3,1.2,1.6,400.0,-0.4,0.0,0.0,0.1,-1.7,-94.4,-0.1,-0.2,-200.0,100.9,0.1,0.1,-0.1,-0.2,-200.0,94.1,3.0,3.3,0.2,-0.1,-33.3,0.4,-0.2,-33.3,0.0,,,0.7,-1.1,-61.1,-0.1,-0.2,-200.0,0.0,,
"2018.04",94.0,3.0,3.3,0.0,-0.4,-100.0,0.3,2.1,116.7,0.1,-1.2,-92.3,-2.3,-2.5,-1250.0,-18.7,-36.9,-202.7,-0.8,-1.4,-233.3,-0.8,-2.4,-150.0,0.01,0.00,-50.0,101.1,-0.1,-0.1,-0.3,-0.6,-200.0,3.2,-1.8,-36.0,-0.5,-0.7,-350.0,97.7,2.5,2.6,0.0,-0.2,-100.0,0.6,1.0,250.0,0.4,0.3,300.0,-2.5,-5.0,-200.0,0.5,0.2,66.7,0.0,0.9,100.0,0.0,-1.4,-100.0,-0.1,-0.2,-200.0,100.8,-0.1,-0.1,-0.1,-0.2,-200.0,94.4,3.0,3.3,0.3,0.0,0.0,0.7,-0.5,-41.7,0.1,,,0.2,-1.2,-85.7,-0.2,-0.3,-300.0,0.0,,
"2018.05",94.3,3.0,3.3,0.3,0.0,0.0,2.8,6.0,187.5,0.3,-0.7,-70.0,0.3,-0.8,-72.7,5.7,19.7,140.7,-1.4,-1.9,-380.0,0.3,-3.1,-91.2,-0.01,0.00,-150.0,101.1,-0.2,-0.2,0.0,-0.1,-100.0,3.1,-1.9,-38.0,-0.1,,,97.9,2.3,2.4,0.2,-0.2,-50.0,0.6,,,0.0,-0.4,-100.0,-0.9,-0.7,-350.0,-0.2,0.1,33.3,0.5,-0.1,-16.7,0.3,-1.7,-85.0,0.0,-0.1,-100.0,100.7,-0.3,-0.3,-0.1,-0.2,-200.0,94.7,3.1,3.4,0.3,0.1,50.0,0.4,-1.1,-73.3,0.1,0.2,200.0,-0.3,0.1,25.0,0.0,,,0.0,,
"2018.06",94.5,2.7,2.9,0.2,-0.3,-60.0,2.0,4.1,195.2,0.7,,,-1.1,-2.5,-178.6,-4.1,-13.0,-146.1,-0.8,-1.3,-260.0,-0.8,-4.4,-122.2,-0.02,0.00,0.0,101.0,-0.5,-0.5,-0.1,-0.3,-150.0,3.0,-2.2,-42.3,-0.1,-0.3,-150.0,98.1,2.3,2.4,0.2,0.0,0.0,1.0,2.1,190.9,0.3,0.1,50.0,-0.3,0.5,62.5,-0.4,-0.9,-180.0,1.3,1.1,550.0,-1.0,-3.2,-145.5,-0.1,,,100.7,-0.3,-0.3,0.0,,,94.9,3.1,3.4,0.2,0.0,0.0,0.4,-0.3,-42.9,0.0,0.1,100.0,1.7,1.4,466.7,0.0,,,0.0,,
"2018.07",94.7,2.6,2.8,0.2,-0.1,-33.3,0.9,2.1,175.0,-1.4,-1.3,-1300.0,-0.5,-0.9,-225.0,3.4,21.5,118.8,-0.2,-0.8,-133.3,-2.4,-6.1,-164.9,-0.04,-0.10,-300.0,100.9,-0.7,-0.7,-0.1,-0.2,-200.0,2.8,-2.3,-45.1,-0.2,-0.1,-100.0,98.2,2.3,2.4,0.1,0.0,0.0,0.2,0.3,300.0,0.2,-0.1,-33.3,-0.8,-1.2,-300.0,0.0,,,0.2,-0.4,-66.7,0.3,1.5,125.0,-0.1,-0.2,-200.0,100.6,-0.3,-0.3,-0.1,0.0,0.0,95.1,3.0,3.3,0.2,-0.1,-33.3,-0.2,-0.4,-200.0,-0.1,0.0,0.0,1.0,-1.5,-60.0,-0.1,-0.2,-200.0,0.0,,
"2018.08",94.6,2.1,2.3,-0.1,-0.5,-125.0,-0.7,-1.2,-240.0,-1.7,-1.6,-1600.0,-2.6,-2.9,-966.7,-7.5,-20.7,-156.8,0.3,0.1,50.0,-2.5,-3.5,-350.0,-0.10,-0.10,-433.3,100.5,-1.3,-1.3,-0.4,-0.6,-300.0,2.4,-2.7,-52.9,-0.4,,,98.4,2.2,2.3,0.2,-0.1,-33.3,0.2,0.5,166.7,0.1,-0.3,-75.0,-0.1,-0.2,-200.0,0.2,0.3,300.0,0.4,-0.2,-33.3,-0.3,-1.6,-123.1,-0.1,,,100.5,-0.5,-0.5,-0.1,-0.2,-200.0,95.3,2.9,3.1,0.2,-0.1,-33.3,0.3,0.7,175.0,-0.1,,,-0.5,-4.7,-111.9,0.0,-0.1,-100.0,0.0,,
"2018.09",94.7,2.0,2.2,0.1,-0.1,-50.0,0.5,0.2,66.7,-0.2,0.1,33.3,-2.6,-0.5,-23.8,3.6,1.8,100.0,0.0,0.3,100.0,-1.3,,,-0.12,-0.20,-400.0,100.3,-1.5,-1.5,-0.2,,,2.2,-2.7,-55.1,-0.2,0.0,0.0,98.3,1.6,1.7,-0.1,-0.6,-120.0,-0.3,-0.8,-160.0,0.2,-0.3,-60.0,-0.4,-4.5,-109.8,-0.5,-0.9,-225.0,-0.1,-0.5,-125.0,-1.6,-0.9,-128.6,0.0,-0.1,-100.0,100.2,-1.1,-1.1,-0.3,-0.6,-200.0,95.4,2.8,3.0,0.1,-0.1,-50.0,-0.6,,,-0.1,,,-1.8,-2.6,-325.0,0.1,0.0,0.0,0.0,,
"2018.10",94.8,1.8,1.9,0.1,-0.2,-66.7,1.0,1.5,300.0,-0.2,-1.2,-120.0,-1.6,0.0,0.0,-3.5,-5.1,-318.8,-0.8,-0.2,-33.3,-1.9,-2.9,-290.0,-0.07,-0.20,-170.0,100.1,-1.7,-1.7,-0.2,,,2.0,-2.8,-58.3,-0.2,-0.1,-100.0,98.4,1.7,1.8,0.1,,,0.1,-0.2,-66.7,0.3,0.2,200.0,-1.2,0.9,42.9,-0.2,-0.5,-166.7,0.5,0.0,0.0,-0.3,0.7,70.0,0.1,,,100.1,-1.0,-1.0,-0.1,0.1,50.0,95.7,2.9,3.1,0.3,0.1,50.0,0.3,-0.6,-66.7,0.0,,,3.2,5.7,228.0,0.1,0.0,0.0,0.0,,
"2018.11",94.7,1.6,1.7,-0.1,-0.2,-200.0,-1.9,-0.3,-18.8,-1.0,-1.6,-266.7,-1.7,0.7,29.2,0.2,13.4,101.5,-0.3,0.4,57.1,-3.0,-5.2,-236.4,-0.07,-0.20,-163.6,99.7,-1.9,-1.9,-0.4,-0.2,-100.0,1.7,-2.8,-62.2,-0.3,0.0,0.0,98.5,1.4,1.4,0.1,-0.3,-75.0,-0.8,-1.1,-366.7,-0.2,0.0,0.0,-2.2,,,0.2,-1.5,-88.2,-0.5,-0.7,-350.0,1.4,1.1,366.7,0.3,0.2,200.0,100.0,-1.3,-1.3,-0.1,-0.3,-150.0,96.1,3.1,3.3,0.4,0.2,100.0,1.3,0.6,85.7,0.1,,,0.7,2.0,153.8,0.3,0.2,200.0,0.0,,
"2018.12",94.7,1.5,1.6,0.0,-0.1,-100.0,-0.5,4.6,90.2,-1.6,-2.6,-260.0,-2.1,0.0,0.0,2.9,4.3,307.1,0.5,1.3,162.5,-3.6,-4.9,-376.9,-0.16,-0.20,-900.0,99.4,-2.0,-2.0,-0.3,-0.1,-50.0,1.4,-2.7,-65.9,-0.3,0.1,25.0,98.5,1.7,1.8,0.0,0.3,100.0,-0.7,-0.2,-40.0,-0.2,0.1,33.3,-1.5,2.4,61.5,0.8,0.7,700.0,-0.4,0.7,63.6,0.7,0.9,450.0,0.1,0.0,0.0,99.8,-0.9,-0.9,-0.2,0.4,66.7,96.5,3.1,3.3,0.4,0.0,0.0,1.9,0.1,5.6,0.0,,,2.7,2.1,350.0,0.1,-0.1,-50.0,0.1,0.0,0.0
"2019.01",94.9,1.4,1.5,0.2,-0.1,-33.3,-0.1,3.0,96.8,-1.1,-0.2,-22.2,-1.8,-4.9,-158.1,3.2,-21.0,-86.8,0.6,1.6,160.0,-0.8,-1.3,-260.0,-0.17,-0.20,-750.0,99.3,-2.2,-2.2,-0.1,-0.2,-200.0,1.3,-2.7,-67.5,-0.1,0.0,0.0,98.9,1.7,1.7,0.4,0.0,0.0,-1.1,,,0.0,-0.3,-100.0,2.5,-1.5,-37.5,1.3,0.3,30.0,0.3,1.0,142.9,1.2,0.8,200.0,0.0,-0.1,-100.0,100.0,-0.9,-0.9,0.2,0.0,0.0,96.8,3.1,3.3,0.3,0.0,0.0,0.4,-0.2,-33.3,0.0,0.2,100.0,-0.3,-3.3,-110.0,0.1,-0.1,-50.0,0.0,-0.1,-100.0
"2019.02",95.0,1.2,1.3,0.1,-0.2,-66.7,1.0,3.1,147.6,1.1,1.5,375.0,-2.5,-4.4,-231.6,-1.2,-3.6,-150.0,-0.7,-0.3,-75.0,2.0,3.3,253.8,-0.14,-0.10,-600.0,99.1,-2.3,-2.3,-0.2,-0.1,-100.0,1.3,-2.5,-65.8,0.0,0.2,100.0,98.5,1.0,1.0,-0.4,-0.7,-233.3,-1.5,-1.6,-1600.0,0.1,-0.4,-80.0,0.1,0.2,200.0,-0.8,-0.9,-900.0,-1.4,-0.8,-133.3,-1.5,-3.4,-178.9,0.0,0.1,100.0,99.4,-1.6,-1.6,-0.6,-0.7,-700.0,96.9,3.0,3.2,0.1,-0.1,-50.0,-0.4,-1.0,-166.7,-0.1,,,-2.2,-4.1,-215.8,0.0,0.1,100.0,0.0,,
"2019.03",95.4,1.4,1.5,0.4,0.2,100.0,2.3,2.4,2400.0,0.6,2.0,142.9,0.8,-0.9,-52.9,9.8,10.2,2550.0,-1.5,-0.8,-114.3,1.4,1.6,800.0,-0.01,-0.10,-114.3,99.2,-2.2,-2.2,0.1,,,1.5,-2.2,-59.5,0.2,0.3,300.0,98.6,0.9,0.9,0.1,-0.1,-50.0,-0.1,-0.4,-133.3,0.2,-0.1,-33.3,0.8,2.1,161.5,0.8,-0.4,-33.3,-0.4,0.0,0.0,-2.4,-2.5,-2500.0,0.2,0.3,300.0,99.3,-1.6,-1.6,-0.1,0.0,0.0,97.0,2.9,3.1,0.1,-0.1,-50.0,-1.3,-1.7,-425.0,-0.2,,,1.0,0.3,42.9,0.1,0.2,200.0,0.0,,
"2019.04",95.7,1.7,1.8,0.3,,,-0.4,-0.7,-233.3,2.0,1.9,1900.0,-0.3,2.0,87.0,7.1,25.8,138.0,-1.4,-0.6,-75.0,1.7,2.5,312.5,-0.04,-0.10,-500.0,99.2,-1.9,-1.9,0.0,0.3,100.0,1.6,-1.6,-50.0,0.1,0.6,120.0,98.6,0.9,0.9,0.0,,,0.6,0.0,0.0,0.2,-0.2,-50.0,-2.2,0.3,12.0,-0.7,-1.2,-240.0,-0.8,,,0.1,,,0.2,0.3,300.0,99.1,-1.7,-1.7,-0.2,-0.1,-100.0,97.2,2.8,3.0,0.2,-0.1,-33.3,0.5,-0.2,-28.6,-0.2,-0.3,-300.0,-0.6,-0.8,-400.0,0.0,0.2,100.0,0.0,,
"2019.05",95.7,1.4,1.5,0.0,-0.3,-100.0,-1.1,-3.9,-139.3,-1.1,-1.4,-466.7,0.4,0.1,33.3,-1.5,-7.2,-126.3,-0.6,0.8,57.1,-1.9,-2.2,-733.3,-0.05,0.00,-400.0,99.0,-2.1,-2.1,-0.2,,,1.6,-1.5,-48.4,0.0,0.1,100.0,99.2,1.3,1.3,0.6,0.4,200.0,1.3,0.7,116.7,0.6,,,2.0,2.9,322.2,1.3,1.5,750.0,0.2,-0.3,-60.0,-0.3,-0.6,-200.0,0.1,,,99.5,-1.2,-1.2,0.4,0.5,500.0,97.5,2.8,3.0,0.3,0.0,0.0,0.7,0.3,75.0,-0.2,-0.3,-300.0,4.3,4.6,1533.3,0.0,,,0.0,,
"2019.06",95.8,1.3,1.4,0.1,-0.1,-50.0,-1.6,-3.6,-180.0,-0.6,-1.3,-185.7,-0.4,0.7,63.6,-14.3,-10.2,-248.8,0.2,1.0,125.0,-0.9,-0.1,-12.5,-0.10,-0.10,-400.0,98.7,-2.3,-2.3,-0.3,-0.2,-200.0,1.5,-1.5,-50.0,-0.1,0.0,0.0,99.4,1.3,1.3,0.2,0.0,0.0,0.6,-0.4,-40.0,-0.1,-0.4,-133.3,0.9,1.2,400.0,-0.8,-0.4,-100.0,0.2,-1.1,-84.6,1.0,2.0,200.0,0.0,0.1,100.0,99.5,-1.2,-1.2,0.0,,,97.7,2.8,3.0,0.2,0.0,0.0,0.9,0.5,125.0,0.0,,,-2.1,-3.8,-223.5,0.0,,,0.0,,
"2019.07",95.7,1.0,1.1,-0.1,-0.3,-150.0,-0.6,-1.5,-166.7,-1.9,-0.5,-35.7,-1.1,-0.6,-120.0,-15.8,-19.2,-564.7,0.3,0.5,250.0,-2.1,0.3,12.5,-0.08,0.00,-100.0,98.4,-2.5,-2.5,-0.3,-0.2,-200.0,1.3,-1.5,-53.6,-0.2,0.0,0.0,99.6,1.4,1.4,0.2,0.1,100.0,0.5,0.3,150.0,0.1,-0.1,-50.0,-0.1,0.7,87.5,-0.4,,,0.0,-0.2,-100.0,1.1,0.8,266.7,0.0,0.1,100.0,99.5,-1.1,-1.1,0.0,0.1,100.0,98.0,2.9,3.0,0.3,0.1,50.0,0.8,1.0,500.0,0.0,0.1,100.0,0.0,-1.0,-100.0,0.1,0.2,200.0,0.0,,
"2019.08",95.9,1.3,1.4,0.2,0.3,300.0,1.5,2.2,314.3,-1.0,0.7,41.2,0.0,2.6,100.0,1.1,8.6,114.7,0.3,0.0,0.0,-2.3,0.2,8.0,-0.09,0.00,10.0,98.3,-2.2,-2.2,-0.1,0.3,75.0,1.4,-1.0,-41.7,0.1,0.5,125.0,99.9,1.5,1.5,0.3,0.1,50.0,0.2,0.0,0.0,0.3,0.2,200.0,-0.6,-0.5,-500.0,0.6,0.4,200.0,0.9,0.5,125.0,0.0,0.3,100.0,0.1,0.2,200.0,99.6,-0.9,-0.9,0.1,0.2,200.0,98.2,2.9,3.0,0.2,0.0,0.0,-0.1,-0.4,-133.3,0.1,0.2,200.0,0.7,1.2,240.0,0.2,,,-0.1,,
"2019.09",96.3,1.6,1.7,0.4,0.3,300.0,-0.2,-0.7,-140.0,-0.2,0.0,0.0,-0.2,2.4,92.3,19.0,15.4,427.8,-0.3,,,-1.0,0.3,23.1,0.02,0.10,116.7,98.4,-1.9,-1.9,0.1,0.3,150.0,1.7,-0.5,-22.7,0.3,0.5,250.0,100.2,1.9,1.9,0.3,0.4,400.0,1.0,1.3,433.3,0.5,0.3,150.0,-1.1,-0.7,-175.0,0.2,0.7,140.0,0.6,0.7,700.0,-0.5,1.1,68.8,0.1,,,99.8,-0.4,-0.4,0.2,0.5,166.7,98.5,3.1,3.2,0.3,0.2,200.0,0.6,1.2,200.0,-0.2,-0.1,-100.0,2.4,4.2,233.3,0.1,0.0,0.0,-0.1,,
"2019.10",96.9,2.1,2.2,0.6,0.5,500.0,0.1,-0.9,-90.0,0.4,0.6,300.0,3.0,4.6,287.5,18.3,21.8,622.9,0.1,0.9,112.5,-0.2,1.7,89.5,0.10,0.20,242.9,98.7,-1.4,-1.4,0.3,0.5,250.0,2.2,0.2,10.0,0.5,0.7,350.0,100.5,2.1,2.1,0.3,0.2,200.0,-0.1,-0.2,-200.0,0.3,0.0,0.0,0.3,1.5,125.0,0.5,0.7,350.0,-0.2,-0.7,-140.0,-0.5,-0.2,-66.7,0.2,0.1,100.0,99.8,-0.3,-0.3,0.0,0.1,100.0,98.7,3.0,3.1,0.2,-0.1,-33.3,-0.5,-0.8,-266.7,-0.1,,,-0.6,-3.8,-118.8,0.3,0.2,200.0,-0.1,,
"2019.11",97.4,2.7,2.9,0.5,0.6,600.0,0.9,2.8,147.4,1.1,2.1,210.0,-0.2,1.5,88.2,5.9,5.7,2850.0,-0.5,-0.2,-66.7,3.0,6.0,200.0,0.21,0.30,400.0,98.9,-0.8,-0.8,0.2,0.6,150.0,2.6,0.9,52.9,0.4,0.7,233.3,100.5,2.0,2.0,0.0,-0.1,-100.0,0.6,1.4,175.0,0.0,0.2,100.0,-1.6,0.6,27.3,0.2,0.0,0.0,-0.4,0.1,20.0,-0.9,-2.3,-164.3,0.2,-0.1,-33.3,99.7,-0.3,-0.3,-0.1,0.0,0.0,98.8,2.7,2.8,0.1,-0.3,-75.0,0.4,-0.9,-69.2,-0.1,-0.2,-200.0,-2.9,-3.6,-514.3,0.2,-0.1,-33.3,0.0,,
"2019.12",98.0,3.3,3.5,0.6,,,4.6,5.1,1020.0,0.3,1.9,118.8,2.4,4.5,214.3,-0.7,-3.6,-124.1,-0.6,-1.1,-220.0,1.6,5.2,144.4,0.12,0.30,175.0,99.2,-0.2,-0.2,0.3,0.6,200.0,3.1,1.7,121.4,0.5,0.8,266.7,101.1,2.6,2.6,0.6,,,0.6,1.3,185.7,0.4,0.6,300.0,0.4,1.9,126.7,1.5,0.7,87.5,0.3,0.7,175.0,0.0,-0.7,-100.0,0.4,0.3,300.0,100.1,0.3,0.3,0.4,0.6,300.0,99.1,2.6,2.7,0.3,-0.1,-25.0,-0.9,-2.8,-147.4,0.0,,,1.3,-1.4,-51.9,0.4,0.3,300.0,0.0,-0.1,-100.0
"2020.01",98.3,3.4,3.6,0.3,0.1,50.0,0.2,0.3,300.0,1.5,2.6,236.4,-0.3,1.5,83.3,-5.0,-8.2,-256.3,-0.6,-1.2,-200.0,2.2,3.0,375.0,0.04,0.20,123.5,99.3,0.0,0.0,0.1,0.2,200.0,3.4,2.1,161.5,0.3,0.4,400.0,101.4,2.5,2.5,0.3,-0.1,-25.0,-0.6,0.5,45.5,1.2,,,-0.4,-2.9,-116.0,0.1,-1.2,-92.3,-0.7,-1.0,-333.3,1.0,-0.2,-16.7,0.3,,,100.2,0.2,0.2,0.1,-0.1,-50.0,99.3,2.5,2.6,0.2,-0.1,-33.3,0.2,-0.2,-50.0,-0.1,,,-1.6,-1.3,-433.3,0.4,0.3,300.0,0.0,,
"2020.02",98.6,3.6,3.8,0.3,0.2,200.0,-0.8,-1.8,-180.0,-1.6,-2.7,-245.5,1.3,3.8,152.0,2.3,3.5,291.7,0.5,1.2,171.4,0.6,-1.4,-70.0,-0.06,0.10,57.1,99.3,0.2,0.2,0.0,0.2,100.0,3.6,2.3,176.9,0.2,,,100.9,2.4,2.4,-0.5,-0.1,-25.0,-1.5,0.0,0.0,0.0,-0.1,-100.0,2.5,2.4,2400.0,-2.6,-1.8,-225.0,-2.9,-1.5,-107.1,-0.5,1.0,66.7,0.2,,,99.5,0.1,0.1,-0.7,-0.1,-16.7,99.5,2.6,2.7,0.2,0.1,100.0,0.4,0.8,200.0,-0.2,-0.1,-100.0,-0.9,1.3,59.1,0.2,,,0.0,,
"2020.03",98.5,3.1,3.2,-0.1,-0.5,-125.0,-3.3,-5.6,-243.5,-8.9,-9.5,-1583.3,-0.5,-1.3,-162.5,-7.8,-17.6,-179.6,2.2,3.7,246.7,-5.5,-6.9,-492.9,0.03,0.00,400.0,98.9,-0.3,-0.3,-0.4,-0.5,-500.0,3.3,1.8,120.0,-0.3,-0.5,-250.0,99.9,1.3,1.3,-1.0,-1.1,-1100.0,-0.8,-0.7,-700.0,-2.0,-2.2,-1100.0,0.6,-0.2,-25.0,-3.3,-4.1,-512.5,-1.5,-1.1,-275.0,3.0,5.4,225.0,-0.9,-1.1,-550.0,98.4,-0.9,-0.9,-1.1,-1.0,-1000.0,99.4,2.4,2.5,-0.1,-0.2,-200.0,0.5,1.8,138.5,-0.2,0.0,0.0,-3.0,-4.0,-400.0,-0.8,-0.9,-900.0,0.0,,
"2020.04",98.5,2.8,2.9,0.0,-0.3,-100.0,-0.3,0.1,25.0,-12.2,-14.2,-710.0,0.3,0.6,200.0,-8.8,-15.9,-223.9,3.3,4.7,335.7,-5.7,-7.4,-435.3,0.10,0.10,350.0,98.6,-0.6,-0.6,-0.3,,,3.1,1.5,93.8,-0.2,-0.3,-300.0,99.0,0.4,0.4,-0.9,,,-0.6,-1.2,-200.0,-3.1,-3.3,-1650.0,-0.6,1.6,72.7,-1.0,-0.3,-42.9,-0.4,0.4,50.0,3.0,2.9,2900.0,-1.2,-1.4,-700.0,97.3,-1.8,-1.8,-1.1,-0.9,-450.0,99.4,2.2,2.3,0.0,-0.2,-100.0,0.2,-0.3,-60.0,-0.1,0.1,50.0,0.3,0.9,150.0,-1.3,,,0.1,,
"2020.05",98.5,2.8,2.9,0.0,,,-2.9,-1.8,-163.6,-8.8,-7.7,-700.0,-1.0,-1.4,-350.0,0.9,2.4,160.0,1.4,2.0,333.3,-3.5,-1.6,-84.2,0.10,0.20,300.0,98.2,-0.8,-0.8,-0.4,-0.2,-100.0,2.8,1.2,75.0,-0.3,,,98.2,-1.0,-1.0,-0.8,-1.4,-233.3,-2.1,-3.4,-261.5,-1.8,-2.4,-400.0,-1.9,-3.9,-195.0,2.2,0.9,69.2,-0.5,-0.7,-350.0,-1.0,-0.7,-233.3,-1.1,-1.2,-1200.0,96.3,-3.2,-3.2,-1.0,-1.4,-350.0,99.5,2.0,2.1,0.1,-0.2,-66.7,0.2,-0.5,-71.4,0.0,0.2,100.0,2.8,-1.5,-34.9,-1.0,,,0.1,,
"2020.06",99.0,3.2,3.3,0.5,0.4,400.0,-1.5,0.1,6.3,-0.1,0.5,83.3,-0.5,-0.1,-25.0,17.1,31.4,219.6,-0.6,-0.8,-400.0,6.2,7.1,788.9,0.12,0.20,220.0,98.5,-0.2,-0.2,0.3,0.6,200.0,3.1,1.6,106.7,0.3,0.4,400.0,98.4,-1.0,-1.0,0.2,0.0,0.0,-1.7,-2.3,-383.3,0.7,0.8,800.0,-1.1,-2.0,-222.2,3.3,4.1,512.5,-0.4,-0.6,-300.0,0.1,-0.9,-90.0,0.0,,,96.4,-3.1,-3.1,0.1,,,99.7,2.0,2.0,0.2,0.0,0.0,0.8,-0.1,-11.1,0.0,,,0.8,2.9,138.1,-0.1,,,0.0,,
"2020.07",99.6,3.9,4.1,0.6,0.7,700.0,0.8,1.4,233.3,5.2,7.1,373.7,-0.9,0.2,18.2,14.6,30.4,192.4,-1.5,-1.8,-600.0,5.8,7.9,376.2,0.03,0.10,137.5,98.8,0.4,0.4,0.3,0.6,200.0,3.4,2.1,161.5,0.3,0.5,250.0,98.8,-0.8,-0.8,0.4,0.2,100.0,0.1,-0.4,-80.0,1.3,1.2,1200.0,0.5,0.6,600.0,0.6,1.0,250.0,0.0,,,-2.1,-3.2,-290.9,0.3,,,96.6,-2.9,-2.9,0.2,,,99.9,1.9,1.9,0.2,-0.1,-33.3,-0.1,-0.9,-112.5,0.0,,,0.0,,,0.4,0.3,300.0,-0.2,,
"2020.08",100.5,4.6,4.8,0.9,0.7,350.0,2.3,0.8,53.3,6.5,7.5,750.0,0.6,,,4.1,3.0,272.7,0.0,-0.3,-100.0,6.1,8.4,365.2,0.05,0.10,155.6,99.4,1.1,1.1,0.6,0.7,700.0,3.9,2.5,178.6,0.5,0.4,400.0,99.4,-0.5,-0.5,0.6,0.3,100.0,3.3,3.1,1550.0,0.8,0.5,166.7,-2.0,-1.4,-233.3,0.1,-0.5,-83.3,2.5,1.6,177.8,-3.6,,,0.3,0.2,200.0,97.0,-2.6,-2.6,0.4,0.3,300.0,100.2,2.0,2.0,0.3,0.1,50.0,0.0,0.1,100.0,0.0,-0.1,-100.0,1.7,1.0,142.9,0.3,0.1,50.0,-0.2,-0.1,-100.0
"2020.09",101.1,4.8,5.0,0.6,0.2,50.0,2.8,3.0,1500.0,3.1,3.3,1650.0,-0.1,0.1,50.0,-2.0,-21.0,-110.5,1.0,1.3,433.3,3.5,4.5,450.0,0.02,0.00,0.0,99.7,1.3,1.3,0.3,0.2,200.0,4.3,2.6,152.9,0.4,0.1,33.3,100.2,0.0,0.0,0.8,0.5,166.7,2.5,1.5,150.0,0.1,-0.4,-80.0,1.8,2.9,263.6,-0.1,-0.3,-150.0,1.4,0.8,133.3,1.7,2.2,440.0,0.1,0.0,0.0,97.6,-2.2,-2.2,0.6,0.4,200.0,100.5,2.0,2.0,0.3,0.0,0.0,-1.0,-1.6,-266.7,0.1,0.3,150.0,1.1,-1.3,-54.2,0.1,0.0,0.0,-0.1,0.0,0.0
"2020.10",101.7,4.8,5.0,0.6,0.0,0.0,2.8,2.7,2700.0,4.0,3.6,900.0,-0.6,-3.6,-120.0,-3.5,-21.8,-119.1,0.7,0.6,600.0,2.3,2.5,1250.0,0.03,-0.10,-70.0,100.0,1.3,1.3,0.3,0.0,0.0,4.7,2.5,113.6,0.4,-0.1,-20.0,100.7,0.2,0.2,0.5,0.2,66.7,1.7,1.8,1800.0,0.0,-0.3,-100.0,-2.3,-2.6,-866.7,1.0,0.5,100.0,1.4,1.6,800.0,1.6,2.1,420.0,0.1,-0.1,-50.0,97.9,-1.9,-1.9,0.3,,,100.6,1.9,1.9,0.1,-0.1,-50.0,-1.4,-0.9,-180.0,-0.3,-0.2,-200.0,4.4,5.0,833.3,0.1,-0.2,-66.7,-0.1,0.0,0.0
"2020.11",102.5,5.1,5.2,0.8,0.3,60.0,4.8,3.9,433.3,2.9,1.8,163.6,1.6,1.8,900.0,1.7,-4.2,-71.2,0.1,0.6,120.0,2.2,-0.8,-26.7,0.07,-0.10,-66.7,100.5,1.6,1.6,0.5,0.3,150.0,5.2,2.6,100.0,0.5,0.1,25.0,101.5,1.0,1.0,0.8,,,1.4,0.8,133.3,0.6,,,1.9,3.5,218.8,0.1,-0.1,-50.0,1.4,1.8,450.0,1.1,2.0,222.2,0.2,0.0,0.0,98.5,-1.2,-1.2,0.6,0.7,700.0,100.8,2.0,2.0,0.2,0.1,100.0,-2.0,-2.4,-600.0,0.1,0.2,200.0,1.8,4.7,162.1,0.2,0.0,0.0,-0.1,,
"2020.12",103.1,5.1,5.2,0.6,0.0,0.0,-0.4,-5.0,-108.7,2.8,2.5,833.3,1.7,-0.7,-29.2,-0.9,-0.2,-28.6,-0.7,-0.1,-16.7,5.3,3.7,231.3,0.03,-0.10,-75.0,100.8,1.6,1.6,0.3,0.0,0.0,5.5,2.4,77.4,0.3,-0.2,-40.0,101.6,0.5,0.5,0.1,-0.5,-83.3,0.4,-0.2,-33.3,0.2,-0.2,-50.0,-2.5,-2.9,-725.0,-0.4,-1.9,-126.7,0.1,-0.2,-66.7,1.2,,,0.0,-0.4,-100.0,98.4,-1.7,-1.7,-0.1,-0.5,-125.0,101.1,2.0,2.0,0.3,0.0,0.0,-0.9,0.0,0.0,0.0,,,2.3,1.0,76.9,0.1,-0.3,-75.0,0.0,,
"2021.01",103.8,5.5,5.6,0.7,0.4,133.3,1.6,1.4,700.0,1.4,-0.1,-6.7,2.8,3.1,1033.3,4.1,9.1,182.0,-1.1,-0.5,-83.3,9.6,7.4,336.4,0.05,0.00,25.0,101.2,1.9,1.9,0.4,0.3,300.0,6.0,2.6,76.5,0.5,0.2,66.7,101.5,0.1,0.1,-0.1,-0.4,-133.3,0.6,1.2,200.0,-0.3,-1.5,-125.0,-0.7,-0.3,-75.0,0.7,0.6,600.0,-0.6,0.1,14.3,0.2,-0.8,-80.0,-0.4,-0.7,-233.3,98.1,-2.1,-2.1,-0.3,-0.4,-400.0,101.4,2.1,2.1,0.3,0.1,50.0,0.0,-0.2,-100.0,0.6,0.7,700.0,-0.2,1.4,87.5,-0.4,-0.8,-200.0,0.0,,
"2021.02",104.4,5.8,5.9,0.6,0.3,100.0,1.8,2.6,325.0,1.6,3.2,200.0,1.8,0.5,38.5,-2.5,-4.8,-208.7,-1.2,-1.7,-340.0,7.0,6.4,1066.7,0.02,0.10,133.3,101.5,2.2,2.2,0.3,,,6.2,2.6,72.2,0.2,0.0,0.0,101.7,0.8,0.8,0.2,0.7,140.0,1.3,2.8,186.7,0.0,,,-1.6,-4.1,-164.0,0.0,2.6,100.0,-0.2,2.7,93.1,1.6,2.1,420.0,-0.1,-0.3,-150.0,98.1,-1.4,-1.4,0.0,0.7,100.0,101.8,2.3,2.3,0.4,0.2,100.0,0.5,0.1,25.0,0.2,0.4,200.0,1.1,2.0,222.2,-0.1,-0.3,-150.0,0.0,,
"2021.03",105.1,6.6,6.7,0.7,0.8,800.0,1.9,5.2,157.6,5.3,14.2,159.6,1.3,1.8,360.0,-2.1,5.7,73.1,-0.7,-2.9,-131.8,3.1,8.6,156.4,0.08,0.10,166.7,101.9,3.0,3.0,0.4,0.8,200.0,6.4,3.1,93.9,0.2,0.5,166.7,102.3,2.4,2.4,0.6,1.6,160.0,0.7,1.5,187.5,1.5,3.5,175.0,-0.8,-1.4,-233.3,0.6,3.9,118.2,-0.4,1.1,73.3,1.4,-1.6,-53.3,0.4,1.3,144.4,98.6,0.2,0.2,0.5,1.6,145.5,102.2,2.8,2.8,0.4,0.5,500.0,-0.1,-0.6,-120.0,0.3,0.5,250.0,1.7,4.7,156.7,0.3,1.1,137.5,0.0,,
"2021.04",105.8,7.3,7.4,0.7,,,1.4,1.7,566.7,4.4,16.6,136.1,1.5,1.2,400.0,5.5,14.3,162.5,0.7,-2.6,-78.8,0.8,6.5,114.0,0.09,0.00,-10.0,102.3,3.7,3.8,0.4,0.7,233.3,6.7,3.6,116.1,0.3,0.5,250.0,103.4,4.4,4.4,1.1,2.0,222.2,0.4,1.0,166.7,1.6,4.7,151.6,0.6,1.2,200.0,0.5,1.5,150.0,0.4,0.8,200.0,2.4,-0.6,-20.0,0.8,2.0,166.7,99.4,2.1,2.2,0.8,1.9,172.7,102.7,3.3,3.3,0.5,,,-0.3,-0.5,-250.0,0.2,0.3,300.0,2.5,2.2,733.3,0.8,2.1,161.5,0.0,-0.1,-100.0
"2021.05",106.5,8.0,8.1,0.7,,,3.1,6.0,206.9,3.0,11.8,134.1,0.9,1.9,190.0,-2.1,-3.0,-333.3,0.6,-0.8,-57.1,0.8,4.3,122.9,0.10,0.00,0.0,102.7,4.5,4.6,0.4,0.8,200.0,7.0,4.2,150.0,0.3,0.6,200.0,103.8,5.6,5.7,0.4,1.2,150.0,-1.0,1.1,52.4,1.1,2.9,161.1,-1.3,0.6,31.6,1.0,-1.2,-54.5,-0.7,-0.2,-40.0,1.3,2.3,230.0,0.4,1.5,136.4,99.6,3.3,3.4,0.2,1.2,120.0,103.1,3.6,3.6,0.4,0.3,300.0,-0.5,-0.7,-350.0,0.2,,,2.2,-0.6,-21.4,0.3,1.3,130.0,0.0,-0.1,-100.0
"2021.06",107.2,8.2,8.3,0.7,0.2,40.0,2.2,3.7,246.7,2.8,2.9,2900.0,1.3,1.8,360.0,-1.9,-19.0,-111.1,0.0,0.6,100.0,2.4,-3.8,-61.3,0.04,-0.10,-66.7,103.0,4.5,4.6,0.3,0.0,0.0,7.2,4.1,132.3,0.2,-0.1,-33.3,104.0,5.6,5.7,0.2,0.0,0.0,-0.3,1.4,82.4,0.6,-0.1,-14.3,-1.0,0.1,9.1,0.7,-2.6,-78.8,-0.3,0.1,25.0,-0.5,-0.6,-600.0,0.2,,,99.6,3.2,3.3,0.0,-0.1,-100.0,103.4,3.7,3.7,0.3,0.1,50.0,-0.4,-1.2,-150.0,0.1,,,0.0,-0.8,-100.0,0.2,0.3,300.0,0.0,,
"2021.07",107.3,7.7,7.7,0.1,-0.5,-83.3,-1.2,-2.0,-250.0,-0.5,-5.7,-109.6,-0.9,0.0,0.0,-8.4,-23.0,-157.5,-0.8,0.7,46.7,0.9,-4.9,-84.5,0.02,0.00,-33.3,102.9,4.1,4.1,-0.1,-0.4,-133.3,6.8,3.4,100.0,-0.4,-0.7,-233.3,104.2,5.4,5.5,0.2,-0.2,-50.0,0.8,0.7,700.0,0.1,-1.2,-92.3,-1.0,-1.5,-300.0,0.5,-0.1,-16.7,-0.3,,,0.0,2.1,100.0,0.2,-0.1,-33.3,99.6,3.0,3.1,0.0,-0.2,-100.0,103.8,3.9,3.9,0.4,0.2,100.0,0.4,0.5,500.0,0.1,,,-0.3,,,0.2,-0.2,-50.0,0.0,0.2,100.0
"2021.08",107.4,6.9,6.9,0.1,-0.8,-88.9,-5.9,-8.2,-356.5,0.0,-6.5,-100.0,-0.9,-1.5,-250.0,10.8,6.7,163.4,-0.5,,,0.1,-6.0,-98.4,-0.03,-0.10,-160.0,102.7,3.3,3.3,-0.2,-0.8,-133.3,6.4,2.5,64.1,-0.4,-0.9,-180.0,104.4,5.0,5.0,0.2,-0.4,-66.7,1.1,-2.2,-66.7,-0.3,-1.1,-137.5,0.1,2.1,105.0,0.6,0.5,500.0,-0.2,-2.7,-108.0,-0.9,2.7,75.0,0.2,-0.1,-33.3,99.6,2.6,2.7,0.0,-0.4,-100.0,104.1,3.9,3.9,0.3,0.0,0.0,2.0,,,0.1,,,-2.3,-4.0,-235.3,0.2,-0.1,-33.3,0.0,0.2,100.0
"2021.09",107.3,6.2,6.1,-0.1,-0.7,-116.7,-6.0,-8.8,-314.3,-1.6,-4.7,-151.6,-2.5,-2.4,-2400.0,-0.6,1.4,70.0,-0.3,-1.3,-130.0,-1.2,-4.7,-134.3,-0.06,-0.10,-400.0,102.3,2.6,2.6,-0.4,-0.7,-233.3,5.7,1.4,32.6,-0.7,-1.1,-275.0,104.7,4.5,4.5,0.3,-0.5,-62.5,0.6,-1.9,-76.0,0.1,0.0,0.0,0.2,-1.6,-88.9,0.9,1.0,1000.0,-0.9,-2.3,-164.3,-0.3,-2.0,-117.6,0.2,0.1,100.0,99.6,2.0,2.0,0.0,-0.6,-100.0,104.5,4.0,4.0,0.4,0.1,33.3,2.8,3.8,380.0,0.1,0.0,0.0,-0.5,-1.6,-145.5,0.2,0.1,100.0,0.1,0.2,200.0
"2021.10",107.1,5.4,5.3,-0.2,-0.8,-133.3,-6.1,-8.9,-317.9,0.7,-3.3,-82.5,-2.5,-1.9,-316.7,-0.7,2.8,80.0,-1.3,-2.0,-285.7,-2.8,-5.1,-221.7,0.08,0.10,166.7,101.9,1.9,1.9,-0.4,-0.7,-233.3,4.9,0.2,4.3,-0.8,-1.2,-300.0,105.1,4.4,4.4,0.4,-0.1,-20.0,0.1,-1.6,-94.1,0.8,,,0.2,2.5,108.7,0.6,-0.4,-40.0,-0.5,-1.9,-135.7,0.7,-0.9,-56.3,0.2,0.1,100.0,99.7,1.8,1.8,0.1,-0.2,-66.7,105.1,4.5,4.5,0.6,0.5,500.0,2.5,3.9,278.6,0.4,0.7,233.3,-0.4,-4.8,-109.1,0.2,0.1,100.0,0.1,0.2,200.0
"2021.11",107.1,4.6,4.5,0.0,-0.8,-100.0,-4.2,-9.0,-187.5,0.5,-2.4,-82.8,-1.4,-3.0,-187.5,-9.7,-11.4,-670.6,-1.2,-1.3,-1300.0,-2.3,-4.5,-204.5,0.10,0.00,42.9,101.5,1.0,1.0,-0.4,-0.9,-180.0,4.2,-1.0,-19.2,-0.7,-1.2,-240.0,105.7,4.2,4.1,0.6,-0.2,-25.0,0.4,-1.0,-71.4,1.4,0.8,133.3,-0.4,-2.3,-121.1,-0.1,-0.2,-200.0,0.5,-0.9,-64.3,1.0,-0.1,-9.1,0.3,0.1,50.0,100.0,1.5,1.5,0.3,-0.3,-50.0,105.7,4.9,4.9,0.6,0.4,200.0,1.3,3.3,165.0,0.1,0.0,0.0,3.0,1.2,66.7,0.2,0.0,0.0,0.1,0.2,200.0
"2021.12",107.3,4.2,4.1,0.2,-0.4,-66.7,-0.9,-0.5,-125.0,0.0,-2.8,-100.0,0.9,-0.8,-47.1,-0.2,0.7,77.8,-0.7,0.0,0.0,-1.7,-7.0,-132.1,-0.02,-0.10,-166.7,101.4,0.6,0.6,-0.1,-0.4,-133.3,3.7,-1.8,-32.7,-0.5,-0.8,-266.7,106.5,4.9,4.8,0.8,0.7,700.0,2.0,1.6,400.0,0.8,0.6,300.0,1.6,4.1,164.0,-0.3,0.1,25.0,1.6,1.5,1500.0,1.8,0.6,50.0,0.2,,,100.7,2.3,2.3,0.7,0.8,800.0,106.3,5.2,5.1,0.6,0.3,100.0,1.8,2.7,300.0,0.2,,,2.5,0.2,8.7,0.2,0.1,100.0,0.1,,
"2022.01",107.6,3.8,3.7,0.3,-0.4,-57.1,1.2,-0.4,-25.0,-0.1,-1.5,-107.1,4.0,1.2,42.9,3.6,-0.5,-12.2,-0.7,0.4,36.4,-1.4,-11.0,-114.6,-0.11,-0.20,-320.0,101.5,0.3,0.3,0.1,-0.3,-75.0,3.4,-2.6,-43.3,-0.3,-0.8,-160.0,107.3,5.8,5.7,0.8,0.9,900.0,1.7,1.1,183.3,0.7,1.0,333.3,1.7,2.4,342.9,-0.7,-1.4,-200.0,1.0,1.6,266.7,2.1,1.9,950.0,0.2,0.6,150.0,101.2,3.1,3.2,0.5,0.8,266.7,106.7,5.3,5.2,0.4,0.1,33.3,0.2,,,-0.2,-0.8,-133.3,3.7,3.9,1950.0,0.3,0.7,175.0,0.1,,
"2022.02",107.7,3.3,3.2,0.1,-0.5,-83.3,0.1,-1.7,-94.4,-0.2,-1.8,-112.5,-0.3,-2.1,-116.7,3.4,5.9,236.0,-1.5,-0.3,-25.0,-2.7,-9.7,-138.6,-0.03,-0.10,-250.0,101.3,-0.2,-0.2,-0.2,-0.5,-166.7,2.9,-3.3,-53.2,-0.5,-0.7,-350.0,107.6,5.9,5.8,0.3,0.1,50.0,1.0,-0.3,-23.1,-0.5,,,0.0,1.6,100.0,-0.6,,,-0.2,0.0,0.0,0.8,-0.8,-50.0,0.5,0.6,600.0,101.2,3.1,3.2,0.0,,,107.2,5.4,5.3,0.5,0.1,25.0,0.4,-0.1,-20.0,0.2,0.0,0.0,1.9,0.8,72.7,0.5,0.6,600.0,0.1,,
"2022.03",107.8,2.7,2.6,0.1,-0.6,-85.7,0.2,-1.7,-89.5,-0.3,-5.6,-105.7,0.4,-0.9,-69.2,4.8,6.9,328.6,-2.3,-1.6,-228.6,-3.4,-6.5,-209.7,0.13,0.10,62.5,101.1,-0.8,-0.8,-0.2,-0.6,-150.0,2.5,-3.9,-60.9,-0.4,-0.6,-300.0,107.7,5.4,5.3,0.1,-0.5,-83.3,0.0,-0.7,-100.0,0.3,-1.2,-80.0,-2.4,-1.6,-200.0,-0.6,-1.2,-200.0,-0.7,-0.3,-75.0,0.3,-1.1,-78.6,0.4,0.0,0.0,101.0,2.4,2.4,-0.2,-0.7,-140.0,107.6,5.4,5.3,0.4,0.0,0.0,-1.2,-1.1,-1100.0,0.1,-0.2,-66.7,0.7,-1.0,-58.8,0.4,0.1,33.3,0.0,,
"2022.04",108.0,2.2,2.1,0.2,-0.5,-71.4,-1.5,-2.9,-207.1,0.1,-4.3,-97.7,-3.9,-5.4,-360.0,2.4,-3.1,-56.4,-0.6,-1.3,-185.7,-2.0,-2.8,-350.0,0.25,0.20,177.8,101.0,-1.3,-1.3,-0.1,-0.5,-125.0,2.3,-4.4,-65.7,-0.2,-0.5,-166.7,107.6,4.2,4.1,-0.1,-1.2,-109.1,-0.5,-0.9,-225.0,0.9,-0.7,-43.8,-2.0,-2.6,-433.3,-0.2,-0.7,-140.0,-1.5,-1.9,-475.0,-1.8,-4.2,-175.0,0.4,-0.4,-50.0,100.7,1.3,1.3,-0.3,-1.1,-137.5,108.0,5.3,5.2,0.4,-0.1,-20.0,0.1,0.4,133.3,0.1,-0.1,-50.0,0.2,-2.3,-92.0,0.4,-0.4,-50.0,0.1,,
"2022.05",108.5,2.0,1.9,0.5,-0.2,-28.6,0.1,-3.0,-96.8,0.3,-2.7,-90.0,1.8,0.9,100.0,1.2,3.3,157.1,0.0,-0.6,-100.0,-1.2,-2.0,-250.0,0.15,0.10,50.0,101.2,-1.5,-1.5,0.2,-0.2,-50.0,2.4,-4.6,-65.7,0.1,-0.2,-66.7,108.0,4.2,4.0,0.4,0.0,0.0,-0.8,0.2,20.0,1.6,0.5,45.5,2.6,3.9,300.0,0.4,-0.6,-60.0,-0.6,0.1,14.3,-1.0,-2.3,-176.9,0.1,-0.3,-75.0,100.9,1.3,1.3,0.2,0.0,0.0,108.4,5.3,5.1,0.4,0.0,0.0,-0.5,0.0,0.0,0.1,-0.1,-50.0,1.2,-1.0,-45.5,0.2,-0.1,-33.3,0.1,,
"2022.06",108.8,1.6,1.5,0.3,-0.4,-57.1,-3.4,-5.6,-254.5,-0.3,-3.1,-110.7,0.5,-0.8,-61.5,2.9,4.8,252.6,0.7,,,-2.8,-5.2,-216.7,0.18,0.10,350.0,101.2,-1.8,-1.7,0.0,-0.3,-100.0,2.3,-4.9,-68.1,-0.1,-0.3,-150.0,108.3,4.3,4.1,0.3,0.1,50.0,-0.7,-0.4,-133.3,1.4,0.8,133.3,1.1,2.1,210.0,-0.6,-1.3,-185.7,-0.4,-0.1,-33.3,0.5,1.0,200.0,0.2,0.0,0.0,101.0,1.4,1.4,0.1,,,109.0,5.6,5.4,0.6,0.3,100.0,2.3,2.7,675.0,0.3,0.2,200.0,-0.4,,,0.2,0.0,0.0,0.2,,
"2022.07",108.9,1.6,1.5,0.1,0.0,0.0,-1.9,-0.7,-58.3,-2.7,-2.2,-440.0,2.6,3.5,388.9,-0.4,8.0,95.2,-0.1,0.7,87.5,-4.4,-5.3,-588.9,-0.17,-0.20,-950.0,100.9,-2.0,-1.9,-0.3,-0.2,-200.0,2.0,-4.8,-70.6,-0.3,0.1,25.0,108.8,4.6,4.4,0.5,0.3,150.0,-0.5,-1.3,-162.5,0.6,0.5,500.0,0.4,1.4,140.0,-0.3,-0.8,-160.0,0.9,1.2,400.0,2.1,,,0.1,-0.1,-50.0,101.2,1.6,1.6,0.2,,,109.7,5.9,5.7,0.6,0.2,50.0,2.3,1.9,475.0,0.3,0.2,200.0,1.8,2.1,700.0,0.2,0.0,0.0,0.3,,
"2022.08",109.1,1.7,1.6,0.2,0.1,100.0,-0.1,5.8,98.3,-2.6,,,3.3,4.2,466.7,7.3,-3.5,-32.4,0.0,0.5,100.0,-2.0,-2.1,-2100.0,-0.23,-0.20,-666.7,100.8,-1.9,-1.9,-0.1,0.1,50.0,2.0,-4.4,-68.8,0.0,0.4,100.0,109.4,5.0,4.8,0.6,0.4,200.0,-1.2,-2.3,-209.1,0.7,1.0,333.3,-0.5,-0.6,-600.0,1.0,0.4,66.7,1.0,1.2,600.0,3.6,4.5,500.0,0.1,-0.1,-50.0,101.5,1.9,1.9,0.3,,,110.4,6.3,6.1,0.6,0.3,100.0,1.8,-0.2,-10.0,0.2,0.1,100.0,3.0,5.3,230.4,0.0,-0.2,-100.0,0.3,,
"2022.09",109.3,2.0,1.9,0.2,0.3,300.0,4.2,10.2,170.0,-1.6,0.0,0.0,0.8,3.3,132.0,-0.3,0.3,50.0,-0.2,0.1,33.3,-1.9,-0.7,-58.3,-0.17,-0.10,-183.3,100.7,-1.6,-1.6,-0.1,0.3,75.0,2.0,-3.7,-64.9,0.0,0.7,100.0,109.7,5.0,4.8,0.3,0.0,0.0,-1.7,-2.3,-383.3,0.5,0.4,400.0,0.8,0.6,300.0,0.6,-0.3,-33.3,-0.2,0.7,77.8,1.9,2.2,733.3,0.1,-0.1,-50.0,101.6,2.0,2.0,0.1,,,110.9,6.4,6.1,0.5,0.1,25.0,-0.5,-3.3,-117.9,0.1,0.0,0.0,3.1,3.6,720.0,0.0,-0.2,-100.0,0.3,0.2,200.0
"2022.10",109.6,2.5,2.3,0.3,0.5,250.0,3.3,9.4,154.1,-0.9,-1.6,-228.6,1.9,4.4,176.0,-12.5,-11.8,-1685.7,-0.3,1.0,76.9,-1.8,1.0,35.7,0.00,-0.10,-100.0,100.7,-1.2,-1.2,0.0,0.4,100.0,2.0,-2.9,-59.2,0.0,0.8,100.0,109.8,4.7,4.5,0.1,-0.3,-75.0,-2.2,-2.3,-2300.0,0.3,-0.5,-62.5,3.1,2.9,1450.0,0.7,0.1,16.7,-1.0,-0.5,-100.0,0.5,-0.2,-28.6,0.0,-0.2,-100.0,101.5,1.8,1.8,-0.1,-0.2,-200.0,111.3,6.2,5.9,0.4,-0.2,-33.3,-0.7,-3.2,-128.0,0.0,-0.4,-100.0,-0.1,0.3,75.0,0.0,-0.2,-100.0,0.5,0.4,400.0
"2022.11",109.5,2.4,2.2,-0.1,,,-1.8,2.4,57.1,-2.7,-3.2,-640.0,-1.0,0.4,28.6,-16.5,-6.8,-70.1,-0.2,1.0,83.3,-0.9,1.4,60.9,-0.06,-0.20,-160.0,100.4,-1.1,-1.1,-0.3,0.1,25.0,1.8,-2.4,-57.1,-0.2,0.5,71.4,109.6,3.9,3.7,-0.2,-0.8,-133.3,-0.9,-1.3,-325.0,0.1,-1.3,-92.9,1.6,2.0,500.0,-1.4,-1.3,-1300.0,-0.7,-1.2,-240.0,-1.3,-2.3,-230.0,0.1,-0.2,-66.7,101.0,1.0,1.0,-0.5,-0.8,-266.7,111.8,6.1,5.8,0.4,-0.2,-33.3,1.0,-0.3,-23.1,0.0,-0.1,-100.0,-2.9,-5.9,-196.7,0.0,-0.2,-100.0,0.8,0.7,700.0
"2022.12",109.3,2.0,1.9,-0.2,-0.4,-200.0,-2.6,-1.7,-188.9,-2.2,,,0.4,-0.5,-55.6,-14.6,-14.4,-7200.0,0.2,0.9,128.6,0.4,2.1,123.5,-0.35,-0.30,-1650.0,99.9,-1.5,-1.5,-0.5,-0.4,-400.0,1.5,-2.2,-59.5,-0.3,0.2,40.0,109.1,2.6,2.4,-0.5,-1.3,-162.5,-2.2,-4.2,-210.0,0.0,-0.8,-100.0,0.9,-0.7,-43.8,-0.7,-0.4,-133.3,-0.9,-2.5,-156.3,-2.9,-4.7,-261.1,0.1,-0.1,-50.0,100.4,-0.3,-0.3,-0.6,-1.3,-185.7,112.3,6.0,5.6,0.4,-0.2,-33.3,1.2,-0.6,-33.3,-0.1,-0.3,-150.0,-2.3,-4.8,-192.0,0.0,-0.2,-100.0,0.8,0.7,700.0
"2023.01",109.2,1.6,1.5,-0.1,-0.4,-133.3,-4.4,-5.6,-466.7,-1.7,-1.6,-1600.0,-4.3,-8.3,-207.5,25.4,21.8,605.6,-0.1,0.6,85.7,1.9,3.3,235.7,-0.39,-0.30,-254.5,99.6,-1.9,-1.9,-0.3,-0.4,-400.0,1.3,-2.1,-61.8,-0.2,0.1,33.3,108.8,1.5,1.4,-0.3,-1.1,-137.5,-0.5,-2.2,-129.4,0.0,-0.7,-100.0,-0.8,-2.5,-147.1,-1.9,-1.2,-171.4,-0.3,-1.3,-130.0,-1.0,-3.1,-147.6,0.0,-0.2,-100.0,99.9,-1.3,-1.3,-0.5,-1.0,-200.0,112.7,6.0,5.6,0.4,0.0,0.0,1.8,1.6,800.0,-0.1,0.1,50.0,-0.3,-4.0,-108.1,0.0,-0.3,-100.0,0.3,0.2,200.0
"2023.02",109.2,1.5,1.4,0.0,-0.1,-100.0,0.0,-0.1,-100.0,0.0,0.2,100.0,-3.2,-2.9,-966.7,0.0,-3.4,-100.0,-0.6,0.9,60.0,0.5,3.2,118.5,-0.27,-0.20,-800.0,99.3,-2.0,-2.0,-0.3,-0.1,-50.0,1.1,-1.8,-62.1,-0.2,0.3,60.0,109.2,1.6,1.5,0.4,0.1,33.3,-0.9,-1.9,-190.0,0.4,0.9,180.0,2.9,,,1.0,1.6,266.7,-0.4,-0.2,-100.0,0.8,0.0,0.0,0.2,-0.3,-60.0,100.1,-1.1,-1.1,0.2,,,112.9,5.7,5.3,0.2,-0.3,-60.0,0.8,0.4,100.0,-0.1,-0.3,-150.0,-0.4,-2.3,-121.1,0.2,-0.3,-60.0,-0.3,-0.4,-400.0
"2023.03",109.2,1.4,1.3,0.0,-0.1,-100.0,0.3,0.1,50.0,-0.1,0.2,66.7,-2.8,-3.2,-800.0,-4.7,-9.5,-197.9,-0.2,2.1,91.3,0.8,4.2,123.5,-0.11,-0.20,-184.6,99.1,-2.0,-2.0,-0.2,0.0,0.0,1.1,-1.4,-56.0,0.0,0.4,100.0,109.9,2.2,2.0,0.6,0.5,500.0,2.0,,,0.3,0.0,0.0,1.3,3.7,154.2,0.3,0.9,150.0,0.4,1.1,157.1,0.4,0.1,33.3,0.2,-0.2,-50.0,100.5,-0.5,-0.5,0.4,0.6,300.0,113.0,5.4,5.0,0.1,-0.3,-75.0,0.3,1.5,125.0,0.0,-0.1,-100.0,0.7,0.0,0.0,0.3,-0.1,-25.0,-0.5,,
"2023.04",109.4,1.4,1.3,0.2,0.0,0.0,-0.2,1.3,86.7,1.3,1.2,1200.0,-0.7,3.2,82.1,-24.4,-26.8,-1116.7,-0.1,0.5,83.3,2.2,4.2,210.0,-0.12,-0.40,-148.0,98.9,-2.1,-2.1,-0.2,-0.1,-100.0,1.0,-1.3,-56.5,-0.1,0.1,50.0,110.4,2.8,2.6,0.5,0.6,600.0,0.7,1.2,240.0,0.6,-0.3,-33.3,1.2,3.2,160.0,1.0,1.2,600.0,-0.3,1.2,80.0,-0.3,1.5,83.3,0.2,-0.2,-50.0,100.7,0.0,0.0,0.2,0.5,166.7,113.3,5.3,4.9,0.3,-0.1,-25.0,1.7,1.6,1600.0,0.0,-0.1,-100.0,-0.9,-1.1,-550.0,0.3,-0.1,-25.0,-0.3,-0.4,-400.0
"2023.05",109.8,1.3,1.2,0.4,-0.1,-20.0,-0.7,-0.8,-800.0,1.0,0.7,233.3,0.4,-1.4,-77.8,3.0,1.8,150.0,0.9,,,1.0,2.2,183.3,-0.10,-0.30,-166.7,99.1,-2.1,-2.1,0.2,0.0,0.0,1.2,-1.2,-50.0,0.2,0.1,100.0,110.7,2.7,2.5,0.3,-0.1,-25.0,2.1,2.9,362.5,0.1,-1.5,-93.8,-1.9,-4.5,-173.1,-0.8,-1.2,-300.0,0.4,1.0,166.7,1.0,2.0,200.0,0.1,0.0,0.0,100.8,-0.1,-0.1,0.1,-0.1,-50.0,113.5,5.1,4.7,0.2,-0.2,-50.0,1.5,2.0,400.0,-0.1,-0.2,-200.0,-2.0,-3.2,-266.7,0.2,0.0,0.0,-0.1,-0.2,-200.0
"2023.06",110.5,1.7,1.6,0.6,0.3,100.0,4.0,7.4,217.6,1.5,1.8,600.0,0.0,-0.5,-100.0,8.6,5.7,196.6,0.7,0.0,0.0,2.4,5.2,185.7,-0.01,-0.20,-105.6,99.4,-1.8,-1.8,0.3,,,1.7,-0.6,-26.1,0.5,0.6,600.0,110.9,2.6,2.4,0.2,-0.1,-33.3,0.0,0.7,100.0,0.3,-1.1,-78.6,0.3,-0.8,-72.7,0.2,0.8,133.3,0.1,0.5,125.0,-0.3,-0.8,-160.0,0.1,-0.1,-50.0,100.8,-0.2,-0.2,0.0,-0.1,-100.0,113.7,4.7,4.3,0.2,-0.4,-66.7,0.2,-2.1,-91.3,-0.2,-0.5,-166.7,1.7,2.1,525.0,0.0,-0.2,-100.0,0.0,-0.2,-100.0
"2023.07",111.1,2.2,2.0,0.5,0.4,400.0,3.8,5.7,300.0,0.1,2.8,103.7,0.0,-2.6,-100.0,2.2,2.6,650.0,0.7,0.8,800.0,0.9,5.3,120.5,0.11,0.30,164.7,99.8,-1.1,-1.1,0.4,0.7,233.3,2.1,0.1,5.0,0.4,0.7,233.3,110.8,2.0,1.8,-0.1,-0.6,-120.0,-0.2,0.3,60.0,0.4,-0.2,-33.3,-0.1,-0.5,-125.0,-0.4,-0.1,-33.3,0.2,-0.7,-77.8,-3.0,-5.1,-242.9,0.0,-0.1,-100.0,100.5,-0.7,-0.7,-0.3,-0.5,-250.0,113.7,4.0,3.6,0.0,-0.6,-100.0,-1.5,-3.8,-165.2,-0.3,-0.6,-200.0,-1.9,-3.7,-205.6,0.0,-0.2,-100.0,0.0,-0.3,-100.0
"2023.08",111.5,2.4,2.2,0.4,0.2,100.0,1.9,2.0,2000.0,-0.1,2.5,96.2,-1.4,-4.7,-142.4,-10.6,-17.9,-245.2,0.1,,,0.5,2.5,125.0,0.16,0.40,169.6,99.8,-1.0,-1.0,0.0,0.1,100.0,2.4,0.4,20.0,0.3,,,110.9,1.5,1.4,0.1,-0.5,-83.3,0.1,1.3,108.3,0.5,-0.2,-28.6,0.7,1.2,240.0,-0.3,-1.3,-130.0,-0.4,-1.4,-140.0,-0.8,-4.4,-122.2,0.0,-0.1,-100.0,100.4,-1.1,-1.1,-0.1,-0.4,-133.3,113.7,3.3,3.0,0.0,-0.6,-100.0,-0.7,-2.5,-138.9,-0.3,-0.5,-250.0,-0.7,-3.7,-123.3,0.0,,,0.0,-0.3,-100.0
"2023.09",111.8,2.5,2.3,0.3,0.1,50.0,-1.4,-5.6,-133.3,-1.0,0.6,37.5,0.9,0.1,12.5,2.6,2.9,966.7,-0.4,-0.2,-100.0,-0.7,1.2,63.2,0.10,0.30,158.8,99.8,-0.9,-0.9,0.0,0.1,100.0,2.5,0.5,25.0,0.1,,,111.0,1.3,1.2,0.1,-0.2,-66.7,1.5,3.2,188.2,0.4,-0.1,-20.0,1.3,0.5,62.5,-0.7,-1.3,-216.7,-0.2,0.0,0.0,-2.7,-4.6,-242.1,0.0,-0.1,-100.0,100.3,-1.3,-1.3,-0.1,-0.2,-200.0,113.9,3.0,2.7,0.2,-0.3,-60.0,0.5,1.0,200.0,-0.1,-0.2,-200.0,-3.4,-6.5,-209.7,0.0,,,0.0,-0.3,-100.0
"2023.10",112.3,2.7,2.5,0.4,0.1,33.3,1.2,-2.1,-63.6,-0.8,0.1,11.1,2.8,0.9,47.4,8.1,20.6,164.8,-0.4,-0.1,-33.3,-2.6,-0.8,-44.4,0.17,,,100.0,-0.7,-0.7,0.2,,,2.9,0.9,45.0,0.4,,,111.3,1.5,1.4,0.3,0.2,200.0,1.4,3.6,163.6,0.2,-0.1,-33.3,0.4,-2.7,-87.1,0.4,-0.3,-42.9,0.2,1.2,120.0,-1.8,-2.3,-460.0,0.1,,,100.3,-1.2,-1.2,0.0,0.1,100.0,114.2,2.9,2.6,0.3,-0.1,-25.0,0.0,0.7,100.0,0.0,,,2.1,2.2,2200.0,0.2,,,0.1,-0.4,-80.0
"2023.11",112.8,3.3,3.0,0.4,0.5,500.0,4.5,6.3,350.0,-1.0,1.7,63.0,2.4,3.4,340.0,1.2,17.7,107.3,-0.2,0.0,0.0,-1.4,-0.5,-55.6,0.01,0.10,116.7,100.2,-0.2,-0.2,0.2,0.5,166.7,3.3,1.5,83.3,0.4,0.6,300.0,111.6,2.0,1.8,0.3,0.5,250.0,0.7,1.6,177.8,0.0,-0.1,-100.0,-0.7,-2.3,-143.8,0.1,1.5,107.1,0.6,1.3,185.7,0.9,2.2,169.2,0.0,-0.1,-100.0,100.4,-0.6,-0.6,0.1,0.6,120.0,114.5,2.7,2.4,0.3,-0.1,-25.0,-1.1,-2.1,-210.0,0.0,,,1.0,3.9,134.5,0.0,,,0.1,-0.7,-87.5
"2023.12",113.3,4.0,3.7,0.4,0.6,300.0,4.9,7.5,288.5,-0.6,1.6,72.7,0.7,0.3,75.0,9.2,23.8,163.0,0.4,0.2,100.0,0.1,-0.3,-75.0,-0.19,0.20,45.7,100.4,0.5,0.5,0.2,0.7,140.0,3.6,2.1,140.0,0.3,0.6,200.0,111.6,2.5,2.3,0.0,0.5,100.0,-0.4,1.8,81.8,0.1,,,-3.9,-4.8,-533.3,0.3,1.0,142.9,-0.2,0.7,77.8,0.8,3.7,127.6,0.1,0.0,0.0,100.2,-0.2,-0.2,-0.2,0.4,66.7,114.7,2.4,2.1,0.2,-0.2,-50.0,-1.8,-3.0,-250.0,0.0,0.1,100.0,0.6,2.9,126.1,0.0,,,0.1,-0.7,-87.5
"2024.01",113.7,4.5,4.1,0.4,0.5,500.0,4.5,8.9,202.3,-0.2,1.5,88.2,-0.7,3.6,83.7,-0.9,-26.3,-103.5,0.7,0.8,800.0,1.7,-0.2,-10.5,-0.27,0.10,30.8,100.4,0.8,0.8,0.0,0.3,100.0,3.7,2.4,184.6,0.1,0.3,150.0,111.9,3.1,2.8,0.3,0.6,200.0,-0.4,0.1,20.0,0.0,,,4.1,4.9,612.5,-0.2,1.7,89.5,-0.3,0.0,0.0,0.2,1.2,120.0,0.1,,,100.3,0.4,0.4,0.1,0.6,120.0,114.8,2.1,1.9,0.1,-0.3,-75.0,-1.6,-3.4,-188.9,-0.1,0.0,0.0,-1.4,-1.1,-366.7,0.1,,,0.0,-0.3,-100.0
"2024.02",114.1,4.9,4.5,0.4,,,1.0,,,0.6,,,-0.6,2.6,81.3,6.1,,,0.6,1.2,200.0,2.3,1.8,360.0,-0.15,0.10,44.4,100.6,1.3,1.3,0.2,0.5,166.7,3.9,2.8,254.5,0.2,0.4,200.0,112.1,2.9,2.7,0.2,-0.2,-50.0,-0.1,0.8,88.9,0.5,0.1,25.0,2.1,-0.8,-27.6,-1.2,-2.2,-220.0,-0.6,-0.2,-50.0,-0.2,-1.0,-125.0,0.3,0.1,50.0,100.3,0.2,0.2,0.0,-0.2,-100.0,114.9,2.0,1.8,0.1,-0.1,-50.0,-1.2,-2.0,-250.0,-0.1,0.0,0.0,-1.4,-1.0,-250.0,0.2,0.0,0.0,0.0,0.3,100.0
"2024.03",114.3,5.1,4.7,0.2,,,-2.6,-2.9,-966.7,0.3,0.4,400.0,-1.7,1.1,39.3,-13.3,-8.6,-183.0,0.3,0.5,250.0,1.9,1.1,137.5,0.05,0.20,145.5,100.5,1.4,1.4,-0.1,0.1,50.0,3.9,2.8,254.5,0.0,,,112.0,2.1,1.9,-0.1,-0.7,-116.7,-0.4,-2.4,-120.0,0.0,-0.3,-100.0,1.3,0.0,0.0,-0.8,-1.1,-366.7,-1.0,-1.4,-350.0,0.1,-0.3,-75.0,0.1,-0.1,-50.0,100.1,-0.4,-0.4,-0.2,-0.6,-150.0,115.1,2.1,1.9,0.2,0.1,100.0,-0.7,-1.0,-333.3,-0.1,,,0.2,-0.5,-71.4,0.1,-0.2,-66.7,0.0,0.5,100.0
"2024.04",114.9,5.5,5.0,0.5,0.3,150.0,1.8,2.0,1000.0,1.0,-0.3,-23.1,-0.4,0.3,42.9,4.4,28.8,118.0,0.3,0.4,400.0,2.0,-0.2,-9.1,0.05,0.20,141.7,100.7,1.8,1.8,0.2,0.4,200.0,4.2,3.2,320.0,0.3,0.4,400.0,112.2,1.8,1.6,0.2,-0.3,-60.0,1.1,0.4,57.1,0.4,-0.2,-33.3,-4.1,-5.3,-441.7,-0.8,-1.8,-180.0,0.2,0.5,166.7,1.7,2.0,666.7,0.0,-0.2,-100.0,100.0,-0.7,-0.7,-0.1,-0.3,-150.0,115.4,2.1,1.9,0.3,0.0,0.0,-0.3,-2.0,-117.6,-0.1,,,2.1,3.0,333.3,0.1,-0.2,-66.7,0.0,0.3,100.0
"2024.05",115.2,5.4,4.9,0.3,-0.1,-25.0,0.4,1.1,157.1,0.1,-0.9,-90.0,-2.0,-2.4,-600.0,-3.6,-6.6,-220.0,0.3,-0.6,-66.7,1.0,0.0,0.0,0.04,0.10,140.0,100.8,1.7,1.7,0.1,-0.1,-50.0,4.3,3.1,258.3,0.1,-0.1,-50.0,112.0,1.3,1.2,-0.2,-0.5,-166.7,0.0,-2.1,-100.0,-0.4,-0.5,-500.0,-3.5,-1.6,-84.2,0.5,1.3,162.5,-0.6,-1.0,-250.0,0.8,-0.2,-20.0,-0.2,-0.3,-300.0,99.7,-1.1,-1.1,-0.3,-0.4,-400.0,115.6,2.1,1.9,0.2,0.0,0.0,-0.2,-1.7,-113.3,-0.1,0.0,0.0,1.0,3.0,150.0,-0.1,-0.3,-150.0,0.0,0.1,100.0
"2024.06",115.7,5.2,4.7,0.4,-0.2,-33.3,0.2,-3.8,-95.0,0.8,-0.7,-46.7,-1.2,,,14.2,5.6,65.1,0.5,-0.2,-28.6,0.6,-1.8,-75.0,-0.04,0.00,-300.0,100.9,1.5,1.5,0.1,-0.2,-66.7,4.4,2.7,158.8,0.1,-0.4,-80.0,112.1,1.2,1.1,0.1,-0.1,-50.0,0.7,,,0.0,-0.3,-100.0,-0.8,-1.1,-366.7,0.0,-0.2,-100.0,0.1,0.0,0.0,0.0,0.3,100.0,-0.1,-0.2,-200.0,99.6,-1.2,-1.2,-0.1,,,115.8,2.1,1.8,0.2,0.0,0.0,-0.1,-0.3,-150.0,-0.1,0.1,50.0,-0.1,-1.8,-105.9,-0.1,,,0.0,,
"2024.07",115.9,4.8,4.3,0.2,-0.3,-60.0,-2.6,-6.4,-168.4,0.5,0.4,400.0,-0.9,,,-0.4,-2.6,-118.2,0.3,-0.4,-57.1,1.7,0.8,88.9,-0.13,-0.20,-218.2,100.9,1.1,1.1,0.0,-0.4,-100.0,4.3,2.2,104.8,-0.1,-0.5,-125.0,111.8,1.0,0.9,-0.3,-0.2,-200.0,-1.2,-1.0,-500.0,-0.1,-0.5,-125.0,-1.7,-1.6,-1600.0,0.1,0.5,125.0,-1.6,-1.8,-900.0,0.2,3.2,106.7,0.0,,,99.1,-1.4,-1.4,-0.5,-0.2,-66.7,115.9,2.2,1.9,0.1,,,-0.3,1.2,80.0,0.0,0.3,100.0,-1.4,0.5,26.3,-0.1,,,-0.1,,
"2024.08",116.2,4.7,4.2,0.3,-0.1,-25.0,0.6,-1.3,-68.4,0.1,0.2,200.0,-0.5,0.9,64.3,4.5,15.1,142.5,0.4,0.3,300.0,-0.8,-1.3,-260.0,-0.17,-0.30,-206.3,100.8,1.0,1.0,-0.1,,,4.1,1.7,70.8,-0.2,-0.5,-166.7,111.9,1.0,0.9,0.1,0.0,0.0,0.3,0.2,200.0,0.2,-0.3,-60.0,-1.1,-1.8,-257.1,0.2,0.5,166.7,0.1,0.5,125.0,-0.8,0.0,0.0,0.1,,,99.0,-1.4,-1.4,-0.1,0.0,0.0,116.1,2.4,2.1,0.2,,,0.0,0.7,100.0,0.0,0.3,100.0,0.9,1.6,228.6,0.0,,,-0.2,,
"2024.09",116.5,4.7,4.2,0.3,0.0,0.0,0.7,2.1,150.0,-0.3,0.7,70.0,1.8,0.9,100.0,-3.3,-5.9,-226.9,0.4,0.8,200.0,-1.9,-1.2,-171.4,-0.12,-0.20,-220.0,100.8,1.0,1.0,0.0,,,4.0,1.5,60.0,-0.1,-0.2,-200.0,112.1,1.1,1.0,0.2,0.1,100.0,0.4,-1.1,-73.3,-0.2,-0.6,-150.0,-1.1,-2.4,-184.6,0.4,1.1,157.1,0.2,0.4,200.0,0.8,3.5,129.6,0.1,,,99.0,-1.3,-1.3,0.0,0.1,100.0,116.3,2.4,2.1,0.2,0.0,0.0,0.0,-0.5,-100.0,0.0,0.1,100.0,0.6,4.0,117.6,0.1,,,-0.2,,
"2024.10",116.8,4.5,4.0,0.3,-0.1,-25.0,-0.7,-1.9,-158.3,-1.2,-0.4,-50.0,2.3,-0.5,-17.9,0.0,-8.1,-100.0,0.0,0.4,100.0,-2.6,0.0,0.0,0.02,-0.20,-88.2,100.8,0.8,0.8,0.0,-0.2,-100.0,3.8,0.9,31.0,-0.2,-0.6,-150.0,112.6,1.3,1.2,0.4,0.1,33.3,1.5,0.1,7.1,-0.1,-0.3,-150.0,-1.5,-1.9,-475.0,0.1,-0.3,-75.0,1.2,1.0,500.0,1.3,3.1,172.2,0.1,0.0,0.0,99.3,-1.0,-1.0,0.3,,,116.5,2.3,2.0,0.2,-0.1,-33.3,0.5,,,-0.1,,,0.4,-1.7,-81.0,0.0,-0.2,-100.0,-0.2,-0.3,-300.0
"2024.11",117.1,4.3,3.8,0.3,-0.1,-25.0,-3.1,-7.6,-168.9,-0.5,0.5,50.0,0.2,-2.2,-91.7,9.4,8.2,683.3,0.0,0.2,100.0,-1.8,-0.4,-28.6,0.08,0.10,700.0,100.8,0.6,0.6,0.0,-0.2,-100.0,3.7,0.4,12.1,-0.1,-0.5,-125.0,112.3,0.7,0.6,-0.3,-0.6,-200.0,-0.6,-1.3,-185.7,0.1,,,-1.9,-1.2,-171.4,-0.2,-0.3,-300.0,-1.4,-2.0,-333.3,-0.1,-1.0,-111.1,0.0,,,98.9,-1.5,-1.5,-0.4,-0.5,-500.0,116.7,2.2,1.9,0.2,-0.1,-33.3,0.2,1.3,118.2,-0.1,,,-0.9,-1.9,-190.0,0.0,,,0.0,-0.1,-100.0
"2024.12",117.2,3.9,3.4,0.1,-0.3,-75.0,-0.3,-5.2,-106.1,-3.6,-3.0,-500.0,-1.7,-2.4,-342.9,-1.0,-10.2,-110.9,0.0,-0.4,-100.0,-1.9,-2.0,-2000.0,0.08,0.30,142.1,100.7,0.3,0.3,-0.1,-0.3,-150.0,3.4,-0.2,-5.6,-0.3,-0.6,-200.0,112.4,0.8,0.7,0.1,,,0.6,1.0,250.0,0.6,0.5,500.0,-1.8,2.1,53.8,-0.3,-0.6,-200.0,-0.2,0.0,0.0,0.7,-0.1,-12.5,-0.2,-0.3,-300.0,98.8,-1.4,-1.4,-0.1,0.1,50.0,116.9,2.2,1.9,0.2,0.0,0.0,-0.2,1.6,88.9,0.0,,,-0.6,-1.2,-200.0,-0.2,,,0.0,-0.1,-100.0
