"시점", 선행종합지수(2020=100), 재고순환지표(%p), 경제심리지수, 기계류내수출하지수(선박제외)(2020=100), 건설수주액(실질)(십억원),수출입물가비율(2015=100),코스피(1980.1.4=100), 장단기금리차(%p), 동행종합지수(2020=100), 광공업생산지수(2020=100), 서비스업생산지수(도소매업제외)(2020=100), 건설기성액(실질)(십억원), 소매판매액지수(2020=100), 내수출하지수(2020=100), 수입액(실질)(백만불), 비농림어업취업자수(천명), 후행종합지수(2020=100), 생산자제품재고지수(2020=100), 소비자물가지수변화율(서비스), 소비재수입액(실질)(백만불), 취업자수(천명), CP유통수익률(%p)
"2014.01",79.1,-4.3,99.3,101.6,7262.6,92.4,1982.1,0.77,84.9,95.0,88.1,9579.6,85.6,97.0,31778.4,24144.5,82.5,84.8,1.3,4531.2,25620.6,2.8
"2014.02",79.3,-2.9,100.9,101.5,7468.9,92.2,1958.1,0.74,85.2,95.5,88.6,9389.9,85.6,97.0,31920.2,24224.4,82.7,84.6,1.2,4612.7,25696.2,2.8
"2014.03",79.5,-2.6,101.8,101.2,6735.6,92.3,1946.1,0.71,85.5,95.7,89.4,9293.7,85.7,96.6,32393.8,24301.9,83.0,84.1,1.3,4720.2,25769.4,2.8
"2014.04",79.8,-3.7,102.5,101.5,7135.2,92.2,1960.4,0.68,85.6,95.9,89.3,9370.5,84.6,96.2,32791.8,24356.2,83.4,84.7,1.4,4892.9,25825.0,2.8
"2014.05",79.9,-5.2,101.8,101.0,6764.8,92.2,1979.2,0.65,85.6,95.2,89.2,9412.6,84.8,96.0,32517.4,24342.1,83.6,84.9,1.6,4805.4,25810.7,2.8
"2014.06",80.1,-6.4,100.7,100.9,7627.0,92.1,1993.5,0.59,85.8,95.0,89.4,9512.9,85.0,96.3,32435.0,24352.2,83.8,84.8,1.6,4759.9,25829.6,2.8
"2014.07",80.3,-5.7,98.3,101.3,7501.8,92.4,2003.7,0.45,86.0,94.9,89.9,9379.1,85.8,96.7,32372.4,24379.5,84.0,84.8,1.7,4773.9,25838.4,2.7
"2014.08",80.6,-5.7,97.4,101.1,8829.7,92.9,2026.0,0.40,86.3,94.7,90.4,9314.9,86.3,96.5,32298.1,24481.4,84.3,84.7,1.7,4891.9,25924.0,2.7
"2014.09",81.0,-4.8,98.5,101.0,8748.2,93.8,2041.9,0.38,86.4,93.7,90.5,9244.9,86.1,95.5,32965.4,24539.8,84.6,84.9,1.7,5058.2,25982.6,2.6
"2014.10",81.3,-5.3,98.6,101.1,9046.0,95.0,2015.5,0.40,86.3,92.3,90.9,9211.6,85.6,94.4,33231.9,24568.6,84.7,84.9,1.7,5095.6,26003.7,2.4
"2014.11",81.6,-3.2,98.4,102.9,7426.1,96.5,1981.7,0.38,86.4,92.3,91.0,9135.2,85.1,94.4,33633.4,24579.1,84.9,85.1,1.7,5104.6,26011.7,2.3
"2014.12",81.9,-1.1,96.9,101.9,7327.2,98.6,1948.1,0.35,86.9,93.2,90.9,9135.3,86.3,95.1,34517.7,24604.9,85.0,84.6,1.6,5028.6,26004.6,2.3
"2015.01",82.4,0.7,97.6,100.6,8206.3,101.4,1940.9,0.29,87.2,93.5,90.8,9224.5,86.9,95.1,34790.6,24644.8,85.2,84.0,1.6,5077.9,26035.8,2.3
"2015.02",82.7,-0.1,99.4,99.4,8540.8,103.0,1941.3,0.22,87.8,94.1,91.0,9411.9,88.1,95.7,34922.1,24693.2,85.5,84.1,1.6,5228.6,26072.6,2.3
"2015.03",83.2,-2.1,101.0,100.2,10515.3,103.9,1964.9,0.15,87.8,93.6,91.8,9374.0,87.7,94.8,34838.4,24720.4,85.7,84.5,1.7,5301.4,26100.2,2.2
"2015.04",83.5,-2.8,102.7,101.9,10229.4,103.8,2027.0,0.14,88.0,94.0,92.2,9270.7,88.4,95.5,34329.2,24730.0,85.9,85.7,1.7,5283.7,26098.9,2.0
"2015.05",84.0,-2.9,102.4,100.7,12200.3,104.1,2078.3,0.22,87.8,93.2,92.2,9174.7,88.1,94.9,34061.6,24723.0,86.0,86.4,1.6,5193.3,26078.5,1.9
"2015.06",84.2,-4.4,99.2,100.9,11810.1,104.5,2095.3,0.32,88.0,93.2,92.1,9389.2,87.6,95.6,33939.9,24742.8,86.2,87.7,1.6,5174.2,26089.3,1.8
"2015.07",84.4,-5.6,96.5,100.1,11673.3,104.9,2078.9,0.47,88.3,92.7,92.3,9525.4,87.2,95.7,34405.3,24781.7,86.5,88.6,1.8,5191.9,26124.7,1.8
"2015.08",84.7,-6.3,94.9,103.4,11158.4,105.8,2024.8,0.50,88.9,93.7,92.8,9665.9,87.0,97.6,34942.3,24824.5,86.9,89.9,1.9,5309.2,26158.9,1.7
"2015.09",85.1,-4.8,96.7,104.1,13952.2,106.5,1983.4,0.47,89.7,94.6,93.3,10037.5,88.2,98.9,35372.0,24881.5,87.2,90.3,2.0,5318.9,26217.1,1.7
"2015.10",85.4,-2.8,97.3,104.6,14066.5,106.5,1970.9,0.38,90.4,95.5,93.6,10160.0,89.6,99.7,35719.6,24924.8,87.5,90.4,2.0,5425.4,26245.1,1.7
"2015.11",85.6,-2.6,97.2,102.6,14583.4,106.4,1989.0,0.38,90.5,95.3,93.6,10157.1,90.4,99.2,35561.4,24963.9,87.6,89.9,2.0,5324.5,26263.6,1.7
"2015.12",85.6,-3.8,96.2,100.4,10543.0,106.8,1999.6,0.39,90.6,94.5,94.1,10110.0,91.1,98.9,35288.1,25009.2,87.9,89.3,2.1,5423.2,26307.2,1.8
"2016.01",85.7,-6.8,95.0,96.7,10697.5,108.1,1957.7,0.39,90.6,94.0,94.0,10168.4,91.1,98.3,34732.6,25035.0,88.2,89.8,2.2,5428.9,26333.8,1.8
"2016.02",85.7,-8.6,93.6,93.8,10893.9,108.9,1922.3,0.27,90.7,94.1,94.3,10390.9,91.1,97.8,34587.3,25031.4,88.5,90.9,2.3,5461.8,26345.3,1.8
"2016.03",86.0,-8.3,93.7,94.9,12236.6,108.9,1923.9,0.17,90.8,94.8,94.2,10429.5,91.2,97.9,34311.6,24987.7,88.7,92.3,2.4,5376.3,26298.4,1.8
"2016.04",86.3,-6.7,94.8,95.9,12964.5,107.8,1957.8,0.10,90.9,94.9,94.6,10519.6,91.1,98.1,34025.9,24964.8,88.8,92.3,2.4,5359.2,26267.7,1.7
"2016.05",86.7,-3.8,95.6,98.8,11914.8,106.5,1979.8,0.09,91.4,95.6,94.7,10645.9,92.0,98.6,34479.7,24987.2,89.0,91.8,2.4,5427.8,26268.0,1.7
"2016.06",86.9,-1.6,95.9,99.4,11573.3,105.5,1980.0,0.09,91.8,95.9,95.2,10866.8,92.5,98.7,34510.6,25054.9,89.2,91.0,2.4,5533.4,26307.7,1.6
"2016.07",87.3,0.8,95.6,100.8,11970.9,105.2,1982.1,0.07,92.3,96.5,95.6,11137.9,92.4,99.1,34537.5,25124.6,89.4,90.5,2.3,5426.2,26361.3,1.6
"2016.08",87.7,1.0,96.5,101.7,14331.7,105.2,2005.4,0.06,92.7,95.8,96.0,11405.5,92.3,99.2,34903.8,25193.2,89.5,89.7,2.3,5420.4,26436.8,1.5
"2016.09",88.1,1.0,97.5,102.9,14745.1,105.6,2027.3,0.05,92.7,95.4,96.3,11543.0,91.1,99.6,34818.8,25215.6,89.7,89.3,2.2,5403.6,26469.2,1.5
"2016.10",88.5,0.0,97.6,105.9,15019.1,105.5,2038.4,0.11,92.8,94.8,96.1,11764.1,91.8,99.3,34551.0,25234.4,89.9,88.6,2.2,5551.4,26497.3,1.5
"2016.11",88.9,1.5,97.0,108.0,13355.1,105.8,2020.1,0.27,93.3,96.0,95.7,12020.2,91.8,100.7,35107.7,25235.4,90.1,88.5,2.1,5594.7,26505.6,1.5
"2016.12",89.3,3.7,95.7,110.7,13042.4,105.6,2013.2,0.45,93.8,96.8,95.6,12158.1,93.1,101.5,34733.4,25281.2,90.3,87.5,2.1,5617.7,26564.2,1.6
"2017.01",89.7,7.3,95.6,112.2,11468.8,105.3,2021.7,0.58,94.3,98.7,96.0,12061.1,92.9,103.2,34963.5,25305.4,90.6,86.8,2.1,5626.1,26593.7,1.6
"2017.02",90.2,8.9,96.2,112.6,13330.4,104.9,2055.4,0.62,94.6,98.8,96.3,12139.3,93.4,102.1,35578.2,25343.4,90.8,86.4,2.2,5648.9,26627.1,1.7
"2017.03",90.6,9.3,98.4,113.5,12175.2,105.1,2093.6,0.63,95.0,99.8,96.5,12338.5,93.0,101.7,36219.8,25374.9,91.1,86.9,2.2,5749.4,26646.1,1.7
"2017.04",91.0,7.5,99.7,113.7,14386.1,105.7,2126.4,0.65,95.2,99.4,96.6,12650.8,93.3,100.8,36743.4,25412.4,91.4,87.9,2.2,5830.6,26677.4,1.6
"2017.05",91.3,4.3,100.8,114.9,12370.8,106.2,2199.4,0.66,95.6,99.4,97.0,12630.2,93.0,101.4,37477.4,25432.1,91.6,89.2,2.1,5807.8,26688.2,1.6
"2017.06",91.8,2.2,100.8,116.5,13468.5,106.7,2278.1,0.64,95.8,98.3,97.2,12535.1,93.5,101.6,38318.2,25422.3,91.8,89.8,2.0,5824.8,26680.2,1.6
"2017.07",92.1,1.0,100.6,117.0,11036.7,107.3,2362.3,0.67,95.9,98.2,97.5,12590.8,93.5,102.2,37850.9,25439.1,92.1,90.0,1.9,5970.6,26697.3,1.6
"2017.08",92.5,1.5,100.6,117.4,12490.0,107.5,2385.8,0.69,96.2,97.9,97.9,12604.2,93.4,102.8,38347.0,25437.7,92.4,89.6,1.9,6218.7,26711.4,1.6
"2017.09",92.7,1.8,100.2,114.9,12712.9,107.2,2385.6,0.73,96.7,98.4,98.4,13124.3,93.8,103.2,38068.0,25464.1,92.6,89.6,1.9,6271.4,26746.0,1.6
"2017.10",93.0,1.3,101.2,113.1,12915.8,106.6,2409.0,0.84,96.7,98.7,98.5,12851.9,94.1,103.7,37705.5,25470.4,92.8,90.4,1.9,6116.2,26762.6,1.6
"2017.11",93.1,-0.3,101.8,110.4,11205.3,105.9,2462.7,0.95,97.1,99.0,98.3,12846.7,95.7,103.9,37810.8,25498.0,93.0,91.0,1.9,6039.4,26787.1,1.6
"2017.12",93.2,-5.5,102.8,108.1,11053.3,105.1,2494.7,0.97,96.8,98.5,98.0,12343.3,95.8,102.8,37745.7,25519.1,93.4,92.6,1.8,6076.5,26828.8,1.7
"2018.01",93.5,-8.5,101.9,111.5,13724.6,104.0,2507.4,0.95,97.2,98.5,98.3,12839.8,96.8,102.1,37904.9,25550.1,93.7,93.2,1.6,6258.4,26880.0,1.8
"2018.02",93.8,-10.7,101.5,113.6,14057.3,103.6,2475.9,0.93,97.5,98.6,98.8,12825.2,96.9,101.5,38638.3,25528.7,93.9,93.8,1.5,6376.2,26858.8,1.8
"2018.03",94.0,-10.8,100.0,115.5,13997.8,102.9,2470.5,1.00,97.7,98.9,99.1,12662.9,98.1,101.1,38690.1,25512.7,94.1,94.2,1.5,6420.3,26821.8,1.8
"2018.04",94.0,-10.5,100.2,112.8,11374.6,102.1,2449.6,1.01,97.7,99.5,99.5,12348.2,98.6,101.1,38701.9,25483.5,94.4,94.9,1.7,6430.5,26780.4,1.8
"2018.05",94.3,-7.7,100.5,113.1,12025.6,100.7,2457.0,1.00,97.9,100.1,99.5,12240.3,98.4,101.6,38825.1,25479.4,94.7,95.3,1.7,6408.1,26788.1,1.8
"2018.06",94.5,-5.7,101.2,111.9,11532.4,99.9,2438.0,0.98,98.1,101.1,99.8,12209.5,98.0,102.9,38450.8,25463.6,94.9,95.7,1.8,6516.9,26785.1,1.8
"2018.07",94.7,-4.8,99.7,111.3,11927.7,99.7,2380.0,0.94,98.2,101.3,100.0,12115.3,98.0,103.1,38557.8,25438.6,95.1,95.5,1.7,6581.2,26766.6,1.8
"2018.08",94.6,-5.5,98.0,108.4,11031.9,100.0,2320.9,0.85,98.4,101.5,100.1,12101.7,98.2,103.5,38442.9,25410.1,95.3,95.8,1.6,6549.1,26754.7,1.8
"2018.09",94.7,-5.0,97.8,105.6,11432.8,100.0,2291.8,0.73,98.3,101.2,100.3,12056.2,97.7,103.4,37843.4,25415.9,95.4,95.2,1.5,6428.4,26768.7,1.8
"2018.10",94.8,-4.1,97.5,103.9,11028.1,99.2,2248.2,0.66,98.4,101.3,100.6,11911.1,97.5,103.9,37741.9,25439.6,95.7,95.5,1.6,6635.8,26800.0,1.8
"2018.11",94.7,-6.0,96.6,102.1,11048.9,98.9,2181.4,0.59,98.5,100.5,100.4,11647.4,97.7,103.4,38272.2,25521.4,96.1,96.7,1.6,6684.9,26878.9,1.8
"2018.12",94.7,-6.5,95.0,100.0,11370.7,99.4,2102.3,0.43,98.5,99.8,100.2,11469.1,98.5,103.0,38532.6,25536.9,96.5,98.5,1.6,6865.0,26917.7,1.9
"2019.01",94.9,-6.7,93.9,98.2,11734.2,100.0,2085.1,0.26,98.9,98.7,100.2,11754.5,99.8,103.3,39001.9,25547.9,96.8,98.9,1.5,6844.8,26955.1,1.9
"2019.02",95.0,-5.7,95.0,95.7,11588.4,99.3,2127.4,0.12,98.5,97.2,100.3,11760.8,99.0,101.9,38425.5,25550.4,96.9,98.5,1.4,6694.1,26963.6,2.0
"2019.03",95.4,-3.4,95.6,96.5,12723.6,97.8,2158.0,0.11,98.6,97.1,100.5,11857.7,99.8,101.5,37509.3,25597.3,97.0,97.2,1.3,6759.5,26993.3,2.0
"2019.04",95.7,-3.8,97.5,96.2,13622.3,96.4,2194.7,0.07,98.6,97.7,100.7,11602.3,99.1,100.7,37541.5,25638.6,97.2,97.7,1.1,6719.1,27003.2,2.0
"2019.05",95.7,-4.9,96.5,96.6,13418.6,95.8,2153.6,0.02,99.2,99.0,101.3,11835.3,100.4,100.9,37419.0,25657.9,97.5,98.4,0.9,7010.1,27012.9,2.0
"2019.06",95.8,-6.5,95.9,96.2,11498.9,96.0,2134.8,-0.08,99.4,99.6,101.2,11944.2,99.6,101.1,37775.6,25669.3,97.7,99.3,0.9,6860.6,27023.8,2.0
"2019.07",95.7,-7.1,94.0,95.1,9685.5,96.3,2090.6,-0.16,99.6,100.1,101.3,11929.3,99.2,101.1,38196.9,25674.2,98.0,100.1,0.9,6861.2,27047.2,1.9
"2019.08",95.9,-5.6,93.0,95.1,9790.2,96.6,2043.0,-0.25,99.9,100.3,101.6,11860.9,99.8,102.0,38192.1,25697.9,98.2,100.0,1.0,6906.2,27096.4,1.8
"2019.09",96.3,-5.9,92.8,94.9,11654.7,96.3,2023.0,-0.23,100.2,101.3,102.1,11732.1,100.0,102.6,38018.3,25718.3,98.5,100.6,0.9,7071.1,27133.3,1.8
"2019.10",96.9,-5.8,93.1,97.7,13790.9,96.4,2018.4,-0.13,100.5,101.2,102.4,11765.0,100.5,102.4,37824.7,25779.8,98.7,100.1,0.8,7031.4,27201.6,1.7
"2019.11",97.4,-4.9,94.2,97.5,14607.9,95.9,2079.9,0.08,100.5,101.8,102.4,11574.5,100.7,102.0,37499.6,25835.6,98.8,100.5,0.6,6828.8,27243.4,1.7
"2019.12",98.0,-0.2,94.5,99.8,14501.1,95.3,2113.9,0.20,101.1,102.4,102.8,11626.0,102.2,102.3,37509.6,25926.4,99.1,99.6,0.7,6919.9,27343.2,1.7
"2020.01",98.3,0.0,96.0,99.5,13772.5,94.7,2159.7,0.24,101.4,101.8,104.0,11581.9,102.3,101.6,37879.5,25995.9,99.3,99.8,0.6,6810.6,27439.5,1.7
"2020.02",98.6,-0.8,94.4,100.8,14094.3,95.2,2172.5,0.18,100.9,100.3,104.0,11870.0,99.6,98.7,37706.5,26035.7,99.5,100.2,0.5,6750.6,27501.4,1.7
"2020.03",98.5,-4.1,85.5,100.3,12998.2,97.3,2052.4,0.21,99.9,99.5,101.9,11940.7,96.3,97.2,38834.4,25798.5,99.4,100.7,0.3,6548.9,27282.5,1.7
"2020.04",98.5,-4.4,73.3,100.6,11850.1,100.5,1934.5,0.31,99.0,98.9,98.7,11866.4,95.3,96.8,40016.3,25477.8,99.4,100.9,0.2,6569.7,26937.3,1.8
"2020.05",98.5,-7.3,64.5,99.6,11962.5,101.9,1867.2,0.41,98.2,96.8,96.9,11644.8,97.4,96.3,39596.2,25204.1,99.5,101.1,0.2,6753.1,26655.1,1.9
"2020.06",99.0,-8.9,64.3,99.1,14009.0,101.3,1983.2,0.53,98.4,95.2,97.6,11513.7,100.6,95.9,39655.3,25192.1,99.7,101.9,0.2,6806.8,26621.6,1.9
"2020.07",99.6,-8.0,69.5,98.2,16048.7,99.8,2098.6,0.56,98.8,95.3,98.9,11571.2,101.2,95.9,38802.8,25279.2,99.9,101.8,0.2,6805.1,26715.6,1.7
"2020.08",100.5,-5.7,76.0,98.8,16711.3,99.8,2226.9,0.62,99.4,98.4,99.7,11344.4,101.3,98.3,37411.0,25364.8,100.2,101.8,0.2,6919.9,26801.8,1.5
"2020.09",101.1,-2.9,79.1,98.7,16371.1,100.8,2305.8,0.64,100.2,100.9,99.8,11549.3,101.2,99.7,38063.3,25393.3,100.5,100.8,0.3,6994.8,26825.4,1.4
"2020.10",101.7,-0.2,83.1,98.1,15799.8,101.5,2359.7,0.66,100.7,102.6,99.8,11289.3,102.2,101.1,38660.3,25409.4,100.6,99.4,0.1,7299.8,26841.2,1.3
"2020.11",102.5,4.6,86.0,99.7,16067.6,101.6,2411.2,0.74,101.5,104.0,100.4,11499.4,102.3,102.5,39087.5,25460.8,100.8,97.4,0.2,7431.4,26884.8,1.1
"2020.12",103.1,4.2,88.8,101.4,15929.0,100.9,2539.3,0.77,101.6,104.4,100.6,11212.1,101.9,102.6,39545.9,25464.3,101.1,96.5,0.2,7601.8,26904.6,1.1
"2021.01",103.8,5.8,90.2,104.2,16583.1,99.8,2783.1,0.82,101.5,105.0,100.3,11132.0,102.6,102.0,39625.9,25363.2,101.4,96.5,0.8,7587.7,26805.6,1.1
"2021.02",104.4,7.6,91.8,106.1,16172.5,98.6,2979.2,0.83,101.7,106.4,100.3,10952.1,102.6,101.8,40275.9,25325.4,101.8,97.0,1.0,7674.9,26791.1,1.0
"2021.03",105.1,9.5,97.1,107.5,15838.8,97.9,3071.4,0.92,102.3,107.1,101.8,10868.8,103.2,101.4,40832.8,25416.4,102.2,96.9,1.3,7801.6,26883.8,1.0
"2021.04",105.8,10.8,101.5,109.1,16712.1,98.6,3096.7,1.01,103.4,107.5,103.4,10936.5,103.7,101.8,41830.5,25629.1,102.7,96.6,1.5,7994.8,27090.8,1.0
"2021.05",106.5,14.0,104.5,110.1,16362.7,99.2,3122.3,1.11,103.8,106.4,104.5,10793.7,104.7,101.1,42393.9,25728.3,103.1,96.1,1.7,8170.1,27177.8,1.0
"2021.06",107.2,16.2,107.3,111.5,16055.0,99.2,3197.8,1.15,104.0,106.1,105.1,10681.1,105.4,100.8,42182.8,25790.0,103.4,95.7,1.8,8170.4,27232.4,1.0
"2021.07",107.3,15.0,106.9,110.5,14707.6,98.4,3227.6,1.17,104.2,106.9,105.2,10578.3,105.9,100.5,42177.0,25839.6,103.8,96.1,1.9,8144.0,27289.2,1.0
"2021.08",107.4,9.0,106.8,109.5,16292.1,97.9,3232.1,1.15,104.4,108.1,104.9,10591.5,106.5,100.3,41817.7,25884.1,104.1,98.0,1.9,7959.6,27342.1,1.0
"2021.09",107.3,3.0,105.2,106.8,16186.5,97.6,3192.9,1.09,104.7,108.8,105.0,10613.6,107.5,99.4,41698.3,25944.2,104.5,100.7,2.0,7922.5,27397.5,1.0
"2021.10",107.1,-3.1,105.9,104.1,16070.4,96.3,3104.7,1.17,105.1,108.9,105.8,10632.6,108.1,98.9,41977.7,25992.9,105.1,103.2,2.5,7894.1,27449.3,1.1
"2021.11",107.1,-7.3,106.4,102.6,14505.9,95.1,3032.0,1.27,105.7,109.3,107.3,10594.3,108.0,99.4,42381.0,26059.3,105.7,104.5,2.6,8127.4,27507.6,1.2
"2021.12",107.3,-8.2,106.4,103.5,14479.1,94.4,2980.9,1.25,106.5,111.5,108.2,10767.7,107.7,101.0,43141.4,26105.0,106.3,106.4,2.8,8333.8,27571.6,1.4
"2022.01",107.6,-7.1,106.4,107.6,14993.2,93.7,2939.5,1.15,107.3,113.4,109.0,10951.9,106.9,102.0,44050.9,26158.1,106.7,106.6,2.6,8642.7,27647.4,1.5
"2022.02",107.7,-7.0,106.1,107.3,15507.5,92.3,2859.4,1.11,107.6,114.5,108.5,10955.1,106.3,101.8,44407.5,26276.5,107.2,107.0,2.8,8805.1,27798.6,1.6
"2022.03",107.8,-6.8,105.8,107.7,16254.9,90.2,2762.8,1.24,107.7,114.5,108.8,10688.5,105.7,101.1,44533.6,26372.8,107.6,105.7,2.9,8867.5,27900.8,1.6
"2022.04",108.0,-8.3,105.9,103.5,16640.9,89.7,2708.6,1.49,107.6,113.9,109.8,10479.9,105.5,99.6,43729.9,26484.2,108.0,105.8,3.0,8884.7,28004.4,1.7
"2022.05",108.5,-8.2,106.2,105.4,16832.4,89.7,2676.7,1.64,108.0,113.0,111.6,10750.2,105.9,99.0,43283.2,26518.5,108.4,105.3,3.2,8989.4,28047.5,1.8
"2022.06",108.8,-11.6,105.9,105.9,17314.1,90.3,2602.2,1.82,108.3,112.2,113.2,10865.1,105.3,98.6,43484.5,26565.2,109.0,107.7,3.5,8955.9,28102.0,2.0
"2022.07",108.9,-13.5,103.2,108.7,17237.6,90.2,2488.7,1.65,108.8,111.6,113.9,10911.2,105.0,99.5,44395.8,26596.4,109.7,110.2,3.8,9112.9,28144.6,2.3
"2022.08",109.1,-13.6,100.6,112.3,18492.1,90.2,2439.1,1.43,109.4,110.3,114.7,10861.7,106.1,100.5,46003.9,26615.4,110.4,112.2,4.1,9382.5,28156.6,2.6
"2022.09",109.3,-9.4,99.0,113.2,18427.6,90.0,2392.1,1.26,109.7,108.4,115.3,10948.6,106.7,100.3,46891.5,26632.5,110.9,111.6,4.2,9675.1,28169.6,2.9
"2022.10",109.6,-6.1,98.1,115.3,16132.7,89.7,2347.9,1.26,109.8,106.0,115.6,11293.4,107.4,99.3,47141.3,26645.2,111.3,110.8,4.2,9661.2,28171.6,3.4
"2022.11",109.5,-7.9,95.4,114.2,13470.3,89.5,2327.3,1.20,109.6,105.0,115.7,11477.8,105.9,98.6,46524.8,26659.6,111.8,111.9,4.1,9383.7,28173.3,4.2
"2022.12",109.3,-10.5,93.2,114.6,11502.7,89.7,2336.4,0.84,109.1,102.7,115.7,11585.0,105.2,97.7,45185.9,26684.1,112.3,113.2,4.1,9164.8,28181.1,4.9
"2023.01",109.2,-14.9,91.6,109.7,14425.9,89.6,2380.4,0.45,108.8,102.2,115.7,11491.2,103.2,97.4,44742.6,26690.5,112.7,115.2,4.0,9133.4,28177.8,5.2
"2023.02",109.2,-14.8,91.5,106.2,14423.2,89.1,2391.3,0.18,109.2,101.3,116.2,11822.2,104.2,97.0,45101.0,26736.9,112.9,116.1,3.9,9099.9,28224.8,4.9
"2023.03",109.2,-14.6,91.5,103.2,13751.4,88.9,2410.1,0.07,109.9,103.3,116.5,11975.7,104.5,97.4,45288.9,26794.7,113.0,116.5,3.8,9166.0,28305.4,4.4
"2023.04",109.4,-14.8,92.7,102.5,10402.6,88.8,2463.7,-0.05,110.4,104.0,117.2,12119.8,105.5,97.1,45166.9,26855.7,113.3,118.5,3.8,9082.2,28380.6,4.1
"2023.05",109.8,-15.5,93.8,102.9,10719.0,89.6,2488.4,-0.15,110.7,106.2,117.3,11889.1,104.7,97.5,45629.7,26894.1,113.5,120.3,3.8,8902.6,28432.3,4.0
"2023.06",110.5,-11.5,95.3,102.9,11641.2,90.2,2548.9,-0.16,110.9,106.2,117.6,11924.6,104.9,97.6,45476.3,26909.5,113.7,120.5,3.5,9051.1,28440.3,4.0
"2023.07",111.1,-7.7,95.4,102.9,11891.8,90.8,2572.6,-0.04,110.8,106.0,118.1,11911.1,104.5,97.8,44114.0,26914.1,113.7,118.7,3.2,8875.7,28437.6,4.0
"2023.08",111.5,-5.8,95.3,101.5,10626.6,90.9,2585.1,0.12,110.9,106.1,118.7,11995.6,104.2,97.4,43769.3,26910.9,113.7,117.9,3.0,8809.6,28424.5,4.0
"2023.09",111.8,-7.2,94.3,102.4,10906.4,90.5,2566.8,0.22,111.0,107.7,119.2,12150.6,103.5,97.2,42603.3,26915.9,113.9,118.5,2.9,8508.0,28430.6,4.0
"2023.10",112.3,-6.1,93.5,105.3,11790.1,90.1,2499.3,0.38,111.3,109.2,119.4,12195.8,103.9,97.4,41856.9,26951.6,114.2,118.5,2.8,8689.5,28475.4,4.1
"2023.11",112.8,-1.6,92.5,107.8,11935.4,89.9,2465.0,0.39,111.6,110.0,119.4,12107.7,104.0,98.0,42241.1,26960.7,114.5,117.2,2.9,8772.7,28481.5,4.2
"2023.12",113.3,3.3,92.0,108.6,13039.4,90.3,2468.2,0.20,111.6,109.6,119.5,11640.4,104.3,97.8,42570.1,26993.2,114.7,115.1,2.8,8821.4,28487.7,4.3
"2024.01",113.7,7.8,91.8,107.8,12926.0,90.9,2510.4,-0.06,111.9,109.2,119.5,12119.3,104.1,97.5,42638.5,27027.9,114.8,113.3,2.7,8694.5,28505.2,4.3
"2024.02",114.1,8.9,92.4,107.2,13714.7,91.4,2567.5,-0.21,112.1,109.1,120.1,12377.7,102.8,96.9,42537.4,27100.2,114.9,111.9,2.6,8569.6,28569.4,4.3
"2024.03",114.3,6.3,92.7,105.4,11883.9,91.7,2616.2,-0.16,112.0,108.7,120.1,12537.3,102.0,95.9,42592.0,27121.1,115.1,111.1,2.5,8588.1,28605.5,4.3
"2024.04",114.9,8.0,93.7,105.0,12404.3,92.0,2668.1,-0.11,112.2,109.9,120.6,12025.8,101.2,96.1,43305.0,27129.6,115.4,110.8,2.3,8770.4,28631.7,4.3
"2024.05",115.2,8.5,93.8,102.9,11954.0,92.3,2694.8,-0.07,112.0,109.9,120.1,11605.6,101.7,95.5,43631.9,27087.9,115.6,110.6,2.3,8854.1,28597.8,4.2
"2024.06",115.7,8.6,94.6,101.7,13655.6,92.8,2711.0,-0.11,112.1,110.7,120.1,11509.3,101.7,95.6,43637.2,27071.9,115.8,110.5,2.2,8842.1,28581.2,4.2
"2024.07",115.9,6.1,95.1,100.8,13605.4,93.1,2756.0,-0.24,111.8,109.4,120.0,11315.6,101.8,94.1,43735.1,27061.0,115.9,110.2,2.2,8718.8,28550.9,4.2
"2024.08",116.2,6.7,95.3,100.3,14223.3,93.5,2735.1,-0.42,111.9,109.7,120.2,11196.5,102.0,94.2,43397.7,27075.3,116.1,110.2,2.2,8796.5,28555.2,4.0
"2024.09",116.5,7.4,94.9,102.1,13748.8,93.9,2683.6,-0.53,112.1,110.1,120.0,11076.2,102.4,94.4,43724.9,27099.9,116.3,110.2,2.2,8850.8,28576.8,3.8
"2024.10",116.8,6.6,93.8,104.4,13742.4,93.9,2612.6,-0.51,112.6,111.8,119.9,10908.1,102.5,95.5,44300.5,27116.3,116.5,110.8,2.2,8885.1,28589.8,3.6
"2024.11",117.1,3.5,93.3,104.6,15036.7,93.9,2564.6,-0.43,112.3,111.1,120.0,10704.6,102.3,94.2,44240.0,27122.8,116.7,111.0,2.1,8803.4,28594.8,3.6
"2024.12",117.2,3.2,89.7,102.8,14880.5,93.9,2514.6,-0.35,112.4,111.8,120.7,10511.1,102.0,94.0,44539.2,27071.0,116.9,110.8,2.1,8748.1,28539.0,3.5
"2025.01 p)",117.1,2.1,87.7,98.6,13291.7,93.8,2483.9,-0.36,112.2,111.2,121.0,10179.5,101.7,92.8,44391.5,27102.4,117.0,109.8,2.1,8486.0,28580.4,3.5
"2025.02 p)",117.5,3.7,86.7,99.7,12529.7,93.7,2508.8,-0.33,112.5,112.0,121.3,10040.7,102.3,93.7,43995.2,27172.8,117.4,108.3,2.1,8993.3,28649.3,3.4
"2025.03 p)",118.0,4.6,88.0,100.1,11109.6,93.8,2556.2,-0.24,113.0,112.5,121.2,9875.2,102.7,93.4,45166.7,27306.0,117.8,106.8,2.2,9322.4,28764.1,3.2
