,회사명,1~5일 수익률 표준편차,6~10일 수익률 표준편차,11~15일 수익률 표준편차,16~20일 수익률 표준편차,stock_code
0,AJ네트웍스,0.089380356,0.064986022,0.0299257749999999,0.042214038,95570
1,AP위성통신,0.055183304,0.027243862,0.010926939,0.014312477,211270
2,DSC인베스트먼트,0.494997682,0.05474742,0.020483213,0.047154713,241520
3,EDGC,0.358087632,0.053057167,0.021487601,0.044339621,245620
4,GRT,0.207570222,0.075021577,0.079149214,0.022591547,900290
5,HK이노엔,0.089290778,0.022640605,0.0306036439999999,0.032308621,195940
6,HPSP,0.287325552,0.02307893,0.030618344,0.056473153,403870
7,JW생명과학,0.248351833,0.049901232,0.039769272,0.012931435,234080
8,LB인베스트먼트,0.306137007,0.041399312,0.021280508,0.020321983,309960
9,LG에너지솔루션,0.304972446,0.035250135,0.012433704,0.026895818,373220
10,LIG넥스원,0.0342209,0.049723355,0.021523638,0.047390221,79550
11,SAMG엔터,0.181174383,0.034411989,0.075719925,0.146188953,419530
12,SG,0.061864715,0.044335685,0.030195778,0.016514327,255220
13,SK바이오사이언스,0.739828415,0.035191576,0.009274535,0.041241993,302440
14,SK아이이테크놀로지,0.223469714,0.022818041,0.01286981,0.0129916509999999,361610
15,SV인베스트먼트,0.063978004,0.026249571,0.048133356,0.064349499,289080
16,가온칩스,0.4263570039999999,0.015198947,0.090664695,0.159238956,399720
17,강스템바이오텍,0.270315366,0.063683648,0.042719141,0.0573822879999999,217730
18,경보제약,0.573845121,0.034148089,0.052141279,0.016660372,214390
19,고바이오랩,0.4707673129999999,0.1110439689999999,0.02746911,0.032289983,348150
20,골든브릿지이안5호,0.002236068,0.001369306,0.005225132,0.002738613,307870
21,골든센츄리,0.091781055,0.071518753,0.158954311,0.076562001,900280
22,공구우먼,0.147098528,0.068991065,0.1113754549999999,0.064613157,366030
23,교촌에프앤비,0.70482675,0.01738554,0.017864014,0.024876535,339770
24,금양그린파워,0.261263032,0.023295343,0.047688175,0.088601479,282720
25,금호에이치티,0.05424028,0.012299309,0.023251516,0.024475804,214330
26,기가비스,0.380329026,0.024802984,0.089614497,0.031069084,420770
27,까스텔바쟉,0.295842614,0.025248406,0.024265881,0.028007642,308100
28,꿈비,0.700899403,0.103044786,0.134770676,0.112355966,407400
29,나노브릭,0.043501816,0.078059548,0.047689234,0.022465752,286750
30,나노씨엠에스,0.106335798,0.03245047,0.020762153,0.026478897,247660
31,나노팀,0.602509249,0.099865444,0.03282921,0.125282872,417010
32,나라셀라,0.158394296,0.064318986,0.035783334,0.035325161,405920
33,나래나노텍,0.1118418839999999,0.028334555,0.039693413,0.018424657,137080
34,나무가,0.058412944,0.059118085,0.044009465,0.083910178,190510
35,남화산업,0.4383118489999999,0.164434555,0.080896063,0.056698563,111710
36,네오오토,0.069592191,0.010554051,0.016881143,0.018288603,212560
37,네오크레마,0.064525499,0.022353792,0.029264005,0.02880703,311390
38,네오펙트,0.125856374,0.093732721,0.048416547,0.043744794,290660
39,네패스아크,0.199775191,0.034492869,0.0264795769999999,0.037462955,330860
40,넥스트칩,0.085333434,0.035792695,0.022059873,0.018204807,396270
41,넥스틴,0.066421631,0.033027216,0.01651687,0.028125469,348210
42,넷마블게임즈,0.044378339,0.023265275,0.019212314,0.035755909,251270
43,노랑풍선,0.337547663,0.056104884,0.029664575,0.020351364,104620
44,노바렉스,0.040360042,0.062024269,0.0066245749999999,0.009294515,194700
45,노바텍,0.350029674,0.0525268789999999,0.048797869,0.054503147,285490
46,노을,0.038908701,0.017334994,0.022871554,0.017734373,376930
47,노터스,0.440494249,0.06726039,0.047407774,0.015971287,278650
48,녹십자랩셀,0.723525322,0.037765633,0.04345569,0.020764465,144510
49,녹십자웰빙,0.06924565,0.021429722,0.00799925,0.024771698,234690
50,뉴로메카,0.121802557,0.018043475,0.028725389,0.034761545,348340
51,뉴트리,0.064380176,0.029817411,0.025525419,0.035783907,270870
52,뉴트리바이오텍,0.177701849,0.033023885,0.068453539,0.06397716,222040
53,뉴파워프라즈마,0.10908851,0.040708537,0.018350123,0.055265242,144960
54,대림씨엔에스,0.086741674,0.023980471,0.015938224,0.038351701,4440
55,대명에너지,0.150557122,0.0593207129999999,0.032574637,0.067287086,389260
56,대모,0.573614003,0.184206886,0.040572503,0.034563391,317850
57,대보마그네틱,0.36606861,0.0512614079999999,0.058430557,0.062834767,290670
58,대성하이텍,0.280746517,0.063800094,0.025211565,0.142161925,129920
59,대원,0.044141307,0.010863149,0.025962666,0.020595339,7680
60,대유,0.2082912579999999,0.031474164,0.091911653,0.083544401,290380
61,대유에이피,0.284337537,0.038226195,0.012194876,0.037260341,290120
62,대유위니아,0.072866707,0.021387683,0.028822786,0.009929904,71460
63,더네이쳐홀딩스,0.0551648709999999,0.048442388,0.041724789,0.059497538,298540
64,더블유게임즈,0.075296899,0.035276579,0.043802568,0.021508068,192080
65,더블유씨피,0.159093347,0.059534528,0.045901558,0.047973149,393890
66,덕산테코피아,0.122162813,0.038451944,0.042053977,0.0523254429999999,317330
67,덕우전자,0.014132127,0.016151532,0.036245234,0.021329862,263600
68,데이타솔루션,0.337562562,0.035736424,0.03051144,0.012904534,263800
69,덱스터,0.483062022,0.08276489,0.030805811,0.088045233,206560
70,덴티움,0.041690083,0.015514767,0.010210436,0.015716615,145720
71,동구바이오제약,0.729418218,0.09854329,0.0574419269999999,0.022768465,6620
72,동양파일,0.063094556,0.018862343,0.018076725,0.048075077,228340
73,동양피스톤,0.064859564,0.026937836,0.014540736,0.013519726,92780
74,동운아나텍,0.140227023,0.06952027,0.06139228,0.03911308,94170
75,동일제강,0.036857794,0.01561099,0.007882068,0.006337744,2690
76,두산밥캣,0.099813115,0.022105271,0.024121609,0.021117339,241560
77,두올,0.072305809,0.035525723,0.014316599,0.011789826,16740
78,드림씨아이에스,0.482257198,0.054691087,0.018681408,0.146158315,223250
79,드림텍,0.0933602,0.032425715,0.008662967,0.016690476,192650
80,디바이스이엔지,0.062894141,0.046918994,0.048679493,0.038179733,187870
81,디아이티,0.069588842,0.024264851,0.030555081,0.011257309,110990
82,디알젬,0.043840814,0.139201034,0.155879899,0.048650663,263690
83,디앤씨미디어,0.184311565,0.026241132,0.022444665,0.017166159,263720
84,디어유,0.670681178,0.0589218379999999,0.047582476,0.0519046429999999,376300
85,디자인,0.2386076209999999,0.052968746,0.039879845,0.069108733,227100
86,디케이앤디,0.050631235,0.01602083,0.032298344,0.039223424,263020
87,디케이티,0.225292366,0.111437292,0.048204792,0.035525808,290550
88,디티앤씨알오,0.084638602,0.018746066,0.026669121,0.018848554,383930
89,딥노이드,0.116252247,0.10077655,0.038504675,0.026555357,315640
90,라닉스,0.166957923,0.103040201,0.046397284,0.048869551,317120
91,라온피플,0.078498885,0.086616136,0.019559652,0.048966243,300120
92,라이프시맨틱스,0.201748705,0.038573657,0.023707024,0.019080697,347700
93,라파스,0.049900852,0.0285533359999999,0.038082568,0.063396514,214260
94,레몬,0.230206559,0.142828411,0.068683601,0.080376259,294140
95,레이,0.136639405,0.029572994,0.041498771,0.040507999,228670
96,레이언스,0.040419711,0.018508701,0.019836658,0.040527707,228850
97,레이저쎌,0.0537777559999999,0.094342286,0.033796198,0.037062609,412350
98,레인보우로보틱스,0.707546608,0.06335369,0.0282826799999999,0.03570675,277810
99,로고스바이오,0.091492404,0.059549878,0.026639294,0.050405039,238120
100,로보티즈,0.189007526,0.049850958,0.044879873,0.017643072,108490
101,로스웰,0.033996367,0.023159555,0.033828982,0.028229152,900260
102,로지시스,0.517254718,0.03006172,0.057986611,0.166022718,67730
103,롯데렌탈,0.04923253,0.009004055,0.018604919,0.014497689,89860
104,롯데정보통신,0.02545718,0.014296258,0.017246246,0.041446327,286940
105,루닛,0.159049756,0.084901578,0.01817545,0.01824837,328130
106,리파인,0.148695437,0.028583474,0.035613789,0.084746723,377450
107,린드먼아시아,0.739025006,0.060115655,0.035139052,0.035356923,277070
108,마녀공장,0.71873864,0.068762548,0.025316437,0.014493792,439090
109,마니커에프앤지,0.341673294,0.056618301,0.025483132,0.128093571,195500
110,마이크로디지탈,0.336896613,0.038285271,0.033558799,0.062368486,305090
111,마이크로투나노,0.156986805,0.04032162,0.020255863,0.074106592,424980
112,마이크로프랜드,0.124062492,0.048545103,0.026454433,0.06510705,147760
113,마인즈랩,0.149559453,0.0531912399999999,0.014154964,0.034439614,377480
114,마크로밀엠브레인,0.652208481,0.043593497,0.0264373409999999,0.024085265,169330
115,맥스트,0.676637475,0.138286756,0.057684634,0.049096975,377030
116,머큐리,0.152847417,0.143405132,0.040250255,0.0521046349999999,100590
117,메가엠디,0.118522719,0.040266574,0.04118728,0.049327041,133750
118,메드팩토,0.071451998,0.074344031,0.043404228,0.031523436,235980
119,메카로,0.082022296,0.037667599,0.026636873,0.034302084,241770
120,메탈라이프,0.739404383,0.061404373,0.033639753,0.028753817,327260
121,멕아이씨에스,0.211247966,0.036942022,0.121141929,0.173648884,58110
122,명성티엔에스,0.234599663,0.033293498,0.058482031,0.060281357,257370
123,명신산업,0.71422682,0.153646357,0.16172975,0.060059121,9900
124,모니터랩,0.209984714,0.024684509,0.032221685,0.033054848,434480
125,모델솔루션,0.112091026,0.036372352,0.036228552,0.031730663,417970
126,모바일어플라이언스,0.303569243,0.062066964,0.125137936,0.042149057,87260
127,모비릭스,0.744683699,0.085901211,0.029969117,0.023848228,348030
128,모아데이타,0.090594012,0.021386281,0.006067125,0.017489625,288980
129,모트렉스,0.062358135,0.042332175,0.010685177,0.020903708,118990
130,미래반도체,0.694383797,0.025824833,0.036600137,0.017395775,254490
131,미래테크놀로지,0.068351116,0.028642137,0.039324509,0.027757972,213090
132,미투온,0.125146914,0.144780568,0.072514433,0.165811302,201490
133,민앤지,0.27840771,0.039104245,0.030886615,0.0538046,214180
134,바이브컴퍼니,0.076009427,0.163771054,0.069679933,0.050276585,301300
135,바이오노트,0.102111199,0.024616356,0.012770474,0.019105889,377740
136,바이오다인,0.188610074,0.052873746,0.037372209,0.037429267,314930
137,바이오솔루션,0.034410275,0.044060776,0.069583022,0.065598819,86820
138,바이오에프디엔씨,0.145827971,0.044341031,0.010537315,0.023515782,251120
139,바이오인프라,0.19567763,0.051332904,0.029591502,0.038984138,199730
140,바이오플러스,0.045978473,0.049819253,0.039277411,0.02436282,99430
141,바이젠셀,0.068253227,0.055525733,0.0293457489999999,0.01971015,308080
142,박셀바이오,0.177717,0.02460061,0.041926758,0.077847081,323990
143,배럴,0.227001183,0.067347324,0.02678087,0.028020671,267790
144,범한퓨얼셀,0.148050015,0.03043268,0.049381201,0.030996806,382900
145,베스파,0.062727546,0.036963969,0.023206508,0.037942496,299910
146,보광산업,0.292272387,0.065363652,0.139048438,0.06173154,225530
147,보라티알,0.1101165749999999,0.021409064,0.021232334,0.013460795,250000
148,보로노이,0.202791166,0.080227975,0.11859809,0.024080449,310210
149,뷰노,0.251116632,0.055714226,0.044238072,0.035734115,338220
150,브랜드엑스코퍼레이션,0.053756609,0.031945704,0.034386872,0.042745058,337930
151,브레인즈컴퍼니,0.744782023,0.036600232,0.027899498,0.024308373,99390
152,브릿지바이오,0.0609880149999999,0.034050727,0.034660453,0.031778735,288330
153,브이씨,0.047605514,0.029075626,0.030668355,0.035415011,365900
154,브이원텍,0.124158093,0.060519518,0.040875457,0.035565615,251630
155,비비씨,0.121003954,0.006604771,0.024453793,0.011973429,318410
156,비씨엔씨,0.344488814,0.035673618,0.0262622729999999,0.0136282789999999,146320
157,비즈니스온,0.27212336,0.079494635,0.017782801,0.029647513,138580
158,비트나인,0.13783928,0.088436152,0.088023537,0.055796837,357880
159,비피도,0.483750078,0.034970387,0.0273370989999999,0.012299797,238200
160,빅히트,0.4522174289999999,0.051578998,0.0561533349999999,0.049427189,352820
161,산돌,0.069616104,0.016447279,0.015421641,0.026145038,419120
162,삼기이브이,0.659707031,0.018883538,0.027549374,0.070720202,419050
163,삼성바이오로직스,0.067101416,0.016928142,0.038345952,0.037980456,207940
164,삼양옵틱스,0.020408136,0.025649717,0.033184379,0.024569758,225190
165,삼양패키징,0.028503631,0.037127658,0.0280765029999999,0.005477226,272550
166,삼영에스앤씨,0.780604917,0.007979787,0.014841395,0.016115738,361670
167,상신전자,0.303229011,0.069996236,0.060338818,0.043671696,263810
168,새빗켐,0.4723347249999999,0.054151805,0.053986183,0.09701153,107600
169,샌즈랩,0.644338343,0.0300161289999999,0.055145761,0.035090911,411080
170,샘씨엔에스,0.182525738,0.019433939,0.017919542,0.027208455,252990
171,샘코,0.026313058,0.026330173,0.017333638,0.024089105,263540
172,샤페론,0.361159157,0.045765817,0.012887319,0.049517855,378800
173,서남,0.277978609,0.034278083,0.044665165,0.044451243,294630
174,서울바이오시스,0.2395517329999999,0.0626674,0.096806988,0.138800043,92190
175,서진시스템,0.238775036,0.033488759,0.036013928,0.026283968,178320
176,서플러스글로벌,0.158717888,0.039324611,0.016780256,0.031247288,140070
177,석경에이티,0.683715802,0.050168247,0.060312727,0.026703502,357550
178,선익시스템,0.086046633,0.033380189,0.023322135,0.060409122,171090
179,선진뷰티사이언스,0.740673162,0.079072859,0.020558526,0.036677268,86710
180,성일하이텍,0.338947463,0.038001618,0.0253134749999999,0.08961472,365340
181,세경하이테크,0.0558270099999999,0.0509522519999999,0.066249717,0.02635204,148150
182,세미콘라이트,0.198380266,0.078317284,0.025942378,0.033964938,214310
183,세아메카닉스,0.330720022,0.0277518829999999,0.034597355,0.024401701,396300
184,세종메디칼,0.463331356,0.063341085,0.062555032,0.038903625,258830
185,세진중공업,0.069413493,0.036319857,0.0155961529999999,0.021088931,75580
186,세틀뱅크,0.074795769,0.054527681,0.046882971,0.037094204,234340
187,세화아이엠씨,0.030103106,0.041799821,0.004744154,0.0149429919999999,145210
188,센코,0.145397895,0.149802413,0.075739666,0.083471864,347000
189,센트랄모텍,0.273514597,0.095474358,0.096941699,0.057137842,308170
190,셀레믹스,0.187560915,0.057371744,0.0291368839999999,0.027969322,331920
191,셀리드,0.260793842,0.035870698,0.030314386,0.093859006,299660
192,셀리버리,0.096198753,0.021131067,0.059342329,0.04734255,268600
193,셀트리온헬스케어,0.099864218,0.017510083,0.027601902,0.0066509399999999,91990
194,소룩스,0.733839085,0.12016212,0.013728547,0.02314865,290690
195,솔루엠,0.335462616,0.0605378969999999,0.011963403,0.045900468,248070
196,솔트룩스,0.19506047,0.02170675,0.068129157,0.047723233,304100
197,수산아이앤티,0.201308241,0.057060126,0.032313109,0.044593688,50960
198,수산인더스트리,0.040939871,0.031395621,0.034744064,0.041102883,126720
199,슈프리마아이디,0.149596798,0.021265512,0.080742975,0.040546023,317770
200,스코넥,0.39629208,0.10554517,0.0563320339999999,0.029274357,276040
201,스톤브릿지벤처스,0.151597962,0.101501739,0.013833582,0.037298365,330730
202,스튜디오드래곤,0.483851876,0.021389717,0.033946178,0.047254979,253450
203,스튜디오미르,0.72009184,0.034685155,0.062232291,0.03657763,408900
204,시스웍,0.183885908,0.0063273219999999,0.034540599,0.032870701,269620
205,신도기연,0.193313282,0.073216344,0.0149538289999999,0.012816708,290520
206,신라젠,0.07546584,0.071140249,0.027127329,0.021572946,215600
207,신신제약,0.367516193,0.035179639,0.089020318,0.143706186,2800
208,신테카바이오,0.201207537,0.059135336,0.068102606,0.049939844,226330
209,신흥에스이씨,0.137869025,0.024406085,0.044067868,0.038147503,243840
210,실리콘투,0.068174724,0.037135522,0.048584432,0.027205202,257720
211,싸이맥스,0.059774267,0.048930103,0.045387972,0.051969145,160980
212,싸이버원,0.566338174,0.078959781,0.04807543,0.018935496,356890
213,싸이토젠,0.059195211,0.026174071,0.03722616,0.040493172,217330
214,쏘카,0.032736952,0.033122757,0.0390873,0.02369004,403550
215,씨앤씨인터내셔널,0.056444991,0.058986549,0.063036838,0.033930709,352480
216,씨앤지하이테크,0.083818059,0.021655669,0.024043357,0.036712777,264660
217,씨앤투스성진,0.056242128,0.040724108,0.033583225,0.025863004,352700
218,씨에스베어링,0.068457563,0.036456851,0.0149439949999999,0.013359154,297090
219,씨엠에스에듀,0.053488709,0.021558223,0.005138871,0.02386577,225330
220,씨유박스,0.158640458,0.030525842,0.034416813,0.0290975429999999,340810
221,씨유테크,0.186838179,0.03065637,0.0151788339999999,0.00947407,376290
222,씨트리,0.4051943639999999,0.039241343,0.070208283,0.035818892,47920
223,씨티케이코스메틱스,0.117885885,0.024008478,0.034891876,0.035198338,260930
224,아모그린텍,0.092069794,0.039085931,0.013100267,0.032593174,125210
225,아모센스,0.169551402,0.022679109,0.021960009,0.060451237,357580
226,아셈스,0.318853862,0.086292219,0.17840854,0.024599228,136410
227,아스타,0.280710584,0.025852988,0.034694337,0.123457308,246720
228,아스플로,0.083983778,0.047915624,0.024628987,0.0128921289999999,159010
229,아시아경제,0.073173615,0.159367679,0.076170578,0.032426964,127710
230,아시아나IDT,0.074117791,0.040874038,0.034510795,0.03594308,267850
231,아우딘퓨쳐스,0.044620713,0.0740737,0.014479814,0.037736256,227610
232,아이디피,0.138963851,0.01936032,0.013999393,0.012424975,332370
233,아이스크림에듀,0.124707967,0.050634889,0.054234187,0.041321121,289010
234,아이쓰리시스템,0.301545325,0.026721022,0.03676089,0.08304795,214430
235,아이씨에이치,0.087533394,0.018824001,0.0293259779999999,0.014829127,368600
236,아이엠텍,0.315714749,0.057415695,0.093583081,0.04848739,226350
237,아이콘트롤스,0.026978288,0.019042899,0.033385221,0.010273996,39570
238,아이퀘스트,0.363214293,0.013624537,0.030374529,0.036898469,262840
239,아이큐어,0.036908427,0.1066094649999999,0.082479555,0.021561192,175250
240,아이티아이즈,0.2072067249999999,0.153013029,0.056517767,0.039528698,372800
241,아이티엠반도체,0.141403296,0.045157912,0.050628925,0.018320262,84850
242,아이패밀리에스씨,0.044890456,0.047151331,0.029589779,0.01622914,114840
243,아주스틸,0.556741895,0.01875332,0.033681701,0.026634996,139990
244,아진산업,0.025243554,0.027493945,0.021042148,0.048929061,13310
245,아톤,0.045188417,0.027284703,0.039626973,0.047109903,158430
246,안트로젠,0.303444929,0.022697797,0.150287368,0.027501364,65660
247,알리코제약,0.449631212,0.065565105,0.043613301,0.019653549,260660
248,알비더블유,0.37581656,0.07386598,0.037391536,0.00704961,361570
249,알에스오토메이션,0.716054057,0.031612134,0.059346129,0.0260139389999999,140670
250,알체라,0.669048614,0.025850783,0.045130887,0.043274219,347860
251,알피바이오,0.204328138,0.064879635,0.051618892,0.037432539,314140
252,압타머사이언스,0.081767812,0.023141564,0.029583391,0.011960644,291650
253,압타바이오,0.157437394,0.026571507,0.065262646,0.029817663,293780
254,애경산업,0.090681459,0.057237156,0.039608863,0.026314768,18250
255,애니젠,0.216781937,0.034083544,0.032495153,0.030863117,196300
256,액트로,0.045547195,0.021814743,0.041271576,0.016367743,290740
257,앤디포스,0.039931404,0.039808944,0.069157704,0.043219463,238090
258,앱코,0.087647778,0.042508858,0.029603091,0.03797798,129890
259,앱클론,0.718398742,0.05696721,0.148675267,0.050311013,174900
260,야스,0.0970811,0.055598939,0.042964113,0.020851067,255440
261,에스디바이오센서,0.090133595,0.0295363,0.023507084,0.041618469,137310
262,에스디생명공학,0.034830059,0.041626878,0.038290834,0.012155164,217480
263,에스바이오메딕스,0.037175368,0.028198316,0.016488632,0.048182497,304360
264,에스비비테크,0.680395821,0.047430085,0.020299828,0.030463306,389500
265,에스씨엠생명과학,0.520891177,0.031703833,0.04403527,0.0509297259999999,298060
266,에스에스알,0.714269727,0.047190709,0.030907491,0.0258184619999999,275630
267,에스엔텍,0.491821326,0.0514822009999999,0.035100256,0.029448548,160600
268,에스엔피월드,0.04335357,0.041132384,0.039491455,0.026337673,263920
269,에스와이패널,0.136632456,0.074883576,0.101740036,0.050847714,109610
270,에스제이그룹,0.099725739,0.050136145,0.041252236,0.0519165479999999,306040
271,에스케이디앤디,0.72226974,0.047100053,0.04629905,0.041335735,210980
272,에스케이바이오팜,0.660142088,0.024717848,0.027060081,0.01419197,326030
273,에스트래픽,0.239412802,0.034407267,0.030240453,0.014548539,234300
274,에스티팜,0.319013421,0.036211835,0.039853946,0.01619114,237690
275,에스퓨얼셀,0.492602708,0.037059641,0.069793173,0.038562832,288620
276,에스피시스템스,0.760569736,0.07461329,0.072863825,0.083038774,317830
277,에어부산,0.207416026,0.023288345,0.032685425,0.01848851,298690
278,에이디엠코리아,0.744374655,0.037887927,0.020226913,0.037502493,187660
279,에이비엘바이오,0.159945094,0.090529509,0.022007385,0.050965449,298380
280,에이스토리,0.125623803,0.046609784,0.082870079,0.056692213,241840
281,에이에프더블류,0.033766729,0.058642067,0.037007391,0.029252128,312610
282,에이치시티,0.149860392,0.067956258,0.042657614,0.111957751,72990
283,에이치엔티,0.053748237,0.037836319,0.036522007,0.046217616,176440
284,에이치엘사이언스,0.240206853,0.179451428,0.104130433,0.028956295,239610
285,에이치와이티씨,0.107119153,0.027864314,0.045308553,0.015106058,148930
286,에이치피오,0.120757617,0.03355871,0.037142321,0.0085943,357230
287,에이티젠,0.255413537,0.090133806,0.093398812,0.032928756,182400
288,에이프로,0.748665942,0.024842464,0.026957058,0.031732507,262260
289,에이프릴바이오,0.173755855,0.056094233,0.032528803,0.081489061,397030
290,에이플러스에셋,0.047739292,0.019428664,0.0587401309999999,0.00494803,244920
291,에이피티씨,0.047601523,0.018150675,0.019136797,0.01738485,89970
292,에치디프로,0.014109855,0.027916626,0.011825735,0.022024032,214870
293,에코마이스터,0.08453462,0.043040876,0.112991208,0.033609641,64510
294,에코마케팅,0.182481169,0.028019422,0.032397994,0.052788285,230360
295,에코캡,0.164323407,0.036040228,0.0528859809999999,0.033059144,128540
296,에코프로비엠,0.136482574,0.036751707,0.04897629,0.0561471549999999,247540
297,에프엔에스테크,0.142659777,0.032943968,0.023969877,0.015330916,83500
298,엔바이오니아,0.2449947309999999,0.045641954,0.029250846,0.024667144,317870
299,엔비티,0.4287737779999999,0.066892541,0.051507912,0.053072243,236810
300,엔시스,0.304366982,0.025134896,0.018682933,0.013209277,333620
301,엔에스쇼핑,0.070664538,0.027059508,0.033764005,0.02647089,138250
302,엔에프씨,0.135925502,0.027321109,0.026682728,0.044531899,265740
303,엔젠바이오,0.368721917,0.076634509,0.094608599,0.04646065,354200
304,엔젯,0.141890334,0.032775982,0.044305733,0.045151689,419080
305,엔지스테크널러지,0.636125675,0.062249763,0.044228871,0.043226323,208860
306,엔켐,0.395484466,0.080174135,0.05124659,0.062470217,348370
307,엔피디,0.164839795,0.087320318,0.0512029,0.048895777,198080
308,엘비루셈,0.04799925,0.01016184,0.00742415,0.021900982,376190
309,엘앤씨바이오,0.067897364,0.029151021,0.036146411,0.043341112,290650
310,엘에스전선 아시아,0.104501325,0.022519836,0.02397947,0.008531881,229640
311,엘이티,0.729677679,0.102594089,0.039640106,0.049860876,297890
312,엠아이텍,0.062641536,0.047385472,0.020089674,0.045403546,179290
313,엠코르셋,0.094005495,0.109618735,0.02392599,0.043072009,204020
314,엠투아이,0.030499295,0.033176151,0.026432556,0.053515185,347890
315,엠플러스,0.143550141,0.0503259579999999,0.02658067,0.034604812,259630
316,연우,0.2210495149999999,0.060808938,0.03352936,0.022768136,115960
317,영림원소프트랩,0.098869839,0.053021241,0.144984258,0.051165447,60850
318,영창케미칼,0.091417301,0.033444701,0.025071438,0.019854798,112290
319,영화테크,0.759683702,0.083879872,0.014030966,0.043150052,265560
320,오가닉티코스메틱,0.197885047,0.02773761,0.115198451,0.063984865,900300
321,오로스테크놀로지,0.740840961,0.063891212,0.026983754,0.070549614,322310
322,오브젠,0.691083174,0.104674844,0.045362947,0.092425024,417860
323,오비고,0.220863736,0.139095518,0.115478188,0.037947424,352910
324,오션브릿지,0.0435519,0.045647749,0.075497384,0.0523211529999999,241790
325,오에스피,0.116602071,0.011910709,0.027229818,0.030395312,368970
326,오토앤,0.471122705,0.081936396,0.064059215,0.126375089,353590
327,오픈엣지테크놀로지,0.166861305,0.163529829,0.046565169,0.072060995,394280
328,올리패스,0.141272404,0.048624757,0.150074425,0.0301283419999999,244460
329,올릭스,0.388231777,0.035604536,0.015743729,0.073619474,226950
330,옵티팜,0.091419489,0.050690038,0.043400864,0.048571463,153710
331,와이더플래닛,0.155411879,0.096191538,0.065313804,0.040784102,321820
332,와이엠텍,0.531253012,0.039030027,0.038029423,0.063474838,273640
333,와이엠티,0.209608571,0.0257310509999999,0.018778765,0.0573597159999999,251370
334,와이팜,0.344879801,0.1152237739999999,0.053570356,0.020821503,332570
335,용평리조트,0.322376524,0.035944582,0.034058773,0.040783489,70960
336,우리손에프앤지,0.156713631,0.030771692,0.017601619,0.023648573,73560
337,우양,0.069265417,0.034386233,0.032686572,0.02378283,103840
338,우진아이엔에스,0.174818314,0.047556409,0.1062691019999999,0.028190158,10400
339,원방테크,0.085088936,0.040772515,0.023243343,0.028637475,53080
340,원준,0.164560253,0.144119631,0.04615032,0.031332858,382840
341,원티드랩,0.750029254,0.163243692,0.07600077,0.027816308,376980
342,웹스,0.0547583599999999,0.022074012,0.052012162,0.039830805,196700
343,웹케시,0.076163233,0.023937899,0.028069254,0.043295981,53580
344,위니아에이드,0.155942768,0.039240311,0.045170488,0.027702022,377460
345,위더스제약,0.557018786,0.053622271,0.018923319,0.040159395,330350
346,위드텍,0.25697196,0.076718055,0.032118095,0.064905832,348350
347,위지윅스튜디오,0.068808379,0.114865312,0.046247843,0.054453531,299900
348,윌링스,0.670192328,0.075714378,0.045972959,0.036955419,313760
349,유니테크노,0.056397677,0.015945626,0.018856643,0.019150901,241690
350,유니트론텍,0.385382946,0.049108329,0.041300605,0.046974536,142210
351,유바이오로직스,0.133536014,0.044124517,0.023175202,0.028318669,206650
352,유앤아이,0.079735137,0.049200234,0.028949836,0.014392116,56090
353,유일로보틱스,0.718225318,0.060614709,0.016653318,0.023773872,388720
354,유일에너테크,0.547146068,0.048381474,0.017030326,0.038637844,340930
355,유지인트,0.297810297,0.026679262,0.037988709,0.059194451,195990
356,유테크,0.070156554,0.022191958,0.035538542,0.046536083,178780
357,유티아이,0.111987423,0.031565757,0.039985335,0.022135085,179900
358,유틸렉스,0.252735009,0.082369035,0.045529639,0.056934041,263050
359,육일씨엔에쓰,0.089890533,0.122753929,0.042418475,0.063307859,191410
360,윤성에프앤씨,0.11453255,0.0558692039999999,0.035454097,0.030973537,372170
361,이노뎁,0.022679991,0.020107884,0.011050882,0.020846391,303530
362,이노룰스,0.166143877,0.048376782,0.043830184,0.02780428,296640
363,이노메트리,0.092478684,0.116660567,0.0302568999999999,0.0500375159999999,302430
364,이노션,0.052687143,0.017095847,0.037755834,0.019163637,214320
365,이노테라피,0.0547742909999999,0.046789796,0.009871575,0.028074401,246960
366,이더블유케이,0.637401292,0.031797437,0.025007139,0.024167602,258610
367,이루다,0.447193791,0.070667355,0.027338855,0.031778719,164060
368,이삭엔지니어링,0.595328483,0.087055339,0.021863966,0.018462882,351330
369,이에스브이,0.184836084,0.073158233,0.069427574,0.085629714,223310
370,이오플로우,0.03604432,0.067129316,0.077338005,0.091518588,294090
371,이즈미디어,0.134418351,0.043611352,0.074566635,0.039874152,181340
372,이지케어텍,0.733702374,0.021984426,0.044349239,0.02317915,99750
373,이지트로닉스,0.113766177,0.059898765,0.055795591,0.153194461,377330
374,인바이오,0.451477648,0.130856972,0.038797461,0.0555770639999999,352940
375,인벤티지랩,0.12173198,0.044565009,0.042334738,0.0596255989999999,389470
376,인크로스,0.107576796,0.079668419,0.020771543,0.034333147,216050
377,인텔리안테크,0.085277594,0.011421121,0.032228745,0.061766269,189300
378,인포마크,0.199997562,0.019478578,0.037623663,0.04312003,175140
379,일진하이솔루스,0.720246577,0.050239656,0.019824278,0.032880268,271940
380,잇츠스킨,0.068469979,0.050404087,0.041686173,0.029469781,226320
381,자람테크놀로지,0.456219122,0.065700708,0.13488368,0.09883637,389020
382,자이글,0.103358807,0.021618349,0.051539519,0.049299422,234920
383,자이언트스텝,0.705776723,0.15969557,0.080059965,0.020283417,289220
384,자이에스앤디,0.086838338,0.018496351,0.019135386,0.007896328,317400
385,장원테크,0.0283128949999999,0.011616497,0.023912277,0.041045365,174880
386,저스템,0.11324768,0.022466686,0.016849718,0.034789725,417840
387,전진바이오팜,0.176684315,0.048598837,0.019209763,0.036657837,110020
388,제너셈,0.026879676,0.016520805,0.010598679,0.137647968,217190
389,제노레이,0.306248956,0.040632352,0.039179421,0.066916642,122310
390,제노코,0.589660525,0.0595394829999999,0.041225077,0.028191187,361390
391,제노포커스,0.560245372,0.1178469219999999,0.08116745,0.131772937,187420
392,제이아이테크,0.112675694,0.034150944,0.025176676,0.022285803,417500
393,제이앤티씨,0.068891894,0.049989119,0.179438229,0.1140120389999999,204270
394,제이에스코퍼레이션,0.293141104,0.0501719339999999,0.020446833,0.029753353,194370
395,제이엘케이인스펙션,0.020683157,0.018195247,0.042386106,0.041018569,322510
396,제이오,0.298204717,0.055857435,0.1152335149999999,0.104656424,418550
397,제일전기공업,0.323307539,0.044555864,0.02850114,0.103428115,199820
398,제일홀딩스,0.035308172,0.0153262189999999,0.01818854,0.015787495,3380
399,제주맥주,0.242289263,0.067945515,0.019517992,0.010633062,276730
400,제주항공,0.278913897,0.016254015,0.030248025,0.024120365,89590
401,제테마,0.182409602,0.038864032,0.02874079,0.036158083,216080
402,지누스,0.085934172,0.031325309,0.036315052,0.032738632,13890
403,지니너스,0.145547425,0.046994595,0.047045935,0.03283996,389030
404,지니언스,0.113061474,0.0535954099999999,0.0143120579999999,0.028725111,263860
405,지아이이노베이션,0.250181554,0.073452175,0.042883505,0.063512613,358570
406,지아이텍,0.740629011,0.0582781429999999,0.043968489,0.058581422,382480
407,지앤비에스엔지니어링,0.07674384,0.039938741,0.046888773,0.018785021,382800
408,지오엘리먼트,0.1955551,0.110420365,0.064109102,0.135777089,311320
409,지투파워,0.532419382,0.006075936,0.0282523099999999,0.027777815,388050
410,진시스템,0.06245849,0.012873345,0.0155128009999999,0.021678376,363250
411,진에어,0.056287272,0.009005942,0.021560775,0.010233865,272450
412,진영,0.347008919,0.090277644,0.02886264,0.027919312,285800
413,차백신연구소,0.098852719,0.053283797,0.034012601,0.016686671,261780
414,천랩,0.024296646,0.041274108,0.010508949,0.018979858,311690
415,천보,0.078531064,0.030142412,0.035211291,0.037546278,278280
416,청담글로벌,0.170121216,0.051520258,0.073726827,0.081000938,362320
417,체리부로,0.066019255,0.014767261,0.028434803,0.016717356,66360
418,카카오게임즈,0.721647705,0.027451448,0.067637763,0.033171177,293490
419,카카오페이,0.542955518,0.041234512,0.023247624,0.096659774,377300
420,카페24,0.2326672019999999,0.043472325,0.018447845,0.038054264,42000
421,캐리소프트,0.27492134,0.040356251,0.034399956,0.055979666,317530
422,컬러레이,0.071523632,0.038818256,0.01312909,0.016065335,900310
423,컴퍼니케이,0.572410021,0.023803781,0.046415213,0.047449078,307930
424,케어랩스,0.709576847,0.02856146,0.135332579,0.020779966,263700
425,케어젠,0.052289483,0.030204188,0.021021465,0.019367628,214370
426,케이디켐,0.096654643,0.029535606,0.032063032,0.010993089,221980
427,케이엔제이,0.174262595,0.044045579,0.028910673,0.038871043,272110
428,케이옥션,0.766668082,0.021311499,0.060308606,0.032771512,102370
429,케이카,0.053684821,0.0311543739999999,0.01591006,0.06785973,381970
430,케이티비네트워크,0.038654469,0.011744701,0.0139501609999999,0.023716071,298870
431,켄코아에어로스페이스,0.043338147,0.11348221,0.101107651,0.049007857,274090
432,코난테크놀로지,0.135670288,0.033569853,0.01784895,0.012041262,402030
433,코리아센터,0.161033,0.03274729,0.026998833,0.03936327,290510
434,코리아오토글라스,0.101676571,0.054439645,0.031777004,0.069489604,152330
435,코미코,0.30820531,0.021514809,0.042075147,0.042022292,183300
436,코스메카코리아,0.081814742,0.043036345,0.041178696,0.041757538,241710
437,코아스템,0.724681631,0.081049602,0.030716819,0.057227633,166480
438,코윈테크,0.200205527,0.062777146,0.046925739,0.02081939,282880
439,쿠콘,0.220216741,0.03976296,0.023668756,0.018931851,294570
440,퀀타매트릭스,0.086288626,0.02778989,0.054379086,0.169892275,317690
441,큐라클,0.1019987109999999,0.084566205,0.10170353,0.13698382,365270
442,큐라티스,0.2344237939999999,0.053326991,0.051257321,0.165439611,348080
443,큐리언트,0.382137373,0.0623789629999999,0.02213181,0.028866278,115180
444,큐알티,0.050574915,0.011686959,0.037909273,0.027499945,405100
445,크래프톤,0.077514599,0.040877157,0.034179263,0.041054805,259960
446,크리스에프앤씨,0.1034399,0.06857089,0.03717327,0.028454525,110790
447,크리스탈신소재,0.142979799,0.049076471,0.035546491,0.027122629,900250
448,클리노믹스,0.1681383,0.053882353,0.044072406,0.035743489,352770
449,클리오,0.062414221,0.025514741,0.032776714,0.022515039,237880
450,타이거일렉,0.127927421,0.033164409,0.016616257,0.042299173,219130
451,탑머티리얼,0.129925152,0.121330161,0.097403065,0.0522241989999999,360070
452,태웅로직스,0.16892934,0.037603231,0.012153395,0.041522849,124560
453,테이팩스,0.102625572,0.088975783,0.039854711,0.090610071,55490
454,토니모리,0.252757645,0.051191523,0.023253344,0.044730605,214420
455,트루엔,0.19935032,0.028754008,0.022828447,0.027277335,417790
456,트윔,0.4063942939999999,0.0520744849999999,0.044210496,0.034462559,290090
457,티라유텍,0.340543311,0.1016229449999999,0.010969184,0.029394591,322180
458,티로보틱스,0.073179867,0.018701471,0.048387943,0.030608904,117730
459,티쓰리,0.112976245,0.023534931,0.014851195,0.01586515,204610
460,티앤알바이오팹,0.132275149,0.049948954,0.024222201,0.037613721,246710
461,티앤엘,0.238749915,0.02247592,0.048589433,0.045206272,340570
462,티에스인베스트먼트,0.227092585,0.12348082,0.047440879,0.023371949,246690
463,티에프이,0.044690905,0.042172562,0.03599975,0.026020953,425420
464,티엘비,0.199005811,0.0552947099999999,0.132079037,0.046493365,356860
465,티움바이오,0.153714567,0.059256915,0.072449741,0.052309817,321550
466,티웨이항공,0.021115231,0.046038049,0.0150962579999999,0.002483345,91810
467,티이엠씨,0.075385741,0.137848587,0.034309284,0.050172851,425040
468,파마리서치프로덕트,0.516150932,0.093639078,0.040220679,0.041763022,214450
469,파멥신,0.047860244,0.050706084,0.036441844,0.048252907,208340
470,파워넷,0.193023737,0.047362401,0.048825424,0.003636894,37030
471,파인텍,0.339046725,0.020048017,0.049062083,0.04406839,131760
472,파크시스템스,0.058352481,0.0547731409999999,0.04727291,0.058674756,140860
473,팍스넷,0.689207024,0.03544823,0.031203317,0.0303895209999999,38160
474,팜스빌,0.0264515219999999,0.022615106,0.015906602,0.024889496,318010
475,팬젠,0.172411679,0.044691241,0.061568336,0.012845544,222110
476,펄어비스,0.051021094,0.0155088039999999,0.020265661,0.064113984,263750
477,펌텍코리아,0.106356876,0.04023102,0.0281876389999999,0.375108068,251970
478,펨트론,0.100375958,0.029720313,0.02421101,0.0273653429999999,168360
479,펩트론,0.667762877,0.096580754,0.031446192,0.066715418,87010
480,포바이포,0.735673961,0.0501195069999999,0.042856796,0.056013481,389140
481,포시에스,0.3698355,0.013118193,0.027061837,0.038237639,189690
482,포인트모바일,0.466920555,0.136429561,0.076090229,0.07578234,318020
483,푸드나무,0.210704943,0.023369638,0.033569436,0.03748529,290720
484,풍원정밀,0.200785525,0.037995039,0.033421894,0.02203774,371950
485,퓨런티어,0.50721268,0.051323172,0.04255077,0.011437351,370090
486,퓨전데이타,0.338210075,0.057143267,0.027083242,0.136822604,195440
487,프레스티지바이오로직스,0.102312282,0.131536771,0.0561756,0.036131883,334970
488,프롬바이오,0.089021363,0.057524977,0.033015027,0.028726173,377220
489,프리시젼바이오,0.736261868,0.040856738,0.076125291,0.024060278,335810
490,플라즈맵,0.048321496,0.10974264,0.018892406,0.1033436889999999,405000
491,플래티어,0.693101005,0.044277613,0.033253827,0.021320811,367000
492,플레이디,0.091710894,0.14323368,0.12919726,0.039547149,237820
493,플리토,0.13611879,0.083973002,0.039351811,0.07682827,300080
494,피씨엘,0.110832157,0.032989013,0.039841586,0.039961819,241820
495,피앤씨테크,0.019108192,0.023656458,0.023103095,0.030332293,237750
496,피엔케이,0.208971429,0.026577114,0.041925207,0.047454346,347740
497,피코그램,0.2367980639999999,0.062879544,0.0500166769999999,0.044491404,376180
498,피플바이오,0.098736077,0.144090885,0.140411121,0.109506014,304840
499,피피아이,0.17675894,0.079510201,0.02665318,0.034520747,62970
500,픽셀플러스,0.027381435,0.038684971,0.024833405,0.016265085,87600
501,핀텔,0.136207606,0.032845061,0.01691721,0.154402451,291810
502,필옵틱스,0.080774204,0.034251744,0.016571753,0.017777655,161580
503,핌스,0.056618725,0.014430107,0.017569491,0.024542616,347770
504,핑거,0.382154763,0.099450354,0.092242572,0.077778898,163730
505,하나기술,0.742103252,0.079319783,0.056259648,0.120351535,299030
506,하나머티리얼즈,0.15385655,0.053729926,0.030187531,0.042504388,166090
507,하나제약,0.146211002,0.087768747,0.045392147,0.062435687,293480
508,하이즈항공,0.042578316,0.0277298939999999,0.0257968599999999,0.038565243,221840
509,한국맥널티,0.294730428,0.141941597,0.150556943,0.065387216,222980
510,한국바이오젠,0.600249441,0.033625838,0.027232829,0.057772675,318000
511,한국유니온제약,0.055537447,0.037521754,0.0251755239999999,0.026740456,80720
512,한국파마,0.395889088,0.081206976,0.038803647,0.130253119,32300
513,한독크린텍,0.134790512,0.019388399,0.022775096,0.020617153,256150
514,한솔씨앤피,0.251846342,0.066661061,0.060271536,0.059761551,221610
515,한주라이트메탈,0.319037133,0.040640288,0.0580648949999999,0.040286201,198940
516,한컴라이프케어,0.043717582,0.021941855,0.0065412539999999,0.019615249,372910
517,한화시스템,0.059172232,0.029135889,0.02303074,0.017528063,272210
518,해성디에스,0.10499049,0.007736601,0.046711059,0.009947713,195870
519,해성티피씨,0.732894582,0.032053268,0.022048696,0.019791614,59270
520,해태제과식품,0.186173674,0.069922829,0.044939014,0.041523162,101530
521,핸즈코퍼레이션,0.107377572,0.012443753,0.007436263,0.01677513,143210
522,헝셩그룹,0.209030373,0.024083459,0.146934809,0.050313646,900270
523,현대사료,0.648363862,0.18444237,0.040115296,0.168937858,16790
524,현대에너지솔루션,0.024360686,0.050734032,0.028979821,0.036745313,322000
525,현대오토에버,0.392299864,0.038244634,0.032814219,0.023552176,307950
526,현대중공업,0.398730401,0.065465204,0.029304215,0.022545354,329180
527,호전실업,0.035015739,0.01984835,0.013004884,0.039973329,111110
528,화승엔터프라이즈,0.0265069239999999,0.038630105,0.021920151,0.020494267,241590
529,휴네시온,0.307025401,0.070693104,0.081862488,0.026759522,290270
530,휴젤,0.066709617,0.020265118,0.023936729,0.013088277,145020
531,흥국에프엔비,0.700850442,0.009626682,0.049481158,0.0449555,189980
532,힘스,0.299233867,0.033814893,0.051554272,0.020914158,238490
